scenario,n,d,M,design,seed
strong_d1_m1_n200,200,1,1,strong,932001
weak_d1_m1_n200,200,1,1,weak,932002
strong_d1_m3_n200,200,1,3,strong,932003
weak_d1_m3_n200,200,1,3,weak,932004
strong_d2_m1_n200,200,2,1,strong,932005
weak_d2_m1_n200,200,2,1,weak,932006
strong_d2_m3_n200,200,2,3,strong,932007
weak_d2_m3_n200,200,2,3,weak,932008
strong_d3_m1_n200,200,3,1,strong,932009
weak_d3_m1_n200,200,3,1,weak,932010
strong_d3_m3_n200,200,3,3,strong,932011
weak_d3_m3_n200,200,3,3,weak,932012
strong_d5_m1_n200,200,5,1,strong,932013
weak_d5_m1_n200,200,5,1,weak,932014
strong_d5_m3_n200,200,5,3,strong,932015
weak_d5_m3_n200,200,5,3,weak,932016
strong_d1_m1_n800,800,1,1,strong,932017
weak_d1_m1_n800,800,1,1,weak,932018
strong_d1_m3_n800,800,1,3,strong,932019
weak_d1_m3_n800,800,1,3,weak,932020
strong_d2_m1_n800,800,2,1,strong,932021
weak_d2_m1_n800,800,2,1,weak,932022
strong_d2_m3_n800,800,2,3,strong,932023
weak_d2_m3_n800,800,2,3,weak,932024
strong_d3_m1_n800,800,3,1,strong,932025
weak_d3_m1_n800,800,3,1,weak,932026
strong_d3_m3_n800,800,3,3,strong,932027
weak_d3_m3_n800,800,3,3,weak,932028
strong_d5_m1_n800,800,5,1,strong,932029
weak_d5_m1_n800,800,5,1,weak,932030
strong_d5_m3_n800,800,5,3,strong,932031
weak_d5_m3_n800,800,5,3,weak,932032
strong_d1_m1_n2000,2000,1,1,strong,932033
weak_d1_m1_n2000,2000,1,1,weak,932034
strong_d1_m3_n2000,2000,1,3,strong,932035
weak_d1_m3_n2000,2000,1,3,weak,932036
strong_d2_m1_n2000,2000,2,1,strong,932037
weak_d2_m1_n2000,2000,2,1,weak,932038
strong_d2_m3_n2000,2000,2,3,strong,932039
weak_d2_m3_n2000,2000,2,3,weak,932040
strong_d3_m1_n2000,2000,3,1,strong,932041
weak_d3_m1_n2000,2000,3,1,weak,932042
strong_d3_m3_n2000,2000,3,3,strong,932043
weak_d3_m3_n2000,2000,3,3,weak,932044
strong_d5_m1_n2000,2000,5,1,strong,932045
weak_d5_m1_n2000,2000,5,1,weak,932046
strong_d5_m3_n2000,2000,5,3,strong,932047
weak_d5_m3_n2000,2000,5,3,weak,932048
