task_id,scenario,original_status,original_exit_status,first,retained_last,last,retained_records,missing_replications,original_file,prefix_file,suffix_file
1,strong_d1_m3_n2000,completed,0,1,10,10,120,0,task0001_strong_d1_m3_n2000_r0001-0010.csv,,
2,weak_d1_m3_n2000,completed,0,1,10,10,120,0,task0002_weak_d1_m3_n2000_r0001-0010.csv,,
3,strong_d5_m3_n2000,completed,0,1,10,10,120,0,task0003_strong_d5_m3_n2000_r0001-0010.csv,,
4,weak_d5_m3_n2000,completed,0,1,10,10,120,0,task0004_weak_d5_m3_n2000_r0001-0010.csv,,
5,strong_d1_m1_n200,completed,0,1,1000,1000,12000,0,task0005_strong_d1_m1_n200_r0001-1000.csv,,
6,weak_d1_m1_n200,completed,0,1,1000,1000,12000,0,task0006_weak_d1_m1_n200_r0001-1000.csv,,
7,strong_d1_m3_n200,completed,0,1,1000,1000,12000,0,task0007_strong_d1_m3_n200_r0001-1000.csv,,
8,weak_d1_m3_n200,completed,0,1,1000,1000,12000,0,task0008_weak_d1_m3_n200_r0001-1000.csv,,
9,strong_d2_m1_n200,completed,0,1,1000,1000,12000,0,task0009_strong_d2_m1_n200_r0001-1000.csv,,
10,weak_d2_m1_n200,completed,0,1,1000,1000,12000,0,task0010_weak_d2_m1_n200_r0001-1000.csv,,
11,strong_d2_m3_n200,completed,0,1,1000,1000,12000,0,task0011_strong_d2_m3_n200_r0001-1000.csv,,
12,weak_d2_m3_n200,completed,0,1,1000,1000,12000,0,task0012_weak_d2_m3_n200_r0001-1000.csv,,
13,strong_d3_m1_n200,completed,0,1,1000,1000,12000,0,task0013_strong_d3_m1_n200_r0001-1000.csv,,
14,weak_d3_m1_n200,completed,0,1,1000,1000,12000,0,task0014_weak_d3_m1_n200_r0001-1000.csv,,
15,strong_d3_m3_n200,completed,0,1,1000,1000,12000,0,task0015_strong_d3_m3_n200_r0001-1000.csv,,
16,weak_d3_m3_n200,completed,0,1,1000,1000,12000,0,task0016_weak_d3_m3_n200_r0001-1000.csv,,
17,strong_d5_m1_n200,completed,0,1,1000,1000,12000,0,task0017_strong_d5_m1_n200_r0001-1000.csv,,
18,weak_d5_m1_n200,completed,0,1,1000,1000,12000,0,task0018_weak_d5_m1_n200_r0001-1000.csv,,
19,strong_d5_m3_n200,completed,0,1,1000,1000,12000,0,task0019_strong_d5_m3_n200_r0001-1000.csv,,
20,weak_d5_m3_n200,completed,0,1,1000,1000,12000,0,task0020_weak_d5_m3_n200_r0001-1000.csv,,
21,strong_d1_m1_n800,completed,0,1,250,250,3000,0,task0021_strong_d1_m1_n800_r0001-0250.csv,,
22,strong_d1_m1_n800,completed,0,251,500,500,3000,0,task0022_strong_d1_m1_n800_r0251-0500.csv,,
23,strong_d1_m1_n800,completed,0,501,750,750,3000,0,task0023_strong_d1_m1_n800_r0501-0750.csv,,
24,strong_d1_m1_n800,completed,0,751,1000,1000,3000,0,task0024_strong_d1_m1_n800_r0751-1000.csv,,
25,weak_d1_m1_n800,completed,0,1,250,250,3000,0,task0025_weak_d1_m1_n800_r0001-0250.csv,,
26,weak_d1_m1_n800,completed,0,251,500,500,3000,0,task0026_weak_d1_m1_n800_r0251-0500.csv,,
27,weak_d1_m1_n800,completed,0,501,750,750,3000,0,task0027_weak_d1_m1_n800_r0501-0750.csv,,
28,weak_d1_m1_n800,completed,0,751,1000,1000,3000,0,task0028_weak_d1_m1_n800_r0751-1000.csv,,
29,strong_d1_m3_n800,completed,0,1,250,250,3000,0,task0029_strong_d1_m3_n800_r0001-0250.csv,,
30,strong_d1_m3_n800,completed,0,251,500,500,3000,0,task0030_strong_d1_m3_n800_r0251-0500.csv,,
31,strong_d1_m3_n800,completed,0,501,750,750,3000,0,task0031_strong_d1_m3_n800_r0501-0750.csv,,
32,strong_d1_m3_n800,completed,0,751,1000,1000,3000,0,task0032_strong_d1_m3_n800_r0751-1000.csv,,
33,weak_d1_m3_n800,completed,0,1,250,250,3000,0,task0033_weak_d1_m3_n800_r0001-0250.csv,,
34,weak_d1_m3_n800,completed,0,251,500,500,3000,0,task0034_weak_d1_m3_n800_r0251-0500.csv,,
35,weak_d1_m3_n800,completed,0,501,750,750,3000,0,task0035_weak_d1_m3_n800_r0501-0750.csv,,
36,weak_d1_m3_n800,completed,0,751,1000,1000,3000,0,task0036_weak_d1_m3_n800_r0751-1000.csv,,
37,strong_d2_m1_n800,completed,0,1,250,250,3000,0,task0037_strong_d2_m1_n800_r0001-0250.csv,,
38,strong_d2_m1_n800,completed,0,251,500,500,3000,0,task0038_strong_d2_m1_n800_r0251-0500.csv,,
39,strong_d2_m1_n800,completed,0,501,750,750,3000,0,task0039_strong_d2_m1_n800_r0501-0750.csv,,
40,strong_d2_m1_n800,completed,0,751,1000,1000,3000,0,task0040_strong_d2_m1_n800_r0751-1000.csv,,
41,weak_d2_m1_n800,completed,0,1,250,250,3000,0,task0041_weak_d2_m1_n800_r0001-0250.csv,,
42,weak_d2_m1_n800,completed,0,251,500,500,3000,0,task0042_weak_d2_m1_n800_r0251-0500.csv,,
43,weak_d2_m1_n800,completed,0,501,750,750,3000,0,task0043_weak_d2_m1_n800_r0501-0750.csv,,
44,weak_d2_m1_n800,completed,0,751,1000,1000,3000,0,task0044_weak_d2_m1_n800_r0751-1000.csv,,
45,strong_d2_m3_n800,completed,0,1,250,250,3000,0,task0045_strong_d2_m3_n800_r0001-0250.csv,,
46,strong_d2_m3_n800,completed,0,251,500,500,3000,0,task0046_strong_d2_m3_n800_r0251-0500.csv,,
47,strong_d2_m3_n800,completed,0,501,750,750,3000,0,task0047_strong_d2_m3_n800_r0501-0750.csv,,
48,strong_d2_m3_n800,completed,0,751,1000,1000,3000,0,task0048_strong_d2_m3_n800_r0751-1000.csv,,
49,weak_d2_m3_n800,completed,0,1,250,250,3000,0,task0049_weak_d2_m3_n800_r0001-0250.csv,,
50,weak_d2_m3_n800,completed,0,251,500,500,3000,0,task0050_weak_d2_m3_n800_r0251-0500.csv,,
51,weak_d2_m3_n800,completed,0,501,750,750,3000,0,task0051_weak_d2_m3_n800_r0501-0750.csv,,
52,weak_d2_m3_n800,completed,0,751,1000,1000,3000,0,task0052_weak_d2_m3_n800_r0751-1000.csv,,
53,strong_d3_m1_n800,completed,0,1,250,250,3000,0,task0053_strong_d3_m1_n800_r0001-0250.csv,,
54,strong_d3_m1_n800,completed,0,251,500,500,3000,0,task0054_strong_d3_m1_n800_r0251-0500.csv,,
55,strong_d3_m1_n800,completed,0,501,750,750,3000,0,task0055_strong_d3_m1_n800_r0501-0750.csv,,
56,strong_d3_m1_n800,completed,0,751,1000,1000,3000,0,task0056_strong_d3_m1_n800_r0751-1000.csv,,
57,weak_d3_m1_n800,completed,0,1,250,250,3000,0,task0057_weak_d3_m1_n800_r0001-0250.csv,,
58,weak_d3_m1_n800,completed,0,251,500,500,3000,0,task0058_weak_d3_m1_n800_r0251-0500.csv,,
59,weak_d3_m1_n800,completed,0,501,750,750,3000,0,task0059_weak_d3_m1_n800_r0501-0750.csv,,
60,weak_d3_m1_n800,completed,0,751,1000,1000,3000,0,task0060_weak_d3_m1_n800_r0751-1000.csv,,
61,strong_d3_m3_n800,completed,0,1,250,250,3000,0,task0061_strong_d3_m3_n800_r0001-0250.csv,,
62,strong_d3_m3_n800,completed,0,251,500,500,3000,0,task0062_strong_d3_m3_n800_r0251-0500.csv,,
63,strong_d3_m3_n800,completed,0,501,750,750,3000,0,task0063_strong_d3_m3_n800_r0501-0750.csv,,
64,strong_d3_m3_n800,completed,0,751,1000,1000,3000,0,task0064_strong_d3_m3_n800_r0751-1000.csv,,
65,weak_d3_m3_n800,completed,0,1,250,250,3000,0,task0065_weak_d3_m3_n800_r0001-0250.csv,,
66,weak_d3_m3_n800,completed,0,251,500,500,3000,0,task0066_weak_d3_m3_n800_r0251-0500.csv,,
67,weak_d3_m3_n800,completed,0,501,750,750,3000,0,task0067_weak_d3_m3_n800_r0501-0750.csv,,
68,weak_d3_m3_n800,completed,0,751,1000,1000,3000,0,task0068_weak_d3_m3_n800_r0751-1000.csv,,
69,strong_d5_m1_n800,completed,0,1,250,250,3000,0,task0069_strong_d5_m1_n800_r0001-0250.csv,,
70,strong_d5_m1_n800,completed,0,251,500,500,3000,0,task0070_strong_d5_m1_n800_r0251-0500.csv,,
71,strong_d5_m1_n800,completed,0,501,750,750,3000,0,task0071_strong_d5_m1_n800_r0501-0750.csv,,
72,strong_d5_m1_n800,completed,0,751,1000,1000,3000,0,task0072_strong_d5_m1_n800_r0751-1000.csv,,
73,weak_d5_m1_n800,completed,0,1,250,250,3000,0,task0073_weak_d5_m1_n800_r0001-0250.csv,,
74,weak_d5_m1_n800,completed,0,251,500,500,3000,0,task0074_weak_d5_m1_n800_r0251-0500.csv,,
75,weak_d5_m1_n800,completed,0,501,750,750,3000,0,task0075_weak_d5_m1_n800_r0501-0750.csv,,
76,weak_d5_m1_n800,completed,0,751,1000,1000,3000,0,task0076_weak_d5_m1_n800_r0751-1000.csv,,
77,strong_d5_m3_n800,completed,0,1,250,250,3000,0,task0077_strong_d5_m3_n800_r0001-0250.csv,,
78,strong_d5_m3_n800,completed,0,251,500,500,3000,0,task0078_strong_d5_m3_n800_r0251-0500.csv,,
79,strong_d5_m3_n800,completed,0,501,750,750,3000,0,task0079_strong_d5_m3_n800_r0501-0750.csv,,
80,strong_d5_m3_n800,completed,0,751,1000,1000,3000,0,task0080_strong_d5_m3_n800_r0751-1000.csv,,
81,weak_d5_m3_n800,completed,0,1,250,250,3000,0,task0081_weak_d5_m3_n800_r0001-0250.csv,,
82,weak_d5_m3_n800,completed,0,251,500,500,3000,0,task0082_weak_d5_m3_n800_r0251-0500.csv,,
83,weak_d5_m3_n800,completed,0,501,750,750,3000,0,task0083_weak_d5_m3_n800_r0501-0750.csv,,
84,weak_d5_m3_n800,completed,0,751,1000,1000,3000,0,task0084_weak_d5_m3_n800_r0751-1000.csv,,
85,strong_d1_m1_n2000,completed,0,1,100,100,1200,0,task0085_strong_d1_m1_n2000_r0001-0100.csv,,
86,strong_d1_m1_n2000,completed,0,101,200,200,1200,0,task0086_strong_d1_m1_n2000_r0101-0200.csv,,
87,strong_d1_m1_n2000,completed,0,201,300,300,1200,0,task0087_strong_d1_m1_n2000_r0201-0300.csv,,
88,strong_d1_m1_n2000,completed,0,301,400,400,1200,0,task0088_strong_d1_m1_n2000_r0301-0400.csv,,
89,strong_d1_m1_n2000,completed,0,401,500,500,1200,0,task0089_strong_d1_m1_n2000_r0401-0500.csv,,
90,strong_d1_m1_n2000,completed,0,501,600,600,1200,0,task0090_strong_d1_m1_n2000_r0501-0600.csv,,
91,strong_d1_m1_n2000,completed,0,601,700,700,1200,0,task0091_strong_d1_m1_n2000_r0601-0700.csv,,
92,strong_d1_m1_n2000,completed,0,701,800,800,1200,0,task0092_strong_d1_m1_n2000_r0701-0800.csv,,
93,strong_d1_m1_n2000,completed,0,801,900,900,1200,0,task0093_strong_d1_m1_n2000_r0801-0900.csv,,
94,strong_d1_m1_n2000,completed,0,901,1000,1000,1200,0,task0094_strong_d1_m1_n2000_r0901-1000.csv,,
95,weak_d1_m1_n2000,completed,0,1,100,100,1200,0,task0095_weak_d1_m1_n2000_r0001-0100.csv,,
96,weak_d1_m1_n2000,completed,0,101,200,200,1200,0,task0096_weak_d1_m1_n2000_r0101-0200.csv,,
97,weak_d1_m1_n2000,completed,0,201,300,300,1200,0,task0097_weak_d1_m1_n2000_r0201-0300.csv,,
98,weak_d1_m1_n2000,completed,0,301,400,400,1200,0,task0098_weak_d1_m1_n2000_r0301-0400.csv,,
99,weak_d1_m1_n2000,completed,0,401,500,500,1200,0,task0099_weak_d1_m1_n2000_r0401-0500.csv,,
100,weak_d1_m1_n2000,completed,0,501,600,600,1200,0,task0100_weak_d1_m1_n2000_r0501-0600.csv,,
101,weak_d1_m1_n2000,completed,0,601,700,700,1200,0,task0101_weak_d1_m1_n2000_r0601-0700.csv,,
102,weak_d1_m1_n2000,completed,0,701,800,800,1200,0,task0102_weak_d1_m1_n2000_r0701-0800.csv,,
103,weak_d1_m1_n2000,completed,0,801,900,900,1200,0,task0103_weak_d1_m1_n2000_r0801-0900.csv,,
104,weak_d1_m1_n2000,completed,0,901,1000,1000,1200,0,task0104_weak_d1_m1_n2000_r0901-1000.csv,,
105,strong_d1_m3_n2000,completed,0,11,110,110,1200,0,task0105_strong_d1_m3_n2000_r0011-0110.csv,,
106,strong_d1_m3_n2000,completed,0,111,210,210,1200,0,task0106_strong_d1_m3_n2000_r0111-0210.csv,,
107,strong_d1_m3_n2000,completed,0,211,310,310,1200,0,task0107_strong_d1_m3_n2000_r0211-0310.csv,,
108,strong_d1_m3_n2000,completed,0,311,410,410,1200,0,task0108_strong_d1_m3_n2000_r0311-0410.csv,,
109,strong_d1_m3_n2000,completed,0,411,510,510,1200,0,task0109_strong_d1_m3_n2000_r0411-0510.csv,,
110,strong_d1_m3_n2000,completed,0,511,610,610,1200,0,task0110_strong_d1_m3_n2000_r0511-0610.csv,,
111,strong_d1_m3_n2000,completed,0,611,710,710,1200,0,task0111_strong_d1_m3_n2000_r0611-0710.csv,,
112,strong_d1_m3_n2000,completed,0,711,810,810,1200,0,task0112_strong_d1_m3_n2000_r0711-0810.csv,,
113,strong_d1_m3_n2000,completed,0,811,910,910,1200,0,task0113_strong_d1_m3_n2000_r0811-0910.csv,,
114,strong_d1_m3_n2000,completed,0,911,1000,1000,1080,0,task0114_strong_d1_m3_n2000_r0911-1000.csv,,
115,weak_d1_m3_n2000,completed,0,11,110,110,1200,0,task0115_weak_d1_m3_n2000_r0011-0110.csv,,
116,weak_d1_m3_n2000,completed,0,111,210,210,1200,0,task0116_weak_d1_m3_n2000_r0111-0210.csv,,
117,weak_d1_m3_n2000,completed,0,211,310,310,1200,0,task0117_weak_d1_m3_n2000_r0211-0310.csv,,
118,weak_d1_m3_n2000,completed,0,311,410,410,1200,0,task0118_weak_d1_m3_n2000_r0311-0410.csv,,
119,weak_d1_m3_n2000,completed,0,411,510,510,1200,0,task0119_weak_d1_m3_n2000_r0411-0510.csv,,
120,weak_d1_m3_n2000,completed,0,511,610,610,1200,0,task0120_weak_d1_m3_n2000_r0511-0610.csv,,
121,weak_d1_m3_n2000,completed,0,611,710,710,1200,0,task0121_weak_d1_m3_n2000_r0611-0710.csv,,
122,weak_d1_m3_n2000,completed,0,711,810,810,1200,0,task0122_weak_d1_m3_n2000_r0711-0810.csv,,
123,weak_d1_m3_n2000,completed,0,811,910,910,1200,0,task0123_weak_d1_m3_n2000_r0811-0910.csv,,
124,weak_d1_m3_n2000,completed,0,911,1000,1000,1080,0,task0124_weak_d1_m3_n2000_r0911-1000.csv,,
125,strong_d2_m1_n2000,completed,0,1,100,100,1200,0,task0125_strong_d2_m1_n2000_r0001-0100.csv,,
126,strong_d2_m1_n2000,completed,0,101,200,200,1200,0,task0126_strong_d2_m1_n2000_r0101-0200.csv,,
127,strong_d2_m1_n2000,completed,0,201,300,300,1200,0,task0127_strong_d2_m1_n2000_r0201-0300.csv,,
128,strong_d2_m1_n2000,completed,0,301,400,400,1200,0,task0128_strong_d2_m1_n2000_r0301-0400.csv,,
129,strong_d2_m1_n2000,completed,0,401,500,500,1200,0,task0129_strong_d2_m1_n2000_r0401-0500.csv,,
130,strong_d2_m1_n2000,completed,0,501,600,600,1200,0,task0130_strong_d2_m1_n2000_r0501-0600.csv,,
131,strong_d2_m1_n2000,completed,0,601,700,700,1200,0,task0131_strong_d2_m1_n2000_r0601-0700.csv,,
132,strong_d2_m1_n2000,completed,0,701,800,800,1200,0,task0132_strong_d2_m1_n2000_r0701-0800.csv,,
133,strong_d2_m1_n2000,completed,0,801,900,900,1200,0,task0133_strong_d2_m1_n2000_r0801-0900.csv,,
134,strong_d2_m1_n2000,completed,0,901,1000,1000,1200,0,task0134_strong_d2_m1_n2000_r0901-1000.csv,,
135,weak_d2_m1_n2000,completed,0,1,100,100,1200,0,task0135_weak_d2_m1_n2000_r0001-0100.csv,,
136,weak_d2_m1_n2000,completed,0,101,200,200,1200,0,task0136_weak_d2_m1_n2000_r0101-0200.csv,,
137,weak_d2_m1_n2000,completed,0,201,300,300,1200,0,task0137_weak_d2_m1_n2000_r0201-0300.csv,,
138,weak_d2_m1_n2000,completed,0,301,400,400,1200,0,task0138_weak_d2_m1_n2000_r0301-0400.csv,,
139,weak_d2_m1_n2000,completed,0,401,500,500,1200,0,task0139_weak_d2_m1_n2000_r0401-0500.csv,,
140,weak_d2_m1_n2000,completed,0,501,600,600,1200,0,task0140_weak_d2_m1_n2000_r0501-0600.csv,,
141,weak_d2_m1_n2000,completed,0,601,700,700,1200,0,task0141_weak_d2_m1_n2000_r0601-0700.csv,,
142,weak_d2_m1_n2000,completed,0,701,800,800,1200,0,task0142_weak_d2_m1_n2000_r0701-0800.csv,,
143,weak_d2_m1_n2000,completed,0,801,900,900,1200,0,task0143_weak_d2_m1_n2000_r0801-0900.csv,,
144,weak_d2_m1_n2000,completed,0,901,1000,1000,1200,0,task0144_weak_d2_m1_n2000_r0901-1000.csv,,
145,strong_d2_m3_n2000,completed,0,1,100,100,1200,0,task0145_strong_d2_m3_n2000_r0001-0100.csv,,
146,strong_d2_m3_n2000,completed,0,101,200,200,1200,0,task0146_strong_d2_m3_n2000_r0101-0200.csv,,
147,strong_d2_m3_n2000,completed,0,201,300,300,1200,0,task0147_strong_d2_m3_n2000_r0201-0300.csv,,
148,strong_d2_m3_n2000,completed,0,301,400,400,1200,0,task0148_strong_d2_m3_n2000_r0301-0400.csv,,
149,strong_d2_m3_n2000,completed,0,401,500,500,1200,0,task0149_strong_d2_m3_n2000_r0401-0500.csv,,
150,strong_d2_m3_n2000,completed,0,501,600,600,1200,0,task0150_strong_d2_m3_n2000_r0501-0600.csv,,
151,strong_d2_m3_n2000,completed,0,601,700,700,1200,0,task0151_strong_d2_m3_n2000_r0601-0700.csv,,
152,strong_d2_m3_n2000,completed,0,701,800,800,1200,0,task0152_strong_d2_m3_n2000_r0701-0800.csv,,
153,strong_d2_m3_n2000,completed,0,801,900,900,1200,0,task0153_strong_d2_m3_n2000_r0801-0900.csv,,
154,strong_d2_m3_n2000,completed,0,901,1000,1000,1200,0,task0154_strong_d2_m3_n2000_r0901-1000.csv,,
155,weak_d2_m3_n2000,completed,0,1,100,100,1200,0,task0155_weak_d2_m3_n2000_r0001-0100.csv,,
156,weak_d2_m3_n2000,completed,0,101,200,200,1200,0,task0156_weak_d2_m3_n2000_r0101-0200.csv,,
157,weak_d2_m3_n2000,completed,0,201,300,300,1200,0,task0157_weak_d2_m3_n2000_r0201-0300.csv,,
158,weak_d2_m3_n2000,completed,0,301,400,400,1200,0,task0158_weak_d2_m3_n2000_r0301-0400.csv,,
159,weak_d2_m3_n2000,completed,0,401,500,500,1200,0,task0159_weak_d2_m3_n2000_r0401-0500.csv,,
160,weak_d2_m3_n2000,completed,0,501,600,600,1200,0,task0160_weak_d2_m3_n2000_r0501-0600.csv,,
161,weak_d2_m3_n2000,completed,0,601,700,700,1200,0,task0161_weak_d2_m3_n2000_r0601-0700.csv,,
162,weak_d2_m3_n2000,completed,0,701,800,800,1200,0,task0162_weak_d2_m3_n2000_r0701-0800.csv,,
163,weak_d2_m3_n2000,completed,0,801,900,900,1200,0,task0163_weak_d2_m3_n2000_r0801-0900.csv,,
164,weak_d2_m3_n2000,completed,0,901,1000,1000,1200,0,task0164_weak_d2_m3_n2000_r0901-1000.csv,,
165,strong_d3_m1_n2000,completed,0,1,100,100,1200,0,task0165_strong_d3_m1_n2000_r0001-0100.csv,,
166,strong_d3_m1_n2000,completed,0,101,200,200,1200,0,task0166_strong_d3_m1_n2000_r0101-0200.csv,,
167,strong_d3_m1_n2000,completed,0,201,300,300,1200,0,task0167_strong_d3_m1_n2000_r0201-0300.csv,,
168,strong_d3_m1_n2000,completed,0,301,400,400,1200,0,task0168_strong_d3_m1_n2000_r0301-0400.csv,,
169,strong_d3_m1_n2000,completed,0,401,500,500,1200,0,task0169_strong_d3_m1_n2000_r0401-0500.csv,,
170,strong_d3_m1_n2000,completed,0,501,600,600,1200,0,task0170_strong_d3_m1_n2000_r0501-0600.csv,,
171,strong_d3_m1_n2000,completed,0,601,700,700,1200,0,task0171_strong_d3_m1_n2000_r0601-0700.csv,,
172,strong_d3_m1_n2000,completed,0,701,800,800,1200,0,task0172_strong_d3_m1_n2000_r0701-0800.csv,,
173,strong_d3_m1_n2000,completed,0,801,900,900,1200,0,task0173_strong_d3_m1_n2000_r0801-0900.csv,,
174,strong_d3_m1_n2000,completed,0,901,1000,1000,1200,0,task0174_strong_d3_m1_n2000_r0901-1000.csv,,
175,weak_d3_m1_n2000,completed,0,1,100,100,1200,0,task0175_weak_d3_m1_n2000_r0001-0100.csv,,
176,weak_d3_m1_n2000,completed,0,101,200,200,1200,0,task0176_weak_d3_m1_n2000_r0101-0200.csv,,
177,weak_d3_m1_n2000,completed,0,201,300,300,1200,0,task0177_weak_d3_m1_n2000_r0201-0300.csv,,
178,weak_d3_m1_n2000,completed,0,301,400,400,1200,0,task0178_weak_d3_m1_n2000_r0301-0400.csv,,
179,weak_d3_m1_n2000,completed,0,401,500,500,1200,0,task0179_weak_d3_m1_n2000_r0401-0500.csv,,
180,weak_d3_m1_n2000,completed,0,501,600,600,1200,0,task0180_weak_d3_m1_n2000_r0501-0600.csv,,
181,weak_d3_m1_n2000,completed,0,601,700,700,1200,0,task0181_weak_d3_m1_n2000_r0601-0700.csv,,
182,weak_d3_m1_n2000,completed,0,701,800,800,1200,0,task0182_weak_d3_m1_n2000_r0701-0800.csv,,
183,weak_d3_m1_n2000,completed,0,801,900,900,1200,0,task0183_weak_d3_m1_n2000_r0801-0900.csv,,
184,weak_d3_m1_n2000,completed,0,901,1000,1000,1200,0,task0184_weak_d3_m1_n2000_r0901-1000.csv,,
185,strong_d3_m3_n2000,completed,0,1,100,100,1200,0,task0185_strong_d3_m3_n2000_r0001-0100.csv,,
186,strong_d3_m3_n2000,completed,0,101,200,200,1200,0,task0186_strong_d3_m3_n2000_r0101-0200.csv,,
187,strong_d3_m3_n2000,completed,0,201,300,300,1200,0,task0187_strong_d3_m3_n2000_r0201-0300.csv,,
188,strong_d3_m3_n2000,completed,0,301,400,400,1200,0,task0188_strong_d3_m3_n2000_r0301-0400.csv,,
189,strong_d3_m3_n2000,completed,0,401,500,500,1200,0,task0189_strong_d3_m3_n2000_r0401-0500.csv,,
190,strong_d3_m3_n2000,completed,0,501,600,600,1200,0,task0190_strong_d3_m3_n2000_r0501-0600.csv,,
191,strong_d3_m3_n2000,completed,0,601,700,700,1200,0,task0191_strong_d3_m3_n2000_r0601-0700.csv,,
192,strong_d3_m3_n2000,completed,0,701,800,800,1200,0,task0192_strong_d3_m3_n2000_r0701-0800.csv,,
193,strong_d3_m3_n2000,completed,0,801,900,900,1200,0,task0193_strong_d3_m3_n2000_r0801-0900.csv,,
194,strong_d3_m3_n2000,completed,0,901,1000,1000,1200,0,task0194_strong_d3_m3_n2000_r0901-1000.csv,,
195,weak_d3_m3_n2000,completed,0,1,100,100,1200,0,task0195_weak_d3_m3_n2000_r0001-0100.csv,,
196,weak_d3_m3_n2000,completed,0,101,200,200,1200,0,task0196_weak_d3_m3_n2000_r0101-0200.csv,,
197,weak_d3_m3_n2000,completed,0,201,300,300,1200,0,task0197_weak_d3_m3_n2000_r0201-0300.csv,,
198,weak_d3_m3_n2000,completed,0,301,400,400,1200,0,task0198_weak_d3_m3_n2000_r0301-0400.csv,,
199,weak_d3_m3_n2000,completed,0,401,500,500,1200,0,task0199_weak_d3_m3_n2000_r0401-0500.csv,,
200,weak_d3_m3_n2000,completed,0,501,600,600,1200,0,task0200_weak_d3_m3_n2000_r0501-0600.csv,,
201,weak_d3_m3_n2000,completed,0,601,700,700,1200,0,task0201_weak_d3_m3_n2000_r0601-0700.csv,,
202,weak_d3_m3_n2000,completed,0,701,800,800,1200,0,task0202_weak_d3_m3_n2000_r0701-0800.csv,,
203,weak_d3_m3_n2000,completed,0,801,900,900,1200,0,task0203_weak_d3_m3_n2000_r0801-0900.csv,,
204,weak_d3_m3_n2000,completed,0,901,1000,1000,1200,0,task0204_weak_d3_m3_n2000_r0901-1000.csv,,
205,strong_d5_m1_n2000,completed,0,1,100,100,1200,0,task0205_strong_d5_m1_n2000_r0001-0100.csv,,
206,strong_d5_m1_n2000,completed,0,101,200,200,1200,0,task0206_strong_d5_m1_n2000_r0101-0200.csv,,
207,strong_d5_m1_n2000,failed,124,201,298,300,1176,2,task0207_strong_d5_m1_n2000_r0201-0300.csv,task0207_strong_d5_m1_n2000_r0201-0300.csv,task0207_r0299-0300.csv
208,strong_d5_m1_n2000,failed,124,301,395,400,1140,5,task0208_strong_d5_m1_n2000_r0301-0400.csv,task0208_strong_d5_m1_n2000_r0301-0400.csv,task0208_r0396-0400.csv
209,strong_d5_m1_n2000,failed,124,401,500,500,1200,0,task0209_strong_d5_m1_n2000_r0401-0500.csv,task0209_strong_d5_m1_n2000_r0401-0500.csv,
210,strong_d5_m1_n2000,failed,124,501,597,600,1164,3,task0210_strong_d5_m1_n2000_r0501-0600.csv,task0210_strong_d5_m1_n2000_r0501-0600.csv,task0210_r0598-0600.csv
211,strong_d5_m1_n2000,failed,124,601,699,700,1188,1,task0211_strong_d5_m1_n2000_r0601-0700.csv,task0211_strong_d5_m1_n2000_r0601-0700.csv,task0211_r0700-0700.csv
212,strong_d5_m1_n2000,failed,124,701,798,800,1176,2,task0212_strong_d5_m1_n2000_r0701-0800.csv,task0212_strong_d5_m1_n2000_r0701-0800.csv,task0212_r0799-0800.csv
213,strong_d5_m1_n2000,failed,124,801,892,900,1104,8,task0213_strong_d5_m1_n2000_r0801-0900.csv,task0213_strong_d5_m1_n2000_r0801-0900.csv,task0213_r0893-0900.csv
214,strong_d5_m1_n2000,failed,124,901,997,1000,1164,3,task0214_strong_d5_m1_n2000_r0901-1000.csv,task0214_strong_d5_m1_n2000_r0901-1000.csv,task0214_r0998-1000.csv
215,weak_d5_m1_n2000,completed,0,1,100,100,1200,0,task0215_weak_d5_m1_n2000_r0001-0100.csv,,
216,weak_d5_m1_n2000,completed,0,101,200,200,1200,0,task0216_weak_d5_m1_n2000_r0101-0200.csv,,
217,weak_d5_m1_n2000,completed,0,201,300,300,1200,0,task0217_weak_d5_m1_n2000_r0201-0300.csv,,
218,weak_d5_m1_n2000,failed,124,301,393,400,1116,7,task0218_weak_d5_m1_n2000_r0301-0400.csv,task0218_weak_d5_m1_n2000_r0301-0400.csv,task0218_r0394-0400.csv
219,weak_d5_m1_n2000,failed,124,401,494,500,1128,6,task0219_weak_d5_m1_n2000_r0401-0500.csv,task0219_weak_d5_m1_n2000_r0401-0500.csv,task0219_r0495-0500.csv
220,weak_d5_m1_n2000,failed,124,501,592,600,1104,8,task0220_weak_d5_m1_n2000_r0501-0600.csv,task0220_weak_d5_m1_n2000_r0501-0600.csv,task0220_r0593-0600.csv
221,weak_d5_m1_n2000,failed,124,601,689,700,1068,11,task0221_weak_d5_m1_n2000_r0601-0700.csv,task0221_weak_d5_m1_n2000_r0601-0700.csv,task0221_r0690-0700.csv
222,weak_d5_m1_n2000,failed,124,701,793,800,1116,7,task0222_weak_d5_m1_n2000_r0701-0800.csv,task0222_weak_d5_m1_n2000_r0701-0800.csv,task0222_r0794-0800.csv
223,weak_d5_m1_n2000,completed,0,801,900,900,1200,0,task0223_weak_d5_m1_n2000_r0801-0900.csv,,
224,weak_d5_m1_n2000,completed,0,901,1000,1000,1200,0,task0224_weak_d5_m1_n2000_r0901-1000.csv,,
225,strong_d5_m3_n2000,failed,124,11,110,110,1200,0,task0225_strong_d5_m3_n2000_r0011-0110.csv,task0225_strong_d5_m3_n2000_r0011-0110.csv,
226,strong_d5_m3_n2000,failed,124,111,206,210,1152,4,task0226_strong_d5_m3_n2000_r0111-0210.csv,task0226_strong_d5_m3_n2000_r0111-0210.csv,task0226_r0207-0210.csv
227,strong_d5_m3_n2000,failed,124,211,301,310,1092,9,task0227_strong_d5_m3_n2000_r0211-0310.csv,task0227_strong_d5_m3_n2000_r0211-0310.csv,task0227_r0302-0310.csv
228,strong_d5_m3_n2000,completed,0,311,410,410,1200,0,task0228_strong_d5_m3_n2000_r0311-0410.csv,,
229,strong_d5_m3_n2000,completed,0,411,510,510,1200,0,task0229_strong_d5_m3_n2000_r0411-0510.csv,,
230,strong_d5_m3_n2000,failed,124,511,604,610,1128,6,task0230_strong_d5_m3_n2000_r0511-0610.csv,task0230_strong_d5_m3_n2000_r0511-0610.csv,task0230_r0605-0610.csv
231,strong_d5_m3_n2000,completed,0,611,710,710,1200,0,task0231_strong_d5_m3_n2000_r0611-0710.csv,,
232,strong_d5_m3_n2000,failed,124,711,803,810,1116,7,task0232_strong_d5_m3_n2000_r0711-0810.csv,task0232_strong_d5_m3_n2000_r0711-0810.csv,task0232_r0804-0810.csv
233,strong_d5_m3_n2000,failed,124,811,907,910,1164,3,task0233_strong_d5_m3_n2000_r0811-0910.csv,task0233_strong_d5_m3_n2000_r0811-0910.csv,task0233_r0908-0910.csv
234,strong_d5_m3_n2000,completed,0,911,1000,1000,1080,0,task0234_strong_d5_m3_n2000_r0911-1000.csv,,
235,weak_d5_m3_n2000,completed,0,11,110,110,1200,0,task0235_weak_d5_m3_n2000_r0011-0110.csv,,
236,weak_d5_m3_n2000,failed,124,111,205,210,1140,5,task0236_weak_d5_m3_n2000_r0111-0210.csv,task0236_weak_d5_m3_n2000_r0111-0210.csv,task0236_r0206-0210.csv
237,weak_d5_m3_n2000,failed,124,211,299,310,1068,11,task0237_weak_d5_m3_n2000_r0211-0310.csv,task0237_weak_d5_m3_n2000_r0211-0310.csv,task0237_r0300-0310.csv
238,weak_d5_m3_n2000,failed,124,311,407,410,1164,3,task0238_weak_d5_m3_n2000_r0311-0410.csv,task0238_weak_d5_m3_n2000_r0311-0410.csv,task0238_r0408-0410.csv
239,weak_d5_m3_n2000,failed,124,411,504,510,1128,6,task0239_weak_d5_m3_n2000_r0411-0510.csv,task0239_weak_d5_m3_n2000_r0411-0510.csv,task0239_r0505-0510.csv
240,weak_d5_m3_n2000,failed,124,511,600,610,1080,10,task0240_weak_d5_m3_n2000_r0511-0610.csv,task0240_weak_d5_m3_n2000_r0511-0610.csv,task0240_r0601-0610.csv
241,weak_d5_m3_n2000,failed,124,611,700,710,1080,10,task0241_weak_d5_m3_n2000_r0611-0710.csv,task0241_weak_d5_m3_n2000_r0611-0710.csv,task0241_r0701-0710.csv
242,weak_d5_m3_n2000,failed,124,711,801,810,1092,9,task0242_weak_d5_m3_n2000_r0711-0810.csv,task0242_weak_d5_m3_n2000_r0711-0810.csv,task0242_r0802-0810.csv
243,weak_d5_m3_n2000,failed,124,811,888,910,936,22,task0243_weak_d5_m3_n2000_r0811-0910.csv,task0243_weak_d5_m3_n2000_r0811-0910.csv,task0243_r0889-0910.csv
244,weak_d5_m3_n2000,completed,0,911,1000,1000,1080,0,task0244_weak_d5_m3_n2000_r0911-1000.csv,,
