"task_id","scenario","n","d","M","design","seed","first","last","replications","requested_records","stage","result_file"
1,"strong_d1_m3_n2000",2000,1,3,"strong",932035,1,10,10,120,"timing","task0001_strong_d1_m3_n2000_r0001-0010.csv"
2,"weak_d1_m3_n2000",2000,1,3,"weak",932036,1,10,10,120,"timing","task0002_weak_d1_m3_n2000_r0001-0010.csv"
3,"strong_d5_m3_n2000",2000,5,3,"strong",932047,1,10,10,120,"timing","task0003_strong_d5_m3_n2000_r0001-0010.csv"
4,"weak_d5_m3_n2000",2000,5,3,"weak",932048,1,10,10,120,"timing","task0004_weak_d5_m3_n2000_r0001-0010.csv"
5,"strong_d1_m1_n200",200,1,1,"strong",932001,1,1000,1000,12000,"main","task0005_strong_d1_m1_n200_r0001-1000.csv"
6,"weak_d1_m1_n200",200,1,1,"weak",932002,1,1000,1000,12000,"main","task0006_weak_d1_m1_n200_r0001-1000.csv"
7,"strong_d1_m3_n200",200,1,3,"strong",932003,1,1000,1000,12000,"main","task0007_strong_d1_m3_n200_r0001-1000.csv"
8,"weak_d1_m3_n200",200,1,3,"weak",932004,1,1000,1000,12000,"main","task0008_weak_d1_m3_n200_r0001-1000.csv"
9,"strong_d2_m1_n200",200,2,1,"strong",932005,1,1000,1000,12000,"main","task0009_strong_d2_m1_n200_r0001-1000.csv"
10,"weak_d2_m1_n200",200,2,1,"weak",932006,1,1000,1000,12000,"main","task0010_weak_d2_m1_n200_r0001-1000.csv"
11,"strong_d2_m3_n200",200,2,3,"strong",932007,1,1000,1000,12000,"main","task0011_strong_d2_m3_n200_r0001-1000.csv"
12,"weak_d2_m3_n200",200,2,3,"weak",932008,1,1000,1000,12000,"main","task0012_weak_d2_m3_n200_r0001-1000.csv"
13,"strong_d3_m1_n200",200,3,1,"strong",932009,1,1000,1000,12000,"main","task0013_strong_d3_m1_n200_r0001-1000.csv"
14,"weak_d3_m1_n200",200,3,1,"weak",932010,1,1000,1000,12000,"main","task0014_weak_d3_m1_n200_r0001-1000.csv"
15,"strong_d3_m3_n200",200,3,3,"strong",932011,1,1000,1000,12000,"main","task0015_strong_d3_m3_n200_r0001-1000.csv"
16,"weak_d3_m3_n200",200,3,3,"weak",932012,1,1000,1000,12000,"main","task0016_weak_d3_m3_n200_r0001-1000.csv"
17,"strong_d5_m1_n200",200,5,1,"strong",932013,1,1000,1000,12000,"main","task0017_strong_d5_m1_n200_r0001-1000.csv"
18,"weak_d5_m1_n200",200,5,1,"weak",932014,1,1000,1000,12000,"main","task0018_weak_d5_m1_n200_r0001-1000.csv"
19,"strong_d5_m3_n200",200,5,3,"strong",932015,1,1000,1000,12000,"main","task0019_strong_d5_m3_n200_r0001-1000.csv"
20,"weak_d5_m3_n200",200,5,3,"weak",932016,1,1000,1000,12000,"main","task0020_weak_d5_m3_n200_r0001-1000.csv"
21,"strong_d1_m1_n800",800,1,1,"strong",932017,1,250,250,3000,"main","task0021_strong_d1_m1_n800_r0001-0250.csv"
22,"strong_d1_m1_n800",800,1,1,"strong",932017,251,500,250,3000,"main","task0022_strong_d1_m1_n800_r0251-0500.csv"
23,"strong_d1_m1_n800",800,1,1,"strong",932017,501,750,250,3000,"main","task0023_strong_d1_m1_n800_r0501-0750.csv"
24,"strong_d1_m1_n800",800,1,1,"strong",932017,751,1000,250,3000,"main","task0024_strong_d1_m1_n800_r0751-1000.csv"
25,"weak_d1_m1_n800",800,1,1,"weak",932018,1,250,250,3000,"main","task0025_weak_d1_m1_n800_r0001-0250.csv"
26,"weak_d1_m1_n800",800,1,1,"weak",932018,251,500,250,3000,"main","task0026_weak_d1_m1_n800_r0251-0500.csv"
27,"weak_d1_m1_n800",800,1,1,"weak",932018,501,750,250,3000,"main","task0027_weak_d1_m1_n800_r0501-0750.csv"
28,"weak_d1_m1_n800",800,1,1,"weak",932018,751,1000,250,3000,"main","task0028_weak_d1_m1_n800_r0751-1000.csv"
29,"strong_d1_m3_n800",800,1,3,"strong",932019,1,250,250,3000,"main","task0029_strong_d1_m3_n800_r0001-0250.csv"
30,"strong_d1_m3_n800",800,1,3,"strong",932019,251,500,250,3000,"main","task0030_strong_d1_m3_n800_r0251-0500.csv"
31,"strong_d1_m3_n800",800,1,3,"strong",932019,501,750,250,3000,"main","task0031_strong_d1_m3_n800_r0501-0750.csv"
32,"strong_d1_m3_n800",800,1,3,"strong",932019,751,1000,250,3000,"main","task0032_strong_d1_m3_n800_r0751-1000.csv"
33,"weak_d1_m3_n800",800,1,3,"weak",932020,1,250,250,3000,"main","task0033_weak_d1_m3_n800_r0001-0250.csv"
34,"weak_d1_m3_n800",800,1,3,"weak",932020,251,500,250,3000,"main","task0034_weak_d1_m3_n800_r0251-0500.csv"
35,"weak_d1_m3_n800",800,1,3,"weak",932020,501,750,250,3000,"main","task0035_weak_d1_m3_n800_r0501-0750.csv"
36,"weak_d1_m3_n800",800,1,3,"weak",932020,751,1000,250,3000,"main","task0036_weak_d1_m3_n800_r0751-1000.csv"
37,"strong_d2_m1_n800",800,2,1,"strong",932021,1,250,250,3000,"main","task0037_strong_d2_m1_n800_r0001-0250.csv"
38,"strong_d2_m1_n800",800,2,1,"strong",932021,251,500,250,3000,"main","task0038_strong_d2_m1_n800_r0251-0500.csv"
39,"strong_d2_m1_n800",800,2,1,"strong",932021,501,750,250,3000,"main","task0039_strong_d2_m1_n800_r0501-0750.csv"
40,"strong_d2_m1_n800",800,2,1,"strong",932021,751,1000,250,3000,"main","task0040_strong_d2_m1_n800_r0751-1000.csv"
41,"weak_d2_m1_n800",800,2,1,"weak",932022,1,250,250,3000,"main","task0041_weak_d2_m1_n800_r0001-0250.csv"
42,"weak_d2_m1_n800",800,2,1,"weak",932022,251,500,250,3000,"main","task0042_weak_d2_m1_n800_r0251-0500.csv"
43,"weak_d2_m1_n800",800,2,1,"weak",932022,501,750,250,3000,"main","task0043_weak_d2_m1_n800_r0501-0750.csv"
44,"weak_d2_m1_n800",800,2,1,"weak",932022,751,1000,250,3000,"main","task0044_weak_d2_m1_n800_r0751-1000.csv"
45,"strong_d2_m3_n800",800,2,3,"strong",932023,1,250,250,3000,"main","task0045_strong_d2_m3_n800_r0001-0250.csv"
46,"strong_d2_m3_n800",800,2,3,"strong",932023,251,500,250,3000,"main","task0046_strong_d2_m3_n800_r0251-0500.csv"
47,"strong_d2_m3_n800",800,2,3,"strong",932023,501,750,250,3000,"main","task0047_strong_d2_m3_n800_r0501-0750.csv"
48,"strong_d2_m3_n800",800,2,3,"strong",932023,751,1000,250,3000,"main","task0048_strong_d2_m3_n800_r0751-1000.csv"
49,"weak_d2_m3_n800",800,2,3,"weak",932024,1,250,250,3000,"main","task0049_weak_d2_m3_n800_r0001-0250.csv"
50,"weak_d2_m3_n800",800,2,3,"weak",932024,251,500,250,3000,"main","task0050_weak_d2_m3_n800_r0251-0500.csv"
51,"weak_d2_m3_n800",800,2,3,"weak",932024,501,750,250,3000,"main","task0051_weak_d2_m3_n800_r0501-0750.csv"
52,"weak_d2_m3_n800",800,2,3,"weak",932024,751,1000,250,3000,"main","task0052_weak_d2_m3_n800_r0751-1000.csv"
53,"strong_d3_m1_n800",800,3,1,"strong",932025,1,250,250,3000,"main","task0053_strong_d3_m1_n800_r0001-0250.csv"
54,"strong_d3_m1_n800",800,3,1,"strong",932025,251,500,250,3000,"main","task0054_strong_d3_m1_n800_r0251-0500.csv"
55,"strong_d3_m1_n800",800,3,1,"strong",932025,501,750,250,3000,"main","task0055_strong_d3_m1_n800_r0501-0750.csv"
56,"strong_d3_m1_n800",800,3,1,"strong",932025,751,1000,250,3000,"main","task0056_strong_d3_m1_n800_r0751-1000.csv"
57,"weak_d3_m1_n800",800,3,1,"weak",932026,1,250,250,3000,"main","task0057_weak_d3_m1_n800_r0001-0250.csv"
58,"weak_d3_m1_n800",800,3,1,"weak",932026,251,500,250,3000,"main","task0058_weak_d3_m1_n800_r0251-0500.csv"
59,"weak_d3_m1_n800",800,3,1,"weak",932026,501,750,250,3000,"main","task0059_weak_d3_m1_n800_r0501-0750.csv"
60,"weak_d3_m1_n800",800,3,1,"weak",932026,751,1000,250,3000,"main","task0060_weak_d3_m1_n800_r0751-1000.csv"
61,"strong_d3_m3_n800",800,3,3,"strong",932027,1,250,250,3000,"main","task0061_strong_d3_m3_n800_r0001-0250.csv"
62,"strong_d3_m3_n800",800,3,3,"strong",932027,251,500,250,3000,"main","task0062_strong_d3_m3_n800_r0251-0500.csv"
63,"strong_d3_m3_n800",800,3,3,"strong",932027,501,750,250,3000,"main","task0063_strong_d3_m3_n800_r0501-0750.csv"
64,"strong_d3_m3_n800",800,3,3,"strong",932027,751,1000,250,3000,"main","task0064_strong_d3_m3_n800_r0751-1000.csv"
65,"weak_d3_m3_n800",800,3,3,"weak",932028,1,250,250,3000,"main","task0065_weak_d3_m3_n800_r0001-0250.csv"
66,"weak_d3_m3_n800",800,3,3,"weak",932028,251,500,250,3000,"main","task0066_weak_d3_m3_n800_r0251-0500.csv"
67,"weak_d3_m3_n800",800,3,3,"weak",932028,501,750,250,3000,"main","task0067_weak_d3_m3_n800_r0501-0750.csv"
68,"weak_d3_m3_n800",800,3,3,"weak",932028,751,1000,250,3000,"main","task0068_weak_d3_m3_n800_r0751-1000.csv"
69,"strong_d5_m1_n800",800,5,1,"strong",932029,1,250,250,3000,"main","task0069_strong_d5_m1_n800_r0001-0250.csv"
70,"strong_d5_m1_n800",800,5,1,"strong",932029,251,500,250,3000,"main","task0070_strong_d5_m1_n800_r0251-0500.csv"
71,"strong_d5_m1_n800",800,5,1,"strong",932029,501,750,250,3000,"main","task0071_strong_d5_m1_n800_r0501-0750.csv"
72,"strong_d5_m1_n800",800,5,1,"strong",932029,751,1000,250,3000,"main","task0072_strong_d5_m1_n800_r0751-1000.csv"
73,"weak_d5_m1_n800",800,5,1,"weak",932030,1,250,250,3000,"main","task0073_weak_d5_m1_n800_r0001-0250.csv"
74,"weak_d5_m1_n800",800,5,1,"weak",932030,251,500,250,3000,"main","task0074_weak_d5_m1_n800_r0251-0500.csv"
75,"weak_d5_m1_n800",800,5,1,"weak",932030,501,750,250,3000,"main","task0075_weak_d5_m1_n800_r0501-0750.csv"
76,"weak_d5_m1_n800",800,5,1,"weak",932030,751,1000,250,3000,"main","task0076_weak_d5_m1_n800_r0751-1000.csv"
77,"strong_d5_m3_n800",800,5,3,"strong",932031,1,250,250,3000,"main","task0077_strong_d5_m3_n800_r0001-0250.csv"
78,"strong_d5_m3_n800",800,5,3,"strong",932031,251,500,250,3000,"main","task0078_strong_d5_m3_n800_r0251-0500.csv"
79,"strong_d5_m3_n800",800,5,3,"strong",932031,501,750,250,3000,"main","task0079_strong_d5_m3_n800_r0501-0750.csv"
80,"strong_d5_m3_n800",800,5,3,"strong",932031,751,1000,250,3000,"main","task0080_strong_d5_m3_n800_r0751-1000.csv"
81,"weak_d5_m3_n800",800,5,3,"weak",932032,1,250,250,3000,"main","task0081_weak_d5_m3_n800_r0001-0250.csv"
82,"weak_d5_m3_n800",800,5,3,"weak",932032,251,500,250,3000,"main","task0082_weak_d5_m3_n800_r0251-0500.csv"
83,"weak_d5_m3_n800",800,5,3,"weak",932032,501,750,250,3000,"main","task0083_weak_d5_m3_n800_r0501-0750.csv"
84,"weak_d5_m3_n800",800,5,3,"weak",932032,751,1000,250,3000,"main","task0084_weak_d5_m3_n800_r0751-1000.csv"
85,"strong_d1_m1_n2000",2000,1,1,"strong",932033,1,100,100,1200,"main","task0085_strong_d1_m1_n2000_r0001-0100.csv"
86,"strong_d1_m1_n2000",2000,1,1,"strong",932033,101,200,100,1200,"main","task0086_strong_d1_m1_n2000_r0101-0200.csv"
87,"strong_d1_m1_n2000",2000,1,1,"strong",932033,201,300,100,1200,"main","task0087_strong_d1_m1_n2000_r0201-0300.csv"
88,"strong_d1_m1_n2000",2000,1,1,"strong",932033,301,400,100,1200,"main","task0088_strong_d1_m1_n2000_r0301-0400.csv"
89,"strong_d1_m1_n2000",2000,1,1,"strong",932033,401,500,100,1200,"main","task0089_strong_d1_m1_n2000_r0401-0500.csv"
90,"strong_d1_m1_n2000",2000,1,1,"strong",932033,501,600,100,1200,"main","task0090_strong_d1_m1_n2000_r0501-0600.csv"
91,"strong_d1_m1_n2000",2000,1,1,"strong",932033,601,700,100,1200,"main","task0091_strong_d1_m1_n2000_r0601-0700.csv"
92,"strong_d1_m1_n2000",2000,1,1,"strong",932033,701,800,100,1200,"main","task0092_strong_d1_m1_n2000_r0701-0800.csv"
93,"strong_d1_m1_n2000",2000,1,1,"strong",932033,801,900,100,1200,"main","task0093_strong_d1_m1_n2000_r0801-0900.csv"
94,"strong_d1_m1_n2000",2000,1,1,"strong",932033,901,1000,100,1200,"main","task0094_strong_d1_m1_n2000_r0901-1000.csv"
95,"weak_d1_m1_n2000",2000,1,1,"weak",932034,1,100,100,1200,"main","task0095_weak_d1_m1_n2000_r0001-0100.csv"
96,"weak_d1_m1_n2000",2000,1,1,"weak",932034,101,200,100,1200,"main","task0096_weak_d1_m1_n2000_r0101-0200.csv"
97,"weak_d1_m1_n2000",2000,1,1,"weak",932034,201,300,100,1200,"main","task0097_weak_d1_m1_n2000_r0201-0300.csv"
98,"weak_d1_m1_n2000",2000,1,1,"weak",932034,301,400,100,1200,"main","task0098_weak_d1_m1_n2000_r0301-0400.csv"
99,"weak_d1_m1_n2000",2000,1,1,"weak",932034,401,500,100,1200,"main","task0099_weak_d1_m1_n2000_r0401-0500.csv"
100,"weak_d1_m1_n2000",2000,1,1,"weak",932034,501,600,100,1200,"main","task0100_weak_d1_m1_n2000_r0501-0600.csv"
101,"weak_d1_m1_n2000",2000,1,1,"weak",932034,601,700,100,1200,"main","task0101_weak_d1_m1_n2000_r0601-0700.csv"
102,"weak_d1_m1_n2000",2000,1,1,"weak",932034,701,800,100,1200,"main","task0102_weak_d1_m1_n2000_r0701-0800.csv"
103,"weak_d1_m1_n2000",2000,1,1,"weak",932034,801,900,100,1200,"main","task0103_weak_d1_m1_n2000_r0801-0900.csv"
104,"weak_d1_m1_n2000",2000,1,1,"weak",932034,901,1000,100,1200,"main","task0104_weak_d1_m1_n2000_r0901-1000.csv"
105,"strong_d1_m3_n2000",2000,1,3,"strong",932035,11,110,100,1200,"main","task0105_strong_d1_m3_n2000_r0011-0110.csv"
106,"strong_d1_m3_n2000",2000,1,3,"strong",932035,111,210,100,1200,"main","task0106_strong_d1_m3_n2000_r0111-0210.csv"
107,"strong_d1_m3_n2000",2000,1,3,"strong",932035,211,310,100,1200,"main","task0107_strong_d1_m3_n2000_r0211-0310.csv"
108,"strong_d1_m3_n2000",2000,1,3,"strong",932035,311,410,100,1200,"main","task0108_strong_d1_m3_n2000_r0311-0410.csv"
109,"strong_d1_m3_n2000",2000,1,3,"strong",932035,411,510,100,1200,"main","task0109_strong_d1_m3_n2000_r0411-0510.csv"
110,"strong_d1_m3_n2000",2000,1,3,"strong",932035,511,610,100,1200,"main","task0110_strong_d1_m3_n2000_r0511-0610.csv"
111,"strong_d1_m3_n2000",2000,1,3,"strong",932035,611,710,100,1200,"main","task0111_strong_d1_m3_n2000_r0611-0710.csv"
112,"strong_d1_m3_n2000",2000,1,3,"strong",932035,711,810,100,1200,"main","task0112_strong_d1_m3_n2000_r0711-0810.csv"
113,"strong_d1_m3_n2000",2000,1,3,"strong",932035,811,910,100,1200,"main","task0113_strong_d1_m3_n2000_r0811-0910.csv"
114,"strong_d1_m3_n2000",2000,1,3,"strong",932035,911,1000,90,1080,"main","task0114_strong_d1_m3_n2000_r0911-1000.csv"
115,"weak_d1_m3_n2000",2000,1,3,"weak",932036,11,110,100,1200,"main","task0115_weak_d1_m3_n2000_r0011-0110.csv"
116,"weak_d1_m3_n2000",2000,1,3,"weak",932036,111,210,100,1200,"main","task0116_weak_d1_m3_n2000_r0111-0210.csv"
117,"weak_d1_m3_n2000",2000,1,3,"weak",932036,211,310,100,1200,"main","task0117_weak_d1_m3_n2000_r0211-0310.csv"
118,"weak_d1_m3_n2000",2000,1,3,"weak",932036,311,410,100,1200,"main","task0118_weak_d1_m3_n2000_r0311-0410.csv"
119,"weak_d1_m3_n2000",2000,1,3,"weak",932036,411,510,100,1200,"main","task0119_weak_d1_m3_n2000_r0411-0510.csv"
120,"weak_d1_m3_n2000",2000,1,3,"weak",932036,511,610,100,1200,"main","task0120_weak_d1_m3_n2000_r0511-0610.csv"
121,"weak_d1_m3_n2000",2000,1,3,"weak",932036,611,710,100,1200,"main","task0121_weak_d1_m3_n2000_r0611-0710.csv"
122,"weak_d1_m3_n2000",2000,1,3,"weak",932036,711,810,100,1200,"main","task0122_weak_d1_m3_n2000_r0711-0810.csv"
123,"weak_d1_m3_n2000",2000,1,3,"weak",932036,811,910,100,1200,"main","task0123_weak_d1_m3_n2000_r0811-0910.csv"
124,"weak_d1_m3_n2000",2000,1,3,"weak",932036,911,1000,90,1080,"main","task0124_weak_d1_m3_n2000_r0911-1000.csv"
125,"strong_d2_m1_n2000",2000,2,1,"strong",932037,1,100,100,1200,"main","task0125_strong_d2_m1_n2000_r0001-0100.csv"
126,"strong_d2_m1_n2000",2000,2,1,"strong",932037,101,200,100,1200,"main","task0126_strong_d2_m1_n2000_r0101-0200.csv"
127,"strong_d2_m1_n2000",2000,2,1,"strong",932037,201,300,100,1200,"main","task0127_strong_d2_m1_n2000_r0201-0300.csv"
128,"strong_d2_m1_n2000",2000,2,1,"strong",932037,301,400,100,1200,"main","task0128_strong_d2_m1_n2000_r0301-0400.csv"
129,"strong_d2_m1_n2000",2000,2,1,"strong",932037,401,500,100,1200,"main","task0129_strong_d2_m1_n2000_r0401-0500.csv"
130,"strong_d2_m1_n2000",2000,2,1,"strong",932037,501,600,100,1200,"main","task0130_strong_d2_m1_n2000_r0501-0600.csv"
131,"strong_d2_m1_n2000",2000,2,1,"strong",932037,601,700,100,1200,"main","task0131_strong_d2_m1_n2000_r0601-0700.csv"
132,"strong_d2_m1_n2000",2000,2,1,"strong",932037,701,800,100,1200,"main","task0132_strong_d2_m1_n2000_r0701-0800.csv"
133,"strong_d2_m1_n2000",2000,2,1,"strong",932037,801,900,100,1200,"main","task0133_strong_d2_m1_n2000_r0801-0900.csv"
134,"strong_d2_m1_n2000",2000,2,1,"strong",932037,901,1000,100,1200,"main","task0134_strong_d2_m1_n2000_r0901-1000.csv"
135,"weak_d2_m1_n2000",2000,2,1,"weak",932038,1,100,100,1200,"main","task0135_weak_d2_m1_n2000_r0001-0100.csv"
136,"weak_d2_m1_n2000",2000,2,1,"weak",932038,101,200,100,1200,"main","task0136_weak_d2_m1_n2000_r0101-0200.csv"
137,"weak_d2_m1_n2000",2000,2,1,"weak",932038,201,300,100,1200,"main","task0137_weak_d2_m1_n2000_r0201-0300.csv"
138,"weak_d2_m1_n2000",2000,2,1,"weak",932038,301,400,100,1200,"main","task0138_weak_d2_m1_n2000_r0301-0400.csv"
139,"weak_d2_m1_n2000",2000,2,1,"weak",932038,401,500,100,1200,"main","task0139_weak_d2_m1_n2000_r0401-0500.csv"
140,"weak_d2_m1_n2000",2000,2,1,"weak",932038,501,600,100,1200,"main","task0140_weak_d2_m1_n2000_r0501-0600.csv"
141,"weak_d2_m1_n2000",2000,2,1,"weak",932038,601,700,100,1200,"main","task0141_weak_d2_m1_n2000_r0601-0700.csv"
142,"weak_d2_m1_n2000",2000,2,1,"weak",932038,701,800,100,1200,"main","task0142_weak_d2_m1_n2000_r0701-0800.csv"
143,"weak_d2_m1_n2000",2000,2,1,"weak",932038,801,900,100,1200,"main","task0143_weak_d2_m1_n2000_r0801-0900.csv"
144,"weak_d2_m1_n2000",2000,2,1,"weak",932038,901,1000,100,1200,"main","task0144_weak_d2_m1_n2000_r0901-1000.csv"
145,"strong_d2_m3_n2000",2000,2,3,"strong",932039,1,100,100,1200,"main","task0145_strong_d2_m3_n2000_r0001-0100.csv"
146,"strong_d2_m3_n2000",2000,2,3,"strong",932039,101,200,100,1200,"main","task0146_strong_d2_m3_n2000_r0101-0200.csv"
147,"strong_d2_m3_n2000",2000,2,3,"strong",932039,201,300,100,1200,"main","task0147_strong_d2_m3_n2000_r0201-0300.csv"
148,"strong_d2_m3_n2000",2000,2,3,"strong",932039,301,400,100,1200,"main","task0148_strong_d2_m3_n2000_r0301-0400.csv"
149,"strong_d2_m3_n2000",2000,2,3,"strong",932039,401,500,100,1200,"main","task0149_strong_d2_m3_n2000_r0401-0500.csv"
150,"strong_d2_m3_n2000",2000,2,3,"strong",932039,501,600,100,1200,"main","task0150_strong_d2_m3_n2000_r0501-0600.csv"
151,"strong_d2_m3_n2000",2000,2,3,"strong",932039,601,700,100,1200,"main","task0151_strong_d2_m3_n2000_r0601-0700.csv"
152,"strong_d2_m3_n2000",2000,2,3,"strong",932039,701,800,100,1200,"main","task0152_strong_d2_m3_n2000_r0701-0800.csv"
153,"strong_d2_m3_n2000",2000,2,3,"strong",932039,801,900,100,1200,"main","task0153_strong_d2_m3_n2000_r0801-0900.csv"
154,"strong_d2_m3_n2000",2000,2,3,"strong",932039,901,1000,100,1200,"main","task0154_strong_d2_m3_n2000_r0901-1000.csv"
155,"weak_d2_m3_n2000",2000,2,3,"weak",932040,1,100,100,1200,"main","task0155_weak_d2_m3_n2000_r0001-0100.csv"
156,"weak_d2_m3_n2000",2000,2,3,"weak",932040,101,200,100,1200,"main","task0156_weak_d2_m3_n2000_r0101-0200.csv"
157,"weak_d2_m3_n2000",2000,2,3,"weak",932040,201,300,100,1200,"main","task0157_weak_d2_m3_n2000_r0201-0300.csv"
158,"weak_d2_m3_n2000",2000,2,3,"weak",932040,301,400,100,1200,"main","task0158_weak_d2_m3_n2000_r0301-0400.csv"
159,"weak_d2_m3_n2000",2000,2,3,"weak",932040,401,500,100,1200,"main","task0159_weak_d2_m3_n2000_r0401-0500.csv"
160,"weak_d2_m3_n2000",2000,2,3,"weak",932040,501,600,100,1200,"main","task0160_weak_d2_m3_n2000_r0501-0600.csv"
161,"weak_d2_m3_n2000",2000,2,3,"weak",932040,601,700,100,1200,"main","task0161_weak_d2_m3_n2000_r0601-0700.csv"
162,"weak_d2_m3_n2000",2000,2,3,"weak",932040,701,800,100,1200,"main","task0162_weak_d2_m3_n2000_r0701-0800.csv"
163,"weak_d2_m3_n2000",2000,2,3,"weak",932040,801,900,100,1200,"main","task0163_weak_d2_m3_n2000_r0801-0900.csv"
164,"weak_d2_m3_n2000",2000,2,3,"weak",932040,901,1000,100,1200,"main","task0164_weak_d2_m3_n2000_r0901-1000.csv"
165,"strong_d3_m1_n2000",2000,3,1,"strong",932041,1,100,100,1200,"main","task0165_strong_d3_m1_n2000_r0001-0100.csv"
166,"strong_d3_m1_n2000",2000,3,1,"strong",932041,101,200,100,1200,"main","task0166_strong_d3_m1_n2000_r0101-0200.csv"
167,"strong_d3_m1_n2000",2000,3,1,"strong",932041,201,300,100,1200,"main","task0167_strong_d3_m1_n2000_r0201-0300.csv"
168,"strong_d3_m1_n2000",2000,3,1,"strong",932041,301,400,100,1200,"main","task0168_strong_d3_m1_n2000_r0301-0400.csv"
169,"strong_d3_m1_n2000",2000,3,1,"strong",932041,401,500,100,1200,"main","task0169_strong_d3_m1_n2000_r0401-0500.csv"
170,"strong_d3_m1_n2000",2000,3,1,"strong",932041,501,600,100,1200,"main","task0170_strong_d3_m1_n2000_r0501-0600.csv"
171,"strong_d3_m1_n2000",2000,3,1,"strong",932041,601,700,100,1200,"main","task0171_strong_d3_m1_n2000_r0601-0700.csv"
172,"strong_d3_m1_n2000",2000,3,1,"strong",932041,701,800,100,1200,"main","task0172_strong_d3_m1_n2000_r0701-0800.csv"
173,"strong_d3_m1_n2000",2000,3,1,"strong",932041,801,900,100,1200,"main","task0173_strong_d3_m1_n2000_r0801-0900.csv"
174,"strong_d3_m1_n2000",2000,3,1,"strong",932041,901,1000,100,1200,"main","task0174_strong_d3_m1_n2000_r0901-1000.csv"
175,"weak_d3_m1_n2000",2000,3,1,"weak",932042,1,100,100,1200,"main","task0175_weak_d3_m1_n2000_r0001-0100.csv"
176,"weak_d3_m1_n2000",2000,3,1,"weak",932042,101,200,100,1200,"main","task0176_weak_d3_m1_n2000_r0101-0200.csv"
177,"weak_d3_m1_n2000",2000,3,1,"weak",932042,201,300,100,1200,"main","task0177_weak_d3_m1_n2000_r0201-0300.csv"
178,"weak_d3_m1_n2000",2000,3,1,"weak",932042,301,400,100,1200,"main","task0178_weak_d3_m1_n2000_r0301-0400.csv"
179,"weak_d3_m1_n2000",2000,3,1,"weak",932042,401,500,100,1200,"main","task0179_weak_d3_m1_n2000_r0401-0500.csv"
180,"weak_d3_m1_n2000",2000,3,1,"weak",932042,501,600,100,1200,"main","task0180_weak_d3_m1_n2000_r0501-0600.csv"
181,"weak_d3_m1_n2000",2000,3,1,"weak",932042,601,700,100,1200,"main","task0181_weak_d3_m1_n2000_r0601-0700.csv"
182,"weak_d3_m1_n2000",2000,3,1,"weak",932042,701,800,100,1200,"main","task0182_weak_d3_m1_n2000_r0701-0800.csv"
183,"weak_d3_m1_n2000",2000,3,1,"weak",932042,801,900,100,1200,"main","task0183_weak_d3_m1_n2000_r0801-0900.csv"
184,"weak_d3_m1_n2000",2000,3,1,"weak",932042,901,1000,100,1200,"main","task0184_weak_d3_m1_n2000_r0901-1000.csv"
185,"strong_d3_m3_n2000",2000,3,3,"strong",932043,1,100,100,1200,"main","task0185_strong_d3_m3_n2000_r0001-0100.csv"
186,"strong_d3_m3_n2000",2000,3,3,"strong",932043,101,200,100,1200,"main","task0186_strong_d3_m3_n2000_r0101-0200.csv"
187,"strong_d3_m3_n2000",2000,3,3,"strong",932043,201,300,100,1200,"main","task0187_strong_d3_m3_n2000_r0201-0300.csv"
188,"strong_d3_m3_n2000",2000,3,3,"strong",932043,301,400,100,1200,"main","task0188_strong_d3_m3_n2000_r0301-0400.csv"
189,"strong_d3_m3_n2000",2000,3,3,"strong",932043,401,500,100,1200,"main","task0189_strong_d3_m3_n2000_r0401-0500.csv"
190,"strong_d3_m3_n2000",2000,3,3,"strong",932043,501,600,100,1200,"main","task0190_strong_d3_m3_n2000_r0501-0600.csv"
191,"strong_d3_m3_n2000",2000,3,3,"strong",932043,601,700,100,1200,"main","task0191_strong_d3_m3_n2000_r0601-0700.csv"
192,"strong_d3_m3_n2000",2000,3,3,"strong",932043,701,800,100,1200,"main","task0192_strong_d3_m3_n2000_r0701-0800.csv"
193,"strong_d3_m3_n2000",2000,3,3,"strong",932043,801,900,100,1200,"main","task0193_strong_d3_m3_n2000_r0801-0900.csv"
194,"strong_d3_m3_n2000",2000,3,3,"strong",932043,901,1000,100,1200,"main","task0194_strong_d3_m3_n2000_r0901-1000.csv"
195,"weak_d3_m3_n2000",2000,3,3,"weak",932044,1,100,100,1200,"main","task0195_weak_d3_m3_n2000_r0001-0100.csv"
196,"weak_d3_m3_n2000",2000,3,3,"weak",932044,101,200,100,1200,"main","task0196_weak_d3_m3_n2000_r0101-0200.csv"
197,"weak_d3_m3_n2000",2000,3,3,"weak",932044,201,300,100,1200,"main","task0197_weak_d3_m3_n2000_r0201-0300.csv"
198,"weak_d3_m3_n2000",2000,3,3,"weak",932044,301,400,100,1200,"main","task0198_weak_d3_m3_n2000_r0301-0400.csv"
199,"weak_d3_m3_n2000",2000,3,3,"weak",932044,401,500,100,1200,"main","task0199_weak_d3_m3_n2000_r0401-0500.csv"
200,"weak_d3_m3_n2000",2000,3,3,"weak",932044,501,600,100,1200,"main","task0200_weak_d3_m3_n2000_r0501-0600.csv"
201,"weak_d3_m3_n2000",2000,3,3,"weak",932044,601,700,100,1200,"main","task0201_weak_d3_m3_n2000_r0601-0700.csv"
202,"weak_d3_m3_n2000",2000,3,3,"weak",932044,701,800,100,1200,"main","task0202_weak_d3_m3_n2000_r0701-0800.csv"
203,"weak_d3_m3_n2000",2000,3,3,"weak",932044,801,900,100,1200,"main","task0203_weak_d3_m3_n2000_r0801-0900.csv"
204,"weak_d3_m3_n2000",2000,3,3,"weak",932044,901,1000,100,1200,"main","task0204_weak_d3_m3_n2000_r0901-1000.csv"
205,"strong_d5_m1_n2000",2000,5,1,"strong",932045,1,100,100,1200,"main","task0205_strong_d5_m1_n2000_r0001-0100.csv"
206,"strong_d5_m1_n2000",2000,5,1,"strong",932045,101,200,100,1200,"main","task0206_strong_d5_m1_n2000_r0101-0200.csv"
207,"strong_d5_m1_n2000",2000,5,1,"strong",932045,201,300,100,1200,"main","task0207_strong_d5_m1_n2000_r0201-0300.csv"
208,"strong_d5_m1_n2000",2000,5,1,"strong",932045,301,400,100,1200,"main","task0208_strong_d5_m1_n2000_r0301-0400.csv"
209,"strong_d5_m1_n2000",2000,5,1,"strong",932045,401,500,100,1200,"main","task0209_strong_d5_m1_n2000_r0401-0500.csv"
210,"strong_d5_m1_n2000",2000,5,1,"strong",932045,501,600,100,1200,"main","task0210_strong_d5_m1_n2000_r0501-0600.csv"
211,"strong_d5_m1_n2000",2000,5,1,"strong",932045,601,700,100,1200,"main","task0211_strong_d5_m1_n2000_r0601-0700.csv"
212,"strong_d5_m1_n2000",2000,5,1,"strong",932045,701,800,100,1200,"main","task0212_strong_d5_m1_n2000_r0701-0800.csv"
213,"strong_d5_m1_n2000",2000,5,1,"strong",932045,801,900,100,1200,"main","task0213_strong_d5_m1_n2000_r0801-0900.csv"
214,"strong_d5_m1_n2000",2000,5,1,"strong",932045,901,1000,100,1200,"main","task0214_strong_d5_m1_n2000_r0901-1000.csv"
215,"weak_d5_m1_n2000",2000,5,1,"weak",932046,1,100,100,1200,"main","task0215_weak_d5_m1_n2000_r0001-0100.csv"
216,"weak_d5_m1_n2000",2000,5,1,"weak",932046,101,200,100,1200,"main","task0216_weak_d5_m1_n2000_r0101-0200.csv"
217,"weak_d5_m1_n2000",2000,5,1,"weak",932046,201,300,100,1200,"main","task0217_weak_d5_m1_n2000_r0201-0300.csv"
218,"weak_d5_m1_n2000",2000,5,1,"weak",932046,301,400,100,1200,"main","task0218_weak_d5_m1_n2000_r0301-0400.csv"
219,"weak_d5_m1_n2000",2000,5,1,"weak",932046,401,500,100,1200,"main","task0219_weak_d5_m1_n2000_r0401-0500.csv"
220,"weak_d5_m1_n2000",2000,5,1,"weak",932046,501,600,100,1200,"main","task0220_weak_d5_m1_n2000_r0501-0600.csv"
221,"weak_d5_m1_n2000",2000,5,1,"weak",932046,601,700,100,1200,"main","task0221_weak_d5_m1_n2000_r0601-0700.csv"
222,"weak_d5_m1_n2000",2000,5,1,"weak",932046,701,800,100,1200,"main","task0222_weak_d5_m1_n2000_r0701-0800.csv"
223,"weak_d5_m1_n2000",2000,5,1,"weak",932046,801,900,100,1200,"main","task0223_weak_d5_m1_n2000_r0801-0900.csv"
224,"weak_d5_m1_n2000",2000,5,1,"weak",932046,901,1000,100,1200,"main","task0224_weak_d5_m1_n2000_r0901-1000.csv"
225,"strong_d5_m3_n2000",2000,5,3,"strong",932047,11,110,100,1200,"main","task0225_strong_d5_m3_n2000_r0011-0110.csv"
226,"strong_d5_m3_n2000",2000,5,3,"strong",932047,111,210,100,1200,"main","task0226_strong_d5_m3_n2000_r0111-0210.csv"
227,"strong_d5_m3_n2000",2000,5,3,"strong",932047,211,310,100,1200,"main","task0227_strong_d5_m3_n2000_r0211-0310.csv"
228,"strong_d5_m3_n2000",2000,5,3,"strong",932047,311,410,100,1200,"main","task0228_strong_d5_m3_n2000_r0311-0410.csv"
229,"strong_d5_m3_n2000",2000,5,3,"strong",932047,411,510,100,1200,"main","task0229_strong_d5_m3_n2000_r0411-0510.csv"
230,"strong_d5_m3_n2000",2000,5,3,"strong",932047,511,610,100,1200,"main","task0230_strong_d5_m3_n2000_r0511-0610.csv"
231,"strong_d5_m3_n2000",2000,5,3,"strong",932047,611,710,100,1200,"main","task0231_strong_d5_m3_n2000_r0611-0710.csv"
232,"strong_d5_m3_n2000",2000,5,3,"strong",932047,711,810,100,1200,"main","task0232_strong_d5_m3_n2000_r0711-0810.csv"
233,"strong_d5_m3_n2000",2000,5,3,"strong",932047,811,910,100,1200,"main","task0233_strong_d5_m3_n2000_r0811-0910.csv"
234,"strong_d5_m3_n2000",2000,5,3,"strong",932047,911,1000,90,1080,"main","task0234_strong_d5_m3_n2000_r0911-1000.csv"
235,"weak_d5_m3_n2000",2000,5,3,"weak",932048,11,110,100,1200,"main","task0235_weak_d5_m3_n2000_r0011-0110.csv"
236,"weak_d5_m3_n2000",2000,5,3,"weak",932048,111,210,100,1200,"main","task0236_weak_d5_m3_n2000_r0111-0210.csv"
237,"weak_d5_m3_n2000",2000,5,3,"weak",932048,211,310,100,1200,"main","task0237_weak_d5_m3_n2000_r0211-0310.csv"
238,"weak_d5_m3_n2000",2000,5,3,"weak",932048,311,410,100,1200,"main","task0238_weak_d5_m3_n2000_r0311-0410.csv"
239,"weak_d5_m3_n2000",2000,5,3,"weak",932048,411,510,100,1200,"main","task0239_weak_d5_m3_n2000_r0411-0510.csv"
240,"weak_d5_m3_n2000",2000,5,3,"weak",932048,511,610,100,1200,"main","task0240_weak_d5_m3_n2000_r0511-0610.csv"
241,"weak_d5_m3_n2000",2000,5,3,"weak",932048,611,710,100,1200,"main","task0241_weak_d5_m3_n2000_r0611-0710.csv"
242,"weak_d5_m3_n2000",2000,5,3,"weak",932048,711,810,100,1200,"main","task0242_weak_d5_m3_n2000_r0711-0810.csv"
243,"weak_d5_m3_n2000",2000,5,3,"weak",932048,811,910,100,1200,"main","task0243_weak_d5_m3_n2000_r0811-0910.csv"
244,"weak_d5_m3_n2000",2000,5,3,"weak",932048,911,1000,90,1080,"main","task0244_weak_d5_m3_n2000_r0911-1000.csv"
