"population_scenario","multiplier","family","response","estimand","method","scenario","requested","interval_required","coverage_rule","received","missing","evaluated","not_run","point_available","point_unavailable","invalid_points","interval_available","interval_unavailable","invalid_intervals","invalid_status","warning_replicates","reference_present","paired_coverage_expected","paired_point_expected","calibration_expected","derived_point_metrics_finite","derived_interval_metrics_finite","derived_paired_metrics_finite","derived_diagnostic_metrics_finite","warning_unknown_replicates","warning_known_replicates"
1,1,"PS","No","PATT","analytic","same_saved_point",1000,TRUE,"inclusive",1000,0,1000,0,1000,0,0,1000,0,0,0,0,TRUE,TRUE,TRUE,TRUE,TRUE,TRUE,TRUE,TRUE,0,1000
2,1,"PS","No","PATT","analytic","same_saved_point",1000,TRUE,"inclusive",1000,0,1000,0,1000,0,0,1000,0,0,0,0,TRUE,TRUE,TRUE,TRUE,TRUE,TRUE,TRUE,TRUE,0,1000
3,1,"PS","No","PATT","analytic","same_saved_point",1000,TRUE,"inclusive",1000,0,1000,0,1000,0,0,1000,0,0,0,0,TRUE,TRUE,TRUE,TRUE,TRUE,TRUE,TRUE,TRUE,0,1000
1,2,"PS","No","PATT","analytic","same_saved_point",1000,TRUE,"inclusive",1000,0,1000,0,1000,0,0,1000,0,0,0,0,TRUE,TRUE,TRUE,TRUE,TRUE,TRUE,TRUE,TRUE,0,1000
2,2,"PS","No","PATT","analytic","same_saved_point",1000,TRUE,"inclusive",1000,0,1000,0,1000,0,0,1000,0,0,0,0,TRUE,TRUE,TRUE,TRUE,TRUE,TRUE,TRUE,TRUE,0,1000
3,2,"PS","No","PATT","analytic","same_saved_point",1000,TRUE,"inclusive",1000,0,1000,0,1000,0,0,1000,0,0,0,0,TRUE,TRUE,TRUE,TRUE,TRUE,TRUE,TRUE,TRUE,0,1000
1,3,"PS","No","PATT","analytic","same_saved_point",1000,TRUE,"inclusive",1000,0,1000,0,1000,0,0,1000,0,0,0,0,TRUE,TRUE,TRUE,TRUE,TRUE,TRUE,TRUE,TRUE,0,1000
2,3,"PS","No","PATT","analytic","same_saved_point",1000,TRUE,"inclusive",1000,0,1000,0,1000,0,0,1000,0,0,0,0,TRUE,TRUE,TRUE,TRUE,TRUE,TRUE,TRUE,TRUE,0,1000
3,3,"PS","No","PATT","analytic","same_saved_point",1000,TRUE,"inclusive",1000,0,1000,0,1000,0,0,1000,0,0,0,0,TRUE,TRUE,TRUE,TRUE,TRUE,TRUE,TRUE,TRUE,0,1000
1,4,"PS","No","PATT","analytic","same_saved_point",1000,TRUE,"inclusive",1000,0,1000,0,1000,0,0,1000,0,0,0,0,TRUE,TRUE,TRUE,TRUE,TRUE,TRUE,TRUE,TRUE,0,1000
2,4,"PS","No","PATT","analytic","same_saved_point",1000,TRUE,"inclusive",1000,0,1000,0,1000,0,0,1000,0,0,0,0,TRUE,TRUE,TRUE,TRUE,TRUE,TRUE,TRUE,TRUE,0,1000
3,4,"PS","No","PATT","analytic","same_saved_point",1000,TRUE,"inclusive",1000,0,1000,0,1000,0,0,1000,0,0,0,0,TRUE,TRUE,TRUE,TRUE,TRUE,TRUE,TRUE,TRUE,0,1000
1,5,"PS","No","PATT","analytic","same_saved_point",1000,TRUE,"inclusive",1000,0,1000,0,1000,0,0,1000,0,0,0,0,TRUE,TRUE,TRUE,TRUE,TRUE,TRUE,TRUE,TRUE,0,1000
2,5,"PS","No","PATT","analytic","same_saved_point",1000,TRUE,"inclusive",1000,0,1000,0,1000,0,0,1000,0,0,0,0,TRUE,TRUE,TRUE,TRUE,TRUE,TRUE,TRUE,TRUE,0,1000
3,5,"PS","No","PATT","analytic","same_saved_point",1000,TRUE,"inclusive",1000,0,1000,0,1000,0,0,1000,0,0,0,0,TRUE,TRUE,TRUE,TRUE,TRUE,TRUE,TRUE,TRUE,0,1000
1,6,"PS","No","PATT","analytic","same_saved_point",1000,TRUE,"inclusive",1000,0,1000,0,1000,0,0,1000,0,0,0,0,TRUE,TRUE,TRUE,TRUE,TRUE,TRUE,TRUE,TRUE,0,1000
2,6,"PS","No","PATT","analytic","same_saved_point",1000,TRUE,"inclusive",1000,0,1000,0,1000,0,0,1000,0,0,0,0,TRUE,TRUE,TRUE,TRUE,TRUE,TRUE,TRUE,TRUE,0,1000
3,6,"PS","No","PATT","analytic","same_saved_point",1000,TRUE,"inclusive",1000,0,1000,0,1000,0,0,1000,0,0,0,0,TRUE,TRUE,TRUE,TRUE,TRUE,TRUE,TRUE,TRUE,0,1000
1,1,"DSM","No","PATT","analytic","same_saved_point",1000,TRUE,"inclusive",1000,0,1000,0,1000,0,0,1000,0,0,0,0,TRUE,TRUE,TRUE,TRUE,TRUE,TRUE,TRUE,TRUE,0,1000
2,1,"DSM","No","PATT","analytic","same_saved_point",1000,TRUE,"inclusive",1000,0,1000,0,1000,0,0,1000,0,0,0,0,TRUE,TRUE,TRUE,TRUE,TRUE,TRUE,TRUE,TRUE,0,1000
3,1,"DSM","No","PATT","analytic","same_saved_point",1000,TRUE,"inclusive",1000,0,1000,0,1000,0,0,1000,0,0,0,0,TRUE,TRUE,TRUE,TRUE,TRUE,TRUE,TRUE,TRUE,0,1000
1,2,"DSM","No","PATT","analytic","same_saved_point",1000,TRUE,"inclusive",1000,0,1000,0,1000,0,0,1000,0,0,0,0,TRUE,TRUE,TRUE,TRUE,TRUE,TRUE,TRUE,TRUE,0,1000
2,2,"DSM","No","PATT","analytic","same_saved_point",1000,TRUE,"inclusive",1000,0,1000,0,1000,0,0,1000,0,0,0,0,TRUE,TRUE,TRUE,TRUE,TRUE,TRUE,TRUE,TRUE,0,1000
3,2,"DSM","No","PATT","analytic","same_saved_point",1000,TRUE,"inclusive",1000,0,1000,0,1000,0,0,1000,0,0,0,0,TRUE,TRUE,TRUE,TRUE,TRUE,TRUE,TRUE,TRUE,0,1000
1,3,"DSM","No","PATT","analytic","same_saved_point",1000,TRUE,"inclusive",1000,0,1000,0,1000,0,0,1000,0,0,0,0,TRUE,TRUE,TRUE,TRUE,TRUE,TRUE,TRUE,TRUE,0,1000
2,3,"DSM","No","PATT","analytic","same_saved_point",1000,TRUE,"inclusive",1000,0,1000,0,1000,0,0,1000,0,0,0,0,TRUE,TRUE,TRUE,TRUE,TRUE,TRUE,TRUE,TRUE,0,1000
3,3,"DSM","No","PATT","analytic","same_saved_point",1000,TRUE,"inclusive",1000,0,1000,0,1000,0,0,1000,0,0,0,0,TRUE,TRUE,TRUE,TRUE,TRUE,TRUE,TRUE,TRUE,0,1000
1,4,"DSM","No","PATT","analytic","same_saved_point",1000,TRUE,"inclusive",1000,0,1000,0,1000,0,0,1000,0,0,0,0,TRUE,TRUE,TRUE,TRUE,TRUE,TRUE,TRUE,TRUE,0,1000
2,4,"DSM","No","PATT","analytic","same_saved_point",1000,TRUE,"inclusive",1000,0,1000,0,1000,0,0,1000,0,0,0,0,TRUE,TRUE,TRUE,TRUE,TRUE,TRUE,TRUE,TRUE,0,1000
3,4,"DSM","No","PATT","analytic","same_saved_point",1000,TRUE,"inclusive",1000,0,1000,0,1000,0,0,1000,0,0,0,0,TRUE,TRUE,TRUE,TRUE,TRUE,TRUE,TRUE,TRUE,0,1000
1,5,"DSM","No","PATT","analytic","same_saved_point",1000,TRUE,"inclusive",1000,0,1000,0,1000,0,0,1000,0,0,0,0,TRUE,TRUE,TRUE,TRUE,TRUE,TRUE,TRUE,TRUE,0,1000
2,5,"DSM","No","PATT","analytic","same_saved_point",1000,TRUE,"inclusive",1000,0,1000,0,1000,0,0,1000,0,0,0,0,TRUE,TRUE,TRUE,TRUE,TRUE,TRUE,TRUE,TRUE,0,1000
3,5,"DSM","No","PATT","analytic","same_saved_point",1000,TRUE,"inclusive",1000,0,1000,0,1000,0,0,1000,0,0,0,0,TRUE,TRUE,TRUE,TRUE,TRUE,TRUE,TRUE,TRUE,0,1000
1,6,"DSM","No","PATT","analytic","same_saved_point",1000,TRUE,"inclusive",1000,0,1000,0,1000,0,0,1000,0,0,0,0,TRUE,TRUE,TRUE,TRUE,TRUE,TRUE,TRUE,TRUE,0,1000
2,6,"DSM","No","PATT","analytic","same_saved_point",1000,TRUE,"inclusive",1000,0,1000,0,1000,0,0,1000,0,0,0,0,TRUE,TRUE,TRUE,TRUE,TRUE,TRUE,TRUE,TRUE,0,1000
3,6,"DSM","No","PATT","analytic","same_saved_point",1000,TRUE,"inclusive",1000,0,1000,0,1000,0,0,1000,0,0,0,0,TRUE,TRUE,TRUE,TRUE,TRUE,TRUE,TRUE,TRUE,0,1000
1,1,"X6","No","PATT","analytic","same_saved_point",1000,TRUE,"inclusive",1000,0,1000,0,1000,0,0,1000,0,0,0,0,TRUE,TRUE,TRUE,TRUE,TRUE,TRUE,TRUE,TRUE,0,1000
2,1,"X6","No","PATT","analytic","same_saved_point",1000,TRUE,"inclusive",1000,0,1000,0,1000,0,0,1000,0,0,0,0,TRUE,TRUE,TRUE,TRUE,TRUE,TRUE,TRUE,TRUE,0,1000
3,1,"X6","No","PATT","analytic","same_saved_point",1000,TRUE,"inclusive",1000,0,1000,0,1000,0,0,1000,0,0,0,0,TRUE,TRUE,TRUE,TRUE,TRUE,TRUE,TRUE,TRUE,0,1000
1,2,"X6","No","PATT","analytic","same_saved_point",1000,TRUE,"inclusive",1000,0,1000,0,1000,0,0,1000,0,0,0,0,TRUE,TRUE,TRUE,TRUE,TRUE,TRUE,TRUE,TRUE,0,1000
2,2,"X6","No","PATT","analytic","same_saved_point",1000,TRUE,"inclusive",1000,0,1000,0,1000,0,0,1000,0,0,0,0,TRUE,TRUE,TRUE,TRUE,TRUE,TRUE,TRUE,TRUE,0,1000
3,2,"X6","No","PATT","analytic","same_saved_point",1000,TRUE,"inclusive",1000,0,1000,0,1000,0,0,1000,0,0,0,0,TRUE,TRUE,TRUE,TRUE,TRUE,TRUE,TRUE,TRUE,0,1000
1,3,"X6","No","PATT","analytic","same_saved_point",1000,TRUE,"inclusive",1000,0,1000,0,1000,0,0,1000,0,0,0,0,TRUE,TRUE,TRUE,TRUE,TRUE,TRUE,TRUE,TRUE,0,1000
2,3,"X6","No","PATT","analytic","same_saved_point",1000,TRUE,"inclusive",1000,0,1000,0,1000,0,0,1000,0,0,0,0,TRUE,TRUE,TRUE,TRUE,TRUE,TRUE,TRUE,TRUE,0,1000
3,3,"X6","No","PATT","analytic","same_saved_point",1000,TRUE,"inclusive",1000,0,1000,0,1000,0,0,1000,0,0,0,0,TRUE,TRUE,TRUE,TRUE,TRUE,TRUE,TRUE,TRUE,0,1000
1,4,"X6","No","PATT","analytic","same_saved_point",1000,TRUE,"inclusive",1000,0,1000,0,1000,0,0,1000,0,0,0,0,TRUE,TRUE,TRUE,TRUE,TRUE,TRUE,TRUE,TRUE,0,1000
2,4,"X6","No","PATT","analytic","same_saved_point",1000,TRUE,"inclusive",1000,0,1000,0,1000,0,0,1000,0,0,0,0,TRUE,TRUE,TRUE,TRUE,TRUE,TRUE,TRUE,TRUE,0,1000
3,4,"X6","No","PATT","analytic","same_saved_point",1000,TRUE,"inclusive",1000,0,1000,0,1000,0,0,1000,0,0,0,0,TRUE,TRUE,TRUE,TRUE,TRUE,TRUE,TRUE,TRUE,0,1000
1,5,"X6","No","PATT","analytic","same_saved_point",1000,TRUE,"inclusive",1000,0,1000,0,1000,0,0,1000,0,0,0,0,TRUE,TRUE,TRUE,TRUE,TRUE,TRUE,TRUE,TRUE,0,1000
2,5,"X6","No","PATT","analytic","same_saved_point",1000,TRUE,"inclusive",1000,0,1000,0,1000,0,0,1000,0,0,0,0,TRUE,TRUE,TRUE,TRUE,TRUE,TRUE,TRUE,TRUE,0,1000
3,5,"X6","No","PATT","analytic","same_saved_point",1000,TRUE,"inclusive",1000,0,1000,0,1000,0,0,1000,0,0,0,0,TRUE,TRUE,TRUE,TRUE,TRUE,TRUE,TRUE,TRUE,0,1000
1,6,"X6","No","PATT","analytic","same_saved_point",1000,TRUE,"inclusive",1000,0,1000,0,1000,0,0,1000,0,0,0,0,TRUE,TRUE,TRUE,TRUE,TRUE,TRUE,TRUE,TRUE,0,1000
2,6,"X6","No","PATT","analytic","same_saved_point",1000,TRUE,"inclusive",1000,0,1000,0,1000,0,0,1000,0,0,0,0,TRUE,TRUE,TRUE,TRUE,TRUE,TRUE,TRUE,TRUE,0,1000
3,6,"X6","No","PATT","analytic","same_saved_point",1000,TRUE,"inclusive",1000,0,1000,0,1000,0,0,1000,0,0,0,0,TRUE,TRUE,TRUE,TRUE,TRUE,TRUE,TRUE,TRUE,0,1000
1,1,"PS","No","PATT","original_refit","same_saved_point",1000,TRUE,"inclusive",1000,0,1000,0,1000,0,0,1000,0,0,0,0,TRUE,TRUE,TRUE,TRUE,TRUE,TRUE,TRUE,TRUE,0,1000
2,1,"PS","No","PATT","original_refit","same_saved_point",1000,TRUE,"inclusive",1000,0,1000,0,1000,0,0,1000,0,0,0,0,TRUE,TRUE,TRUE,TRUE,TRUE,TRUE,TRUE,TRUE,0,1000
3,1,"PS","No","PATT","original_refit","same_saved_point",1000,TRUE,"inclusive",1000,0,1000,0,1000,0,0,1000,0,0,0,0,TRUE,TRUE,TRUE,TRUE,TRUE,TRUE,TRUE,TRUE,0,1000
1,2,"PS","No","PATT","original_refit","same_saved_point",1000,TRUE,"inclusive",1000,0,1000,0,1000,0,0,1000,0,0,0,0,TRUE,TRUE,TRUE,TRUE,TRUE,TRUE,TRUE,TRUE,0,1000
2,2,"PS","No","PATT","original_refit","same_saved_point",1000,TRUE,"inclusive",1000,0,1000,0,1000,0,0,1000,0,0,0,0,TRUE,TRUE,TRUE,TRUE,TRUE,TRUE,TRUE,TRUE,0,1000
3,2,"PS","No","PATT","original_refit","same_saved_point",1000,TRUE,"inclusive",1000,0,1000,0,1000,0,0,1000,0,0,0,0,TRUE,TRUE,TRUE,TRUE,TRUE,TRUE,TRUE,TRUE,0,1000
1,3,"PS","No","PATT","original_refit","same_saved_point",1000,TRUE,"inclusive",1000,0,1000,0,1000,0,0,1000,0,0,0,0,TRUE,TRUE,TRUE,TRUE,TRUE,TRUE,TRUE,TRUE,0,1000
2,3,"PS","No","PATT","original_refit","same_saved_point",1000,TRUE,"inclusive",1000,0,1000,0,1000,0,0,1000,0,0,0,0,TRUE,TRUE,TRUE,TRUE,TRUE,TRUE,TRUE,TRUE,0,1000
3,3,"PS","No","PATT","original_refit","same_saved_point",1000,TRUE,"inclusive",1000,0,1000,0,1000,0,0,1000,0,0,0,0,TRUE,TRUE,TRUE,TRUE,TRUE,TRUE,TRUE,TRUE,0,1000
1,4,"PS","No","PATT","original_refit","same_saved_point",1000,TRUE,"inclusive",1000,0,1000,0,1000,0,0,1000,0,0,0,0,TRUE,TRUE,TRUE,TRUE,TRUE,TRUE,TRUE,TRUE,0,1000
2,4,"PS","No","PATT","original_refit","same_saved_point",1000,TRUE,"inclusive",1000,0,1000,0,1000,0,0,1000,0,0,0,0,TRUE,TRUE,TRUE,TRUE,TRUE,TRUE,TRUE,TRUE,0,1000
3,4,"PS","No","PATT","original_refit","same_saved_point",1000,TRUE,"inclusive",1000,0,1000,0,1000,0,0,1000,0,0,0,0,TRUE,TRUE,TRUE,TRUE,TRUE,TRUE,TRUE,TRUE,0,1000
1,5,"PS","No","PATT","original_refit","same_saved_point",1000,TRUE,"inclusive",1000,0,1000,0,1000,0,0,1000,0,0,0,0,TRUE,TRUE,TRUE,TRUE,TRUE,TRUE,TRUE,TRUE,0,1000
2,5,"PS","No","PATT","original_refit","same_saved_point",1000,TRUE,"inclusive",1000,0,1000,0,1000,0,0,1000,0,0,0,0,TRUE,TRUE,TRUE,TRUE,TRUE,TRUE,TRUE,TRUE,0,1000
3,5,"PS","No","PATT","original_refit","same_saved_point",1000,TRUE,"inclusive",1000,0,1000,0,1000,0,0,1000,0,0,0,0,TRUE,TRUE,TRUE,TRUE,TRUE,TRUE,TRUE,TRUE,0,1000
1,6,"PS","No","PATT","original_refit","same_saved_point",1000,TRUE,"inclusive",1000,0,1000,0,1000,0,0,1000,0,0,0,0,TRUE,TRUE,TRUE,TRUE,TRUE,TRUE,TRUE,TRUE,0,1000
2,6,"PS","No","PATT","original_refit","same_saved_point",1000,TRUE,"inclusive",1000,0,1000,0,1000,0,0,1000,0,0,0,0,TRUE,TRUE,TRUE,TRUE,TRUE,TRUE,TRUE,TRUE,0,1000
3,6,"PS","No","PATT","original_refit","same_saved_point",1000,TRUE,"inclusive",1000,0,1000,0,1000,0,0,1000,0,0,0,0,TRUE,TRUE,TRUE,TRUE,TRUE,TRUE,TRUE,TRUE,0,1000
1,1,"DSM","No","PATT","original_refit","same_saved_point",1000,TRUE,"inclusive",1000,0,1000,0,1000,0,0,1000,0,0,0,0,TRUE,TRUE,TRUE,TRUE,TRUE,TRUE,TRUE,TRUE,0,1000
2,1,"DSM","No","PATT","original_refit","same_saved_point",1000,TRUE,"inclusive",1000,0,1000,0,1000,0,0,1000,0,0,0,0,TRUE,TRUE,TRUE,TRUE,TRUE,TRUE,TRUE,TRUE,0,1000
3,1,"DSM","No","PATT","original_refit","same_saved_point",1000,TRUE,"inclusive",1000,0,1000,0,1000,0,0,1000,0,0,0,0,TRUE,TRUE,TRUE,TRUE,TRUE,TRUE,TRUE,TRUE,0,1000
1,2,"DSM","No","PATT","original_refit","same_saved_point",1000,TRUE,"inclusive",1000,0,1000,0,1000,0,0,1000,0,0,0,0,TRUE,TRUE,TRUE,TRUE,TRUE,TRUE,TRUE,TRUE,0,1000
2,2,"DSM","No","PATT","original_refit","same_saved_point",1000,TRUE,"inclusive",1000,0,1000,0,1000,0,0,1000,0,0,0,0,TRUE,TRUE,TRUE,TRUE,TRUE,TRUE,TRUE,TRUE,0,1000
3,2,"DSM","No","PATT","original_refit","same_saved_point",1000,TRUE,"inclusive",1000,0,1000,0,1000,0,0,1000,0,0,0,0,TRUE,TRUE,TRUE,TRUE,TRUE,TRUE,TRUE,TRUE,0,1000
1,3,"DSM","No","PATT","original_refit","same_saved_point",1000,TRUE,"inclusive",1000,0,1000,0,1000,0,0,1000,0,0,0,0,TRUE,TRUE,TRUE,TRUE,TRUE,TRUE,TRUE,TRUE,0,1000
2,3,"DSM","No","PATT","original_refit","same_saved_point",1000,TRUE,"inclusive",1000,0,1000,0,1000,0,0,1000,0,0,0,0,TRUE,TRUE,TRUE,TRUE,TRUE,TRUE,TRUE,TRUE,0,1000
3,3,"DSM","No","PATT","original_refit","same_saved_point",1000,TRUE,"inclusive",1000,0,1000,0,1000,0,0,1000,0,0,0,0,TRUE,TRUE,TRUE,TRUE,TRUE,TRUE,TRUE,TRUE,0,1000
1,4,"DSM","No","PATT","original_refit","same_saved_point",1000,TRUE,"inclusive",1000,0,1000,0,1000,0,0,1000,0,0,0,0,TRUE,TRUE,TRUE,TRUE,TRUE,TRUE,TRUE,TRUE,0,1000
2,4,"DSM","No","PATT","original_refit","same_saved_point",1000,TRUE,"inclusive",1000,0,1000,0,1000,0,0,1000,0,0,0,0,TRUE,TRUE,TRUE,TRUE,TRUE,TRUE,TRUE,TRUE,0,1000
3,4,"DSM","No","PATT","original_refit","same_saved_point",1000,TRUE,"inclusive",1000,0,1000,0,1000,0,0,1000,0,0,0,0,TRUE,TRUE,TRUE,TRUE,TRUE,TRUE,TRUE,TRUE,0,1000
1,5,"DSM","No","PATT","original_refit","same_saved_point",1000,TRUE,"inclusive",1000,0,1000,0,1000,0,0,1000,0,0,0,0,TRUE,TRUE,TRUE,TRUE,TRUE,TRUE,TRUE,TRUE,0,1000
2,5,"DSM","No","PATT","original_refit","same_saved_point",1000,TRUE,"inclusive",1000,0,1000,0,1000,0,0,1000,0,0,0,0,TRUE,TRUE,TRUE,TRUE,TRUE,TRUE,TRUE,TRUE,0,1000
3,5,"DSM","No","PATT","original_refit","same_saved_point",1000,TRUE,"inclusive",1000,0,1000,0,1000,0,0,1000,0,0,0,0,TRUE,TRUE,TRUE,TRUE,TRUE,TRUE,TRUE,TRUE,0,1000
1,6,"DSM","No","PATT","original_refit","same_saved_point",1000,TRUE,"inclusive",1000,0,1000,0,1000,0,0,1000,0,0,0,0,TRUE,TRUE,TRUE,TRUE,TRUE,TRUE,TRUE,TRUE,0,1000
2,6,"DSM","No","PATT","original_refit","same_saved_point",1000,TRUE,"inclusive",1000,0,1000,0,1000,0,0,1000,0,0,0,0,TRUE,TRUE,TRUE,TRUE,TRUE,TRUE,TRUE,TRUE,0,1000
3,6,"DSM","No","PATT","original_refit","same_saved_point",1000,TRUE,"inclusive",1000,0,1000,0,1000,0,0,1000,0,0,0,0,TRUE,TRUE,TRUE,TRUE,TRUE,TRUE,TRUE,TRUE,0,1000
1,1,"X6","No","PATT","original_refit","same_saved_point",1000,TRUE,"inclusive",1000,0,1000,0,1000,0,0,1000,0,0,0,0,TRUE,TRUE,TRUE,TRUE,TRUE,TRUE,TRUE,TRUE,0,1000
2,1,"X6","No","PATT","original_refit","same_saved_point",1000,TRUE,"inclusive",1000,0,1000,0,1000,0,0,1000,0,0,0,0,TRUE,TRUE,TRUE,TRUE,TRUE,TRUE,TRUE,TRUE,0,1000
3,1,"X6","No","PATT","original_refit","same_saved_point",1000,TRUE,"inclusive",1000,0,1000,0,1000,0,0,1000,0,0,0,0,TRUE,TRUE,TRUE,TRUE,TRUE,TRUE,TRUE,TRUE,0,1000
1,2,"X6","No","PATT","original_refit","same_saved_point",1000,TRUE,"inclusive",1000,0,1000,0,1000,0,0,1000,0,0,0,0,TRUE,TRUE,TRUE,TRUE,TRUE,TRUE,TRUE,TRUE,0,1000
2,2,"X6","No","PATT","original_refit","same_saved_point",1000,TRUE,"inclusive",1000,0,1000,0,1000,0,0,1000,0,0,0,0,TRUE,TRUE,TRUE,TRUE,TRUE,TRUE,TRUE,TRUE,0,1000
3,2,"X6","No","PATT","original_refit","same_saved_point",1000,TRUE,"inclusive",1000,0,1000,0,1000,0,0,1000,0,0,0,0,TRUE,TRUE,TRUE,TRUE,TRUE,TRUE,TRUE,TRUE,0,1000
1,3,"X6","No","PATT","original_refit","same_saved_point",1000,TRUE,"inclusive",1000,0,1000,0,1000,0,0,1000,0,0,0,0,TRUE,TRUE,TRUE,TRUE,TRUE,TRUE,TRUE,TRUE,0,1000
2,3,"X6","No","PATT","original_refit","same_saved_point",1000,TRUE,"inclusive",1000,0,1000,0,1000,0,0,1000,0,0,0,0,TRUE,TRUE,TRUE,TRUE,TRUE,TRUE,TRUE,TRUE,0,1000
3,3,"X6","No","PATT","original_refit","same_saved_point",1000,TRUE,"inclusive",1000,0,1000,0,1000,0,0,1000,0,0,0,0,TRUE,TRUE,TRUE,TRUE,TRUE,TRUE,TRUE,TRUE,0,1000
1,4,"X6","No","PATT","original_refit","same_saved_point",1000,TRUE,"inclusive",1000,0,1000,0,1000,0,0,1000,0,0,0,0,TRUE,TRUE,TRUE,TRUE,TRUE,TRUE,TRUE,TRUE,0,1000
2,4,"X6","No","PATT","original_refit","same_saved_point",1000,TRUE,"inclusive",1000,0,1000,0,1000,0,0,1000,0,0,0,0,TRUE,TRUE,TRUE,TRUE,TRUE,TRUE,TRUE,TRUE,0,1000
3,4,"X6","No","PATT","original_refit","same_saved_point",1000,TRUE,"inclusive",1000,0,1000,0,1000,0,0,1000,0,0,0,0,TRUE,TRUE,TRUE,TRUE,TRUE,TRUE,TRUE,TRUE,0,1000
1,5,"X6","No","PATT","original_refit","same_saved_point",1000,TRUE,"inclusive",1000,0,1000,0,1000,0,0,1000,0,0,0,0,TRUE,TRUE,TRUE,TRUE,TRUE,TRUE,TRUE,TRUE,0,1000
2,5,"X6","No","PATT","original_refit","same_saved_point",1000,TRUE,"inclusive",1000,0,1000,0,1000,0,0,1000,0,0,0,0,TRUE,TRUE,TRUE,TRUE,TRUE,TRUE,TRUE,TRUE,0,1000
3,5,"X6","No","PATT","original_refit","same_saved_point",1000,TRUE,"inclusive",1000,0,1000,0,1000,0,0,1000,0,0,0,0,TRUE,TRUE,TRUE,TRUE,TRUE,TRUE,TRUE,TRUE,0,1000
1,6,"X6","No","PATT","original_refit","same_saved_point",1000,TRUE,"inclusive",1000,0,1000,0,1000,0,0,1000,0,0,0,0,TRUE,TRUE,TRUE,TRUE,TRUE,TRUE,TRUE,TRUE,0,1000
2,6,"X6","No","PATT","original_refit","same_saved_point",1000,TRUE,"inclusive",1000,0,1000,0,1000,0,0,1000,0,0,0,0,TRUE,TRUE,TRUE,TRUE,TRUE,TRUE,TRUE,TRUE,0,1000
3,6,"X6","No","PATT","original_refit","same_saved_point",1000,TRUE,"inclusive",1000,0,1000,0,1000,0,0,1000,0,0,0,0,TRUE,TRUE,TRUE,TRUE,TRUE,TRUE,TRUE,TRUE,0,1000
