"population_scenario","multiplier","family","response","estimand","method","scenario","requested","interval_required","coverage_rule","truth","denominator","scope","mean_estimate","signed_bias","absolute_bias","signed_relative_bias_percent","empirical_variance","empirical_sd","bias_mcse","signed_relative_bias_mcse","mse","rmse","rmse_mcse"
1,1,"PS","No","PATT","analytic","same_saved_point",1000,TRUE,"inclusive",0.9970067570835,1000,"conditional_on_available_point",0.993692207558235,-0.00331454952526538,0.00331454952526538,-0.332450056302656,0.00988719769542504,0.099434388897529,0.00314439146663151,0.315383165088034,0.00988829673628506,0.099439915206546,0.00217942184161256
2,1,"PS","No","PATT","analytic","same_saved_point",1000,TRUE,"inclusive",0.997206524637631,1000,"conditional_on_available_point",1.00038111810149,0.0031745934638547,0.0031745934638547,0.318348645483271,0.00720153922266911,0.0848618832142506,0.00268356837488243,0.269108585692176,0.00720441572710718,0.0848788296756452,0.00186785097215807
3,1,"PS","No","PATT","analytic","same_saved_point",1000,TRUE,"inclusive",0.950299318654713,1000,"conditional_on_available_point",0.958053185507998,0.00775386685328544,0.00775386685328544,0.815939430984984,0.00766905424056321,0.087573136523498,0.00276930573259133,0.291414050102834,0.00772150763750114,0.0878721095541762,0.00195406366136422
1,2,"PS","No","PATT","analytic","same_saved_point",1000,TRUE,"inclusive",1.72128921416505,1000,"conditional_on_available_point",1.71541476614472,-0.00587444802033068,0.00587444802033068,-0.341281870123157,0.013750246449738,0.117261444856091,0.00370813247467482,0.215427625070755,0.0137710053428319,0.117349926897429,0.00259421553331935
2,2,"PS","No","PATT","analytic","same_saved_point",1000,TRUE,"inclusive",1.80426724220893,1000,"conditional_on_available_point",1.80532441434802,0.00105717213908689,0.00105717213908689,0.0585928799434731,0.00862948904851248,0.0928950431859121,0.00293759919807187,0.162813973969589,0.00862197717239564,0.0928546023221016,0.0020681654766195
3,2,"PS","No","PATT","analytic","same_saved_point",1000,TRUE,"inclusive",1.92840265398961,1000,"conditional_on_available_point",1.9343978104054,0.00599515641579373,0.00599515641579373,0.310887168890301,0.00922400304625611,0.0960416734873779,0.00303710438514321,0.157493269305549,0.00925072094365969,0.0961806682429463,0.00215122729421723
1,3,"PS","No","PATT","analytic","same_saved_point",1000,TRUE,"inclusive",2.23586041281618,1000,"conditional_on_available_point",2.22465068308217,-0.0112097297340112,0.0112097297340112,-0.501360893093144,0.0363666009843348,0.190700290991741,0.00603047269990792,0.269715974456216,0.03645589242406,0.190934262048643,0.00437370674720989
2,3,"PS","No","PATT","analytic","same_saved_point",1000,TRUE,"inclusive",2.22558410382016,1000,"conditional_on_available_point",2.22347861928303,-0.00210548453712528,0.00210548453712528,-0.0946036832987469,0.0158931559872622,0.126068060932427,0.00398662212747361,0.179127004035959,0.015881695896411,0.126022600736578,0.00286436599288746
3,3,"PS","No","PATT","analytic","same_saved_point",1000,TRUE,"inclusive",2.52090906809517,1000,"conditional_on_available_point",2.52496179781363,0.00405272971845546,0.00405272971845546,0.160764613438348,0.0148565779413308,0.121887562701577,0.00385442316583569,0.152898143555338,0.0148581459815603,0.121893994854383,0.00271533099132393
1,4,"PS","No","PATT","analytic","same_saved_point",1000,TRUE,"inclusive",1.82983554310434,1000,"conditional_on_available_point",1.81689593802209,-0.0129396050822481,0.0129396050822481,-0.707145794113056,0.0463617308423804,0.21531774390974,0.00680894491403627,0.3721069327621,0.0464828024912225,0.215598707072242,0.00494683544013436
2,4,"PS","No","PATT","analytic","same_saved_point",1000,TRUE,"inclusive",1.83984024786014,1000,"conditional_on_available_point",1.83668952797152,-0.00315071988861842,0.00315071988861842,-0.17124964476035,0.0200528275243868,0.141608006568791,0.00447803835673465,0.243392781625628,0.0200427017326789,0.141572249161617,0.00321979330843581
3,4,"PS","No","PATT","analytic","same_saved_point",1000,TRUE,"inclusive",2.2299884392399,1000,"conditional_on_available_point",2.23316098613007,0.00317254689016744,0.00317254689016744,0.142267414231475,0.0241398994375239,0.155370201253406,0.00491323716479511,0.220325678749698,0.0241258245918567,0.155324900102516,0.00346273816553413
1,5,"PS","No","PATT","analytic","same_saved_point",1000,TRUE,"inclusive",1.36283868534837,1000,"conditional_on_available_point",1.34979133790433,-0.0130473474440379,0.0130473474440379,-0.957365503658471,0.0458995061825127,0.214241700381865,0.00677491742994058,0.497118074411629,0.0460238399516555,0.214531675870151,0.00491627739298813
2,5,"PS","No","PATT","analytic","same_saved_point",1000,TRUE,"inclusive",1.5826776772201,1000,"conditional_on_available_point",1.57883013376385,-0.00384754345625395,0.00384754345625395,-0.243103413388124,0.0232991754597814,0.152640674329555,0.0048269219446539,0.30498452174622,0.0232906798749694,0.152612843086581,0.00346935940672146
3,5,"PS","No","PATT","analytic","same_saved_point",1000,TRUE,"inclusive",1.92151090225643,1000,"conditional_on_available_point",1.92453647613872,0.00302557388229087,0.00302557388229087,0.157458064835226,0.0294362169730827,0.17156986032833,0.00542551536474487,0.282356730756703,0.0294159348534268,0.171510742676448,0.00384121229484867
1,6,"PS","No","PATT","analytic","same_saved_point",1000,TRUE,"inclusive",1.28846905015524,1000,"conditional_on_available_point",1.27322294460866,-0.0152461055465838,0.0152461055465838,-1.18327293501904,0.0624402961884405,0.249880563846892,0.00790191724763304,0.613279554264884,0.0626102996265897,0.250220502010906,0.00573617496325137
2,6,"PS","No","PATT","analytic","same_saved_point",1000,TRUE,"inclusive",1.32551510658005,1000,"conditional_on_available_point",1.32097073955617,-0.00454436702387909,0.00454436702387909,-0.342837814621666,0.0269241102570253,0.164085679622036,0.00518884479022309,0.391458744186687,0.026917837418416,0.164066563986743,0.00372697005643927
3,6,"PS","No","PATT","analytic","same_saved_point",1000,TRUE,"inclusive",1.61303336527298,1000,"conditional_on_available_point",1.61591196614737,0.00287860087439438,0.00287860087439438,0.178458854997536,0.0357373388027475,0.189043219404314,0.00597807149528571,0.370610529452627,0.0357098878069389,0.188970600377251,0.00425548638172625
1,1,"DSM","No","PATT","analytic","same_saved_point",1000,TRUE,"inclusive",0.9970067570835,1000,"conditional_on_available_point",0.996577029914037,-0.000429727169462611,0.000429727169462611,-0.0431017308969573,0.0109322675071448,0.104557484223487,0.00330639796563341,0.331632453054328,0.0109215199050778,0.104506075924215,0.00241931477263332
2,1,"DSM","No","PATT","analytic","same_saved_point",1000,TRUE,"inclusive",0.997206524637631,1000,"conditional_on_available_point",0.999984504402874,0.00277797976524292,0.00277797976524292,0.27857617219787,0.00701985064632627,0.0837845489713126,0.00264950007479265,0.265692212127818,0.00702054796725605,0.0837887102613237,0.00189626239645455
3,1,"DSM","No","PATT","analytic","same_saved_point",1000,TRUE,"inclusive",0.950299318654713,1000,"conditional_on_available_point",0.958786912175063,0.0084875935203498,0.0084875935203498,0.893149490243266,0.00743660532160358,0.0862357543110952,0.00272701399365745,0.286963690294753,0.00750120796004866,0.0866095142582422,0.00192513678859245
1,2,"DSM","No","PATT","analytic","same_saved_point",1000,TRUE,"inclusive",1.72128921416505,1000,"conditional_on_available_point",1.71829958850052,-0.00298962566452803,0.00298962566452803,-0.173685261019788,0.0146196027642395,0.120911549341821,0.00382355891339986,0.222133438235396,0.0146139210230893,0.120888051614249,0.00280053992785731
2,2,"DSM","No","PATT","analytic","same_saved_point",1000,TRUE,"inclusive",1.80426724220893,1000,"conditional_on_available_point",1.80492780064941,0.000660558440474969,0.000660558440474969,0.0366108980433663,0.00824394607898593,0.090796178768635,0.00287122727748709,0.159135365888032,0.00823613847036022,0.0907531733349321,0.001985019631272
3,2,"DSM","No","PATT","analytic","same_saved_point",1000,TRUE,"inclusive",1.92840265398961,1000,"conditional_on_available_point",1.93513153707247,0.00672888308285786,0.00672888308285786,0.348935585052048,0.00892939917994696,0.0944954981993691,0.00298821002942346,0.154957784529141,0.00896574764830977,0.0946876319711808,0.00212501539722729
1,3,"DSM","No","PATT","analytic","same_saved_point",1000,TRUE,"inclusive",2.23586041281618,1000,"conditional_on_available_point",2.22753550543797,-0.00832490737820861,0.00832490737820861,-0.372335738424876,0.0369499635695504,0.192223733106894,0.006078648169581,0.271870646966043,0.0369823176888366,0.192307872144737,0.00447535534385655
2,3,"DSM","No","PATT","analytic","same_saved_point",1000,TRUE,"inclusive",2.22558410382016,1000,"conditional_on_available_point",2.22308200558442,-0.00250209823573696,0.00250209823573696,-0.112424339814531,0.0152042116857955,0.123305359517725,0.00389925783781933,0.175201549612363,0.015195267969691,0.123269087648489,0.00271774299856473
3,3,"DSM","No","PATT","analytic","same_saved_point",1000,TRUE,"inclusive",2.52090906809517,1000,"conditional_on_available_point",2.52569552448069,0.00478645638551978,0.00478645638551978,0.189870251414363,0.0145326057293741,0.120551257684746,0.00381216549081674,0.151221856395529,0.0145409832883752,0.120585999553743,0.00269101096957115
1,4,"DSM","No","PATT","analytic","same_saved_point",1000,TRUE,"inclusive",1.82983554310434,1000,"conditional_on_available_point",1.81978076037789,-0.0100547827264453,0.0100547827264453,-0.549491060239609,0.0468985552679007,0.216560742674892,0.00684825198630284,0.37425505325384,0.0469527553683088,0.216685844872961,0.00503619419746007
2,4,"DSM","No","PATT","analytic","same_saved_point",1000,TRUE,"inclusive",1.83984024786014,1000,"conditional_on_available_point",1.83629291427291,-0.00354733358723013,0.00354733358723013,-0.19280660869094,0.0192643362841633,0.138796024021451,0.00438911566083229,0.238559606788531,0.0192576555234582,0.138771955104258,0.0030759489662504
3,4,"DSM","No","PATT","analytic","same_saved_point",1000,TRUE,"inclusive",2.2299884392399,1000,"conditional_on_available_point",2.23389471279713,0.0039062735572316,0.0039062735572316,0.17517012592958,0.0238476674725071,0.154426900093562,0.00488340736294926,0.218988012539374,0.0238390787781385,0.154399089304758,0.00347233750563717
1,5,"DSM","No","PATT","analytic","same_saved_point",1000,TRUE,"inclusive",1.36283868534837,1000,"conditional_on_available_point",1.35267616026013,-0.0101625250882351,0.0101625250882351,-0.745688040520905,0.0464690472406085,0.21556680458876,0.00681682090424917,0.500192794461705,0.0465258551095368,0.215698528297105,0.00500804996709133
2,5,"DSM","No","PATT","analytic","same_saved_point",1000,TRUE,"inclusive",1.5826776772201,1000,"conditional_on_available_point",1.57843352006523,-0.00424415715486573,0.00424415715486573,-0.268163076787713,0.0224443195937202,0.149814283677225,0.00473754362446618,0.299337236675218,0.0224398881440817,0.149799493136932,0.00332931326664677
3,5,"DSM","No","PATT","analytic","same_saved_point",1000,TRUE,"inclusive",1.92151090225643,1000,"conditional_on_available_point",1.92527020280579,0.0037593005493553,0.0037593005493553,0.19564294664895,0.0291702142894275,0.170792898826115,0.00540094568473221,0.28107806614003,0.0291551764157584,0.170748869442109,0.00386480996521938
1,6,"DSM","No","PATT","analytic","same_saved_point",1000,TRUE,"inclusive",1.28846905015524,1000,"conditional_on_available_point",1.27610776696446,-0.0123612831907813,0.0123612831907813,-0.959377579872174,0.0629150697343672,0.250828765763353,0.0079319020250106,0.61560671744928,0.0630049559867555,0.251007880328,0.00581470803885386
2,6,"DSM","No","PATT","analytic","same_saved_point",1000,TRUE,"inclusive",1.32551510658005,1000,"conditional_on_available_point",1.32057412585756,-0.00494098072249113,0.00494098072249113,-0.372759291686936,0.0260028897651264,0.161254115498261,0.00509930287050361,0.384703489623764,0.0260013001658613,0.161249186558759,0.00359130757916365
3,6,"DSM","No","PATT","analytic","same_saved_point",1000,TRUE,"inclusive",1.61303336527298,1000,"conditional_on_available_point",1.61664569281444,0.00361232754145879,0.00361232754145879,0.223946238139188,0.0354975654004539,0.188407975947023,0.00595798333334811,0.369365163896645,0.0354751167453202,0.188348391937176,0.00428901878758298
1,1,"X6","No","PATT","analytic","same_saved_point",1000,TRUE,"inclusive",0.9970067570835,1000,"conditional_on_available_point",0.994132931282598,-0.00287382580090191,0.00287382580090191,-0.288245368497661,0.00975977885067788,0.0987915930161969,0.00312406447607566,0.313344363403749,0.00975827794656114,0.0987839964091408,0.00229979425156789
2,1,"X6","No","PATT","analytic","same_saved_point",1000,TRUE,"inclusive",0.997206524637631,1000,"conditional_on_available_point",1.00195852148107,0.00475199684343724,0.00475199684343724,0.476530861564914,0.00648657189777874,0.0805392568737677,0.00254687492778478,0.255400949037139,0.00650266679988099,0.0806391145777345,0.00181912284410057
3,1,"X6","No","PATT","analytic","same_saved_point",1000,TRUE,"inclusive",0.950299318654713,1000,"conditional_on_available_point",0.956640890244116,0.00634157158940334,0.00634157158940334,0.667323596357068,0.00672941088919047,0.0820329865919221,0.00259411080896527,0.272978287792273,0.0067628970085248,0.082236834864462,0.00176746468270313
1,2,"X6","No","PATT","analytic","same_saved_point",1000,TRUE,"inclusive",1.72128921416505,1000,"conditional_on_available_point",1.71585548986908,-0.00543372429596743,0.00543372429596743,-0.315677589288979,0.0134375744867477,0.115920552477754,0.00366572973454777,0.212964195928336,0.0134536622719855,0.115989923148459,0.00253601648257372
2,2,"X6","No","PATT","analytic","same_saved_point",1000,TRUE,"inclusive",1.80426724220893,1000,"conditional_on_available_point",1.8069018177276,0.00263457551866953,0.00263457551866953,0.146019140459706,0.00777859491456306,0.0881963429772633,0.00278901325105548,0.154578722364928,0.00777775730781208,0.0881915943149464,0.0019617021846839
3,2,"X6","No","PATT","analytic","same_saved_point",1000,TRUE,"inclusive",1.92840265398961,1000,"conditional_on_available_point",1.93298551514152,0.0045828611519116,0.0045828611519116,0.237650634966212,0.00822168977281204,0.0906735340262639,0.00286734891019772,0.148690363201147,0.00823447069937693,0.090743984370188,0.00196856481251444
1,3,"X6","No","PATT","analytic","same_saved_point",1000,TRUE,"inclusive",2.23586041281618,1000,"conditional_on_available_point",2.22509140680653,-0.010769006009648,0.010769006009648,-0.481649299210224,0.0356690038837639,0.188862394043293,0.00597235329529022,0.267116554372361,0.035749306370316,0.189074869748245,0.00422518620704807
2,3,"X6","No","PATT","analytic","same_saved_point",1000,TRUE,"inclusive",2.22558410382016,1000,"conditional_on_available_point",2.22505602266262,-0.000528081157542535,0.000528081157542535,-0.023727755632155,0.01486465737887,0.121920701190856,0.00385547109687908,0.173234122685423,0.0148500715912001,0.121860869811437,0.00270289911798838
3,3,"X6","No","PATT","analytic","same_saved_point",1000,TRUE,"inclusive",2.52090906809517,1000,"conditional_on_available_point",2.52354950254974,0.00264043445457348,0.00264043445457348,0.104741360487415,0.0138128948555564,0.117528272579649,0.00371657030816805,0.147429764730718,0.0138060538548097,0.117499165336651,0.0025704833522606
1,4,"X6","No","PATT","analytic","same_saved_point",1000,TRUE,"inclusive",1.82983554310434,1000,"conditional_on_available_point",1.81733666174646,-0.0124988813578846,0.0124988813578846,-0.683060365997704,0.045540004859879,0.213401042312073,0.00674833348760114,0.36879453528116,0.0456506868902175,0.213660213634213,0.00481226652751195
2,4,"X6","No","PATT","analytic","same_saved_point",1000,TRUE,"inclusive",1.83984024786014,1000,"conditional_on_available_point",1.8382669313511,-0.00157331650903596,0.00157331650903596,-0.0855137564723804,0.0189826512506107,0.137777542620743,0.00435690845102473,0.236809062965772,0.0189661439241977,0.13771762386927,0.00305047050506813
3,4,"X6","No","PATT","analytic","same_saved_point",1000,TRUE,"inclusive",2.2299884392399,1000,"conditional_on_available_point",2.23174869086619,0.00176025162628533,0.00176025162628533,0.0789354597230702,0.0231094065533112,0.152017783674514,0.00480722441262224,0.215571719029216,0.0230893956325458,0.151951951723384,0.0033467113971027
1,5,"X6","No","PATT","analytic","same_saved_point",1000,TRUE,"inclusive",1.36283868534837,1000,"conditional_on_available_point",1.3502320616287,-0.0126066237196744,0.0126066237196744,-0.925026846919297,0.0450705707494643,0.212298306044736,0.00671346190496857,0.492608698090521,0.0451844271403243,0.212566288814394,0.00478869546363002
2,5,"X6","No","PATT","analytic","same_saved_point",1000,TRUE,"inclusive",1.5826776772201,1000,"conditional_on_available_point",1.58040753714343,-0.00227014007667138,0.00227014007667138,-0.143436664922119,0.0222012140757495,0.149000718373267,0.00471181643060821,0.297711688136292,0.0221841663976414,0.148943500689494,0.00329822118649089
3,5,"X6","No","PATT","analytic","same_saved_point",1000,TRUE,"inclusive",1.92151090225643,1000,"conditional_on_available_point",1.92312418087484,0.00161327861840885,0.00161327861840885,0.0839588584438621,0.0284227641766628,0.168590522202948,0.00533130042078504,0.277453560868403,0.0283969440803867,0.168513928446247,0.00373290041092928
1,6,"X6","No","PATT","analytic","same_saved_point",1000,TRUE,"inclusive",1.28846905015524,1000,"conditional_on_available_point",1.27366366833302,-0.0148053818222204,0.0148053818222204,-1.14906771105108,0.0614530650300318,0.247897287258316,0.00783920053513315,0.608412016896226,0.0616108112959035,0.248215251940535,0.00562067999616572
2,6,"X6","No","PATT","analytic","same_saved_point",1000,TRUE,"inclusive",1.32551510658005,1000,"conditional_on_available_point",1.32254814293575,-0.00296696364429637,0.00296696364429637,-0.2238347665423,0.0257983637627375,0.16061869057721,0.00507920897017808,0.383187558177508,0.0257813682722413,0.160565775532152,0.00355575670575589
3,6,"X6","No","PATT","analytic","same_saved_point",1000,TRUE,"inclusive",1.61303336527298,1000,"conditional_on_available_point",1.61449967088349,0.00146630561051243,0.00146630561051243,0.0909036131601826,0.0347409260941205,0.186389179122932,0.00589414337237571,0.365407405653895,0.0347083352201698,0.186301731661758,0.0041526120228235
1,1,"PS","No","PATT","original_refit","same_saved_point",1000,TRUE,"inclusive",0.9970067570835,1000,"conditional_on_available_point",0.993692207558235,-0.00331454952526538,0.00331454952526538,-0.332450056302656,0.00988719769542504,0.099434388897529,0.00314439146663151,0.315383165088034,0.00988829673628506,0.099439915206546,0.00217942184161256
2,1,"PS","No","PATT","original_refit","same_saved_point",1000,TRUE,"inclusive",0.997206524637631,1000,"conditional_on_available_point",1.00038111810149,0.0031745934638547,0.0031745934638547,0.318348645483271,0.00720153922266911,0.0848618832142506,0.00268356837488243,0.269108585692176,0.00720441572710718,0.0848788296756452,0.00186785097215807
3,1,"PS","No","PATT","original_refit","same_saved_point",1000,TRUE,"inclusive",0.950299318654713,1000,"conditional_on_available_point",0.958053185507998,0.00775386685328544,0.00775386685328544,0.815939430984984,0.00766905424056321,0.087573136523498,0.00276930573259133,0.291414050102834,0.00772150763750114,0.0878721095541762,0.00195406366136422
1,2,"PS","No","PATT","original_refit","same_saved_point",1000,TRUE,"inclusive",1.72128921416505,1000,"conditional_on_available_point",1.71541476614472,-0.00587444802033068,0.00587444802033068,-0.341281870123157,0.013750246449738,0.117261444856091,0.00370813247467482,0.215427625070755,0.0137710053428319,0.117349926897429,0.00259421553331935
2,2,"PS","No","PATT","original_refit","same_saved_point",1000,TRUE,"inclusive",1.80426724220893,1000,"conditional_on_available_point",1.80532441434802,0.00105717213908689,0.00105717213908689,0.0585928799434731,0.00862948904851248,0.0928950431859121,0.00293759919807187,0.162813973969589,0.00862197717239564,0.0928546023221016,0.0020681654766195
3,2,"PS","No","PATT","original_refit","same_saved_point",1000,TRUE,"inclusive",1.92840265398961,1000,"conditional_on_available_point",1.9343978104054,0.00599515641579373,0.00599515641579373,0.310887168890301,0.00922400304625611,0.0960416734873779,0.00303710438514321,0.157493269305549,0.00925072094365969,0.0961806682429463,0.00215122729421723
1,3,"PS","No","PATT","original_refit","same_saved_point",1000,TRUE,"inclusive",2.23586041281618,1000,"conditional_on_available_point",2.22465068308217,-0.0112097297340112,0.0112097297340112,-0.501360893093144,0.0363666009843348,0.190700290991741,0.00603047269990792,0.269715974456216,0.03645589242406,0.190934262048643,0.00437370674720989
2,3,"PS","No","PATT","original_refit","same_saved_point",1000,TRUE,"inclusive",2.22558410382016,1000,"conditional_on_available_point",2.22347861928303,-0.00210548453712528,0.00210548453712528,-0.0946036832987469,0.0158931559872622,0.126068060932427,0.00398662212747361,0.179127004035959,0.015881695896411,0.126022600736578,0.00286436599288746
3,3,"PS","No","PATT","original_refit","same_saved_point",1000,TRUE,"inclusive",2.52090906809517,1000,"conditional_on_available_point",2.52496179781363,0.00405272971845546,0.00405272971845546,0.160764613438348,0.0148565779413308,0.121887562701577,0.00385442316583569,0.152898143555338,0.0148581459815603,0.121893994854383,0.00271533099132393
1,4,"PS","No","PATT","original_refit","same_saved_point",1000,TRUE,"inclusive",1.82983554310434,1000,"conditional_on_available_point",1.81689593802209,-0.0129396050822481,0.0129396050822481,-0.707145794113056,0.0463617308423804,0.21531774390974,0.00680894491403627,0.3721069327621,0.0464828024912225,0.215598707072242,0.00494683544013436
2,4,"PS","No","PATT","original_refit","same_saved_point",1000,TRUE,"inclusive",1.83984024786014,1000,"conditional_on_available_point",1.83668952797152,-0.00315071988861842,0.00315071988861842,-0.17124964476035,0.0200528275243868,0.141608006568791,0.00447803835673465,0.243392781625628,0.0200427017326789,0.141572249161617,0.00321979330843581
3,4,"PS","No","PATT","original_refit","same_saved_point",1000,TRUE,"inclusive",2.2299884392399,1000,"conditional_on_available_point",2.23316098613007,0.00317254689016744,0.00317254689016744,0.142267414231475,0.0241398994375239,0.155370201253406,0.00491323716479511,0.220325678749698,0.0241258245918567,0.155324900102516,0.00346273816553413
1,5,"PS","No","PATT","original_refit","same_saved_point",1000,TRUE,"inclusive",1.36283868534837,1000,"conditional_on_available_point",1.34979133790433,-0.0130473474440379,0.0130473474440379,-0.957365503658471,0.0458995061825127,0.214241700381865,0.00677491742994058,0.497118074411629,0.0460238399516555,0.214531675870151,0.00491627739298813
2,5,"PS","No","PATT","original_refit","same_saved_point",1000,TRUE,"inclusive",1.5826776772201,1000,"conditional_on_available_point",1.57883013376385,-0.00384754345625395,0.00384754345625395,-0.243103413388124,0.0232991754597814,0.152640674329555,0.0048269219446539,0.30498452174622,0.0232906798749694,0.152612843086581,0.00346935940672146
3,5,"PS","No","PATT","original_refit","same_saved_point",1000,TRUE,"inclusive",1.92151090225643,1000,"conditional_on_available_point",1.92453647613872,0.00302557388229087,0.00302557388229087,0.157458064835226,0.0294362169730827,0.17156986032833,0.00542551536474487,0.282356730756703,0.0294159348534268,0.171510742676448,0.00384121229484867
1,6,"PS","No","PATT","original_refit","same_saved_point",1000,TRUE,"inclusive",1.28846905015524,1000,"conditional_on_available_point",1.27322294460866,-0.0152461055465838,0.0152461055465838,-1.18327293501904,0.0624402961884405,0.249880563846892,0.00790191724763304,0.613279554264884,0.0626102996265897,0.250220502010906,0.00573617496325137
2,6,"PS","No","PATT","original_refit","same_saved_point",1000,TRUE,"inclusive",1.32551510658005,1000,"conditional_on_available_point",1.32097073955617,-0.00454436702387909,0.00454436702387909,-0.342837814621666,0.0269241102570253,0.164085679622036,0.00518884479022309,0.391458744186687,0.026917837418416,0.164066563986743,0.00372697005643927
3,6,"PS","No","PATT","original_refit","same_saved_point",1000,TRUE,"inclusive",1.61303336527298,1000,"conditional_on_available_point",1.61591196614737,0.00287860087439438,0.00287860087439438,0.178458854997536,0.0357373388027475,0.189043219404314,0.00597807149528571,0.370610529452627,0.0357098878069389,0.188970600377251,0.00425548638172625
1,1,"DSM","No","PATT","original_refit","same_saved_point",1000,TRUE,"inclusive",0.9970067570835,1000,"conditional_on_available_point",0.996577029914037,-0.000429727169462611,0.000429727169462611,-0.0431017308969573,0.0109322675071448,0.104557484223487,0.00330639796563341,0.331632453054328,0.0109215199050778,0.104506075924215,0.00241931477263332
2,1,"DSM","No","PATT","original_refit","same_saved_point",1000,TRUE,"inclusive",0.997206524637631,1000,"conditional_on_available_point",0.999984504402874,0.00277797976524292,0.00277797976524292,0.27857617219787,0.00701985064632627,0.0837845489713126,0.00264950007479265,0.265692212127818,0.00702054796725605,0.0837887102613237,0.00189626239645455
3,1,"DSM","No","PATT","original_refit","same_saved_point",1000,TRUE,"inclusive",0.950299318654713,1000,"conditional_on_available_point",0.958786912175063,0.0084875935203498,0.0084875935203498,0.893149490243266,0.00743660532160358,0.0862357543110952,0.00272701399365745,0.286963690294753,0.00750120796004866,0.0866095142582422,0.00192513678859245
1,2,"DSM","No","PATT","original_refit","same_saved_point",1000,TRUE,"inclusive",1.72128921416505,1000,"conditional_on_available_point",1.71829958850052,-0.00298962566452803,0.00298962566452803,-0.173685261019788,0.0146196027642395,0.120911549341821,0.00382355891339986,0.222133438235396,0.0146139210230893,0.120888051614249,0.00280053992785731
2,2,"DSM","No","PATT","original_refit","same_saved_point",1000,TRUE,"inclusive",1.80426724220893,1000,"conditional_on_available_point",1.80492780064941,0.000660558440474969,0.000660558440474969,0.0366108980433663,0.00824394607898593,0.090796178768635,0.00287122727748709,0.159135365888032,0.00823613847036022,0.0907531733349321,0.001985019631272
3,2,"DSM","No","PATT","original_refit","same_saved_point",1000,TRUE,"inclusive",1.92840265398961,1000,"conditional_on_available_point",1.93513153707247,0.00672888308285786,0.00672888308285786,0.348935585052048,0.00892939917994696,0.0944954981993691,0.00298821002942346,0.154957784529141,0.00896574764830977,0.0946876319711808,0.00212501539722729
1,3,"DSM","No","PATT","original_refit","same_saved_point",1000,TRUE,"inclusive",2.23586041281618,1000,"conditional_on_available_point",2.22753550543797,-0.00832490737820861,0.00832490737820861,-0.372335738424876,0.0369499635695504,0.192223733106894,0.006078648169581,0.271870646966043,0.0369823176888366,0.192307872144737,0.00447535534385655
2,3,"DSM","No","PATT","original_refit","same_saved_point",1000,TRUE,"inclusive",2.22558410382016,1000,"conditional_on_available_point",2.22308200558442,-0.00250209823573696,0.00250209823573696,-0.112424339814531,0.0152042116857955,0.123305359517725,0.00389925783781933,0.175201549612363,0.015195267969691,0.123269087648489,0.00271774299856473
3,3,"DSM","No","PATT","original_refit","same_saved_point",1000,TRUE,"inclusive",2.52090906809517,1000,"conditional_on_available_point",2.52569552448069,0.00478645638551978,0.00478645638551978,0.189870251414363,0.0145326057293741,0.120551257684746,0.00381216549081674,0.151221856395529,0.0145409832883752,0.120585999553743,0.00269101096957115
1,4,"DSM","No","PATT","original_refit","same_saved_point",1000,TRUE,"inclusive",1.82983554310434,1000,"conditional_on_available_point",1.81978076037789,-0.0100547827264453,0.0100547827264453,-0.549491060239609,0.0468985552679007,0.216560742674892,0.00684825198630284,0.37425505325384,0.0469527553683088,0.216685844872961,0.00503619419746007
2,4,"DSM","No","PATT","original_refit","same_saved_point",1000,TRUE,"inclusive",1.83984024786014,1000,"conditional_on_available_point",1.83629291427291,-0.00354733358723013,0.00354733358723013,-0.19280660869094,0.0192643362841633,0.138796024021451,0.00438911566083229,0.238559606788531,0.0192576555234582,0.138771955104258,0.0030759489662504
3,4,"DSM","No","PATT","original_refit","same_saved_point",1000,TRUE,"inclusive",2.2299884392399,1000,"conditional_on_available_point",2.23389471279713,0.0039062735572316,0.0039062735572316,0.17517012592958,0.0238476674725071,0.154426900093562,0.00488340736294926,0.218988012539374,0.0238390787781385,0.154399089304758,0.00347233750563717
1,5,"DSM","No","PATT","original_refit","same_saved_point",1000,TRUE,"inclusive",1.36283868534837,1000,"conditional_on_available_point",1.35267616026013,-0.0101625250882351,0.0101625250882351,-0.745688040520905,0.0464690472406085,0.21556680458876,0.00681682090424917,0.500192794461705,0.0465258551095368,0.215698528297105,0.00500804996709133
2,5,"DSM","No","PATT","original_refit","same_saved_point",1000,TRUE,"inclusive",1.5826776772201,1000,"conditional_on_available_point",1.57843352006523,-0.00424415715486573,0.00424415715486573,-0.268163076787713,0.0224443195937202,0.149814283677225,0.00473754362446618,0.299337236675218,0.0224398881440817,0.149799493136932,0.00332931326664677
3,5,"DSM","No","PATT","original_refit","same_saved_point",1000,TRUE,"inclusive",1.92151090225643,1000,"conditional_on_available_point",1.92527020280579,0.0037593005493553,0.0037593005493553,0.19564294664895,0.0291702142894275,0.170792898826115,0.00540094568473221,0.28107806614003,0.0291551764157584,0.170748869442109,0.00386480996521938
1,6,"DSM","No","PATT","original_refit","same_saved_point",1000,TRUE,"inclusive",1.28846905015524,1000,"conditional_on_available_point",1.27610776696446,-0.0123612831907813,0.0123612831907813,-0.959377579872174,0.0629150697343672,0.250828765763353,0.0079319020250106,0.61560671744928,0.0630049559867555,0.251007880328,0.00581470803885386
2,6,"DSM","No","PATT","original_refit","same_saved_point",1000,TRUE,"inclusive",1.32551510658005,1000,"conditional_on_available_point",1.32057412585756,-0.00494098072249113,0.00494098072249113,-0.372759291686936,0.0260028897651264,0.161254115498261,0.00509930287050361,0.384703489623764,0.0260013001658613,0.161249186558759,0.00359130757916365
3,6,"DSM","No","PATT","original_refit","same_saved_point",1000,TRUE,"inclusive",1.61303336527298,1000,"conditional_on_available_point",1.61664569281444,0.00361232754145879,0.00361232754145879,0.223946238139188,0.0354975654004539,0.188407975947023,0.00595798333334811,0.369365163896645,0.0354751167453202,0.188348391937176,0.00428901878758298
1,1,"X6","No","PATT","original_refit","same_saved_point",1000,TRUE,"inclusive",0.9970067570835,1000,"conditional_on_available_point",0.994132931282598,-0.00287382580090191,0.00287382580090191,-0.288245368497661,0.00975977885067788,0.0987915930161969,0.00312406447607566,0.313344363403749,0.00975827794656114,0.0987839964091408,0.00229979425156789
2,1,"X6","No","PATT","original_refit","same_saved_point",1000,TRUE,"inclusive",0.997206524637631,1000,"conditional_on_available_point",1.00195852148107,0.00475199684343724,0.00475199684343724,0.476530861564914,0.00648657189777874,0.0805392568737677,0.00254687492778478,0.255400949037139,0.00650266679988099,0.0806391145777345,0.00181912284410057
3,1,"X6","No","PATT","original_refit","same_saved_point",1000,TRUE,"inclusive",0.950299318654713,1000,"conditional_on_available_point",0.956640890244116,0.00634157158940334,0.00634157158940334,0.667323596357068,0.00672941088919047,0.0820329865919221,0.00259411080896527,0.272978287792273,0.0067628970085248,0.082236834864462,0.00176746468270313
1,2,"X6","No","PATT","original_refit","same_saved_point",1000,TRUE,"inclusive",1.72128921416505,1000,"conditional_on_available_point",1.71585548986908,-0.00543372429596743,0.00543372429596743,-0.315677589288979,0.0134375744867477,0.115920552477754,0.00366572973454777,0.212964195928336,0.0134536622719855,0.115989923148459,0.00253601648257372
2,2,"X6","No","PATT","original_refit","same_saved_point",1000,TRUE,"inclusive",1.80426724220893,1000,"conditional_on_available_point",1.8069018177276,0.00263457551866953,0.00263457551866953,0.146019140459706,0.00777859491456306,0.0881963429772633,0.00278901325105548,0.154578722364928,0.00777775730781208,0.0881915943149464,0.0019617021846839
3,2,"X6","No","PATT","original_refit","same_saved_point",1000,TRUE,"inclusive",1.92840265398961,1000,"conditional_on_available_point",1.93298551514152,0.0045828611519116,0.0045828611519116,0.237650634966212,0.00822168977281204,0.0906735340262639,0.00286734891019772,0.148690363201147,0.00823447069937693,0.090743984370188,0.00196856481251444
1,3,"X6","No","PATT","original_refit","same_saved_point",1000,TRUE,"inclusive",2.23586041281618,1000,"conditional_on_available_point",2.22509140680653,-0.010769006009648,0.010769006009648,-0.481649299210224,0.0356690038837639,0.188862394043293,0.00597235329529022,0.267116554372361,0.035749306370316,0.189074869748245,0.00422518620704807
2,3,"X6","No","PATT","original_refit","same_saved_point",1000,TRUE,"inclusive",2.22558410382016,1000,"conditional_on_available_point",2.22505602266262,-0.000528081157542535,0.000528081157542535,-0.023727755632155,0.01486465737887,0.121920701190856,0.00385547109687908,0.173234122685423,0.0148500715912001,0.121860869811437,0.00270289911798838
3,3,"X6","No","PATT","original_refit","same_saved_point",1000,TRUE,"inclusive",2.52090906809517,1000,"conditional_on_available_point",2.52354950254974,0.00264043445457348,0.00264043445457348,0.104741360487415,0.0138128948555564,0.117528272579649,0.00371657030816805,0.147429764730718,0.0138060538548097,0.117499165336651,0.0025704833522606
1,4,"X6","No","PATT","original_refit","same_saved_point",1000,TRUE,"inclusive",1.82983554310434,1000,"conditional_on_available_point",1.81733666174646,-0.0124988813578846,0.0124988813578846,-0.683060365997704,0.045540004859879,0.213401042312073,0.00674833348760114,0.36879453528116,0.0456506868902175,0.213660213634213,0.00481226652751195
2,4,"X6","No","PATT","original_refit","same_saved_point",1000,TRUE,"inclusive",1.83984024786014,1000,"conditional_on_available_point",1.8382669313511,-0.00157331650903596,0.00157331650903596,-0.0855137564723804,0.0189826512506107,0.137777542620743,0.00435690845102473,0.236809062965772,0.0189661439241977,0.13771762386927,0.00305047050506813
3,4,"X6","No","PATT","original_refit","same_saved_point",1000,TRUE,"inclusive",2.2299884392399,1000,"conditional_on_available_point",2.23174869086619,0.00176025162628533,0.00176025162628533,0.0789354597230702,0.0231094065533112,0.152017783674514,0.00480722441262224,0.215571719029216,0.0230893956325458,0.151951951723384,0.0033467113971027
1,5,"X6","No","PATT","original_refit","same_saved_point",1000,TRUE,"inclusive",1.36283868534837,1000,"conditional_on_available_point",1.3502320616287,-0.0126066237196744,0.0126066237196744,-0.925026846919297,0.0450705707494643,0.212298306044736,0.00671346190496857,0.492608698090521,0.0451844271403243,0.212566288814394,0.00478869546363002
2,5,"X6","No","PATT","original_refit","same_saved_point",1000,TRUE,"inclusive",1.5826776772201,1000,"conditional_on_available_point",1.58040753714343,-0.00227014007667138,0.00227014007667138,-0.143436664922119,0.0222012140757495,0.149000718373267,0.00471181643060821,0.297711688136292,0.0221841663976414,0.148943500689494,0.00329822118649089
3,5,"X6","No","PATT","original_refit","same_saved_point",1000,TRUE,"inclusive",1.92151090225643,1000,"conditional_on_available_point",1.92312418087484,0.00161327861840885,0.00161327861840885,0.0839588584438621,0.0284227641766628,0.168590522202948,0.00533130042078504,0.277453560868403,0.0283969440803867,0.168513928446247,0.00373290041092928
1,6,"X6","No","PATT","original_refit","same_saved_point",1000,TRUE,"inclusive",1.28846905015524,1000,"conditional_on_available_point",1.27366366833302,-0.0148053818222204,0.0148053818222204,-1.14906771105108,0.0614530650300318,0.247897287258316,0.00783920053513315,0.608412016896226,0.0616108112959035,0.248215251940535,0.00562067999616572
2,6,"X6","No","PATT","original_refit","same_saved_point",1000,TRUE,"inclusive",1.32551510658005,1000,"conditional_on_available_point",1.32254814293575,-0.00296696364429637,0.00296696364429637,-0.2238347665423,0.0257983637627375,0.16061869057721,0.00507920897017808,0.383187558177508,0.0257813682722413,0.160565775532152,0.00355575670575589
3,6,"X6","No","PATT","original_refit","same_saved_point",1000,TRUE,"inclusive",1.61303336527298,1000,"conditional_on_available_point",1.61449967088349,0.00146630561051243,0.00146630561051243,0.0909036131601826,0.0347409260941205,0.186389179122932,0.00589414337237571,0.365407405653895,0.0347083352201698,0.186301731661758,0.0041526120228235
