population_scenario,multiplier,response,method,estimand,scenario,requested,interval_required,coverage_rule,received,missing,evaluated,not_run,point_available,point_unavailable,invalid_points,interval_available,interval_unavailable,invalid_intervals,invalid_status,warning_replicates,reference_present,paired_coverage_expected,paired_point_expected,calibration_expected,derived_point_metrics_finite,derived_interval_metrics_finite,derived_paired_metrics_finite,derived_diagnostic_metrics_finite
1,1,No,Lenis_U_PS_U_OM_OW_U,PATT,source_specification,1000,TRUE,strict,1000,0,1000,0,1000,0,0,1000,0,0,0,1000,TRUE,TRUE,TRUE,TRUE,TRUE,TRUE,TRUE,TRUE
2,1,No,Lenis_U_PS_U_OM_OW_U,PATT,source_specification,1000,TRUE,strict,1000,0,1000,0,1000,0,0,1000,0,0,0,1000,TRUE,TRUE,TRUE,TRUE,TRUE,TRUE,TRUE,TRUE
3,1,No,Lenis_U_PS_U_OM_OW_U,PATT,source_specification,1000,TRUE,strict,1000,0,1000,0,1000,0,0,1000,0,0,0,1000,TRUE,TRUE,TRUE,TRUE,TRUE,TRUE,TRUE,TRUE
1,2,No,Lenis_U_PS_U_OM_OW_U,PATT,source_specification,1000,TRUE,strict,1000,0,1000,0,1000,0,0,1000,0,0,0,1000,TRUE,TRUE,TRUE,TRUE,TRUE,TRUE,TRUE,TRUE
2,2,No,Lenis_U_PS_U_OM_OW_U,PATT,source_specification,1000,TRUE,strict,1000,0,1000,0,1000,0,0,1000,0,0,0,1000,TRUE,TRUE,TRUE,TRUE,TRUE,TRUE,TRUE,TRUE
3,2,No,Lenis_U_PS_U_OM_OW_U,PATT,source_specification,1000,TRUE,strict,1000,0,1000,0,1000,0,0,1000,0,0,0,1000,TRUE,TRUE,TRUE,TRUE,TRUE,TRUE,TRUE,TRUE
1,3,No,Lenis_U_PS_U_OM_OW_U,PATT,source_specification,1000,TRUE,strict,1000,0,1000,0,1000,0,0,1000,0,0,0,1000,TRUE,TRUE,TRUE,TRUE,TRUE,TRUE,TRUE,TRUE
2,3,No,Lenis_U_PS_U_OM_OW_U,PATT,source_specification,1000,TRUE,strict,1000,0,1000,0,1000,0,0,1000,0,0,0,1000,TRUE,TRUE,TRUE,TRUE,TRUE,TRUE,TRUE,TRUE
3,3,No,Lenis_U_PS_U_OM_OW_U,PATT,source_specification,1000,TRUE,strict,1000,0,1000,0,1000,0,0,1000,0,0,0,1000,TRUE,TRUE,TRUE,TRUE,TRUE,TRUE,TRUE,TRUE
1,4,No,Lenis_U_PS_U_OM_OW_U,PATT,source_specification,1000,TRUE,strict,1000,0,1000,0,1000,0,0,1000,0,0,0,1000,TRUE,TRUE,TRUE,TRUE,TRUE,TRUE,TRUE,TRUE
2,4,No,Lenis_U_PS_U_OM_OW_U,PATT,source_specification,1000,TRUE,strict,1000,0,1000,0,1000,0,0,1000,0,0,0,1000,TRUE,TRUE,TRUE,TRUE,TRUE,TRUE,TRUE,TRUE
3,4,No,Lenis_U_PS_U_OM_OW_U,PATT,source_specification,1000,TRUE,strict,1000,0,1000,0,1000,0,0,1000,0,0,0,1000,TRUE,TRUE,TRUE,TRUE,TRUE,TRUE,TRUE,TRUE
1,5,No,Lenis_U_PS_U_OM_OW_U,PATT,source_specification,1000,TRUE,strict,1000,0,1000,0,1000,0,0,1000,0,0,0,1000,TRUE,TRUE,TRUE,TRUE,TRUE,TRUE,TRUE,TRUE
2,5,No,Lenis_U_PS_U_OM_OW_U,PATT,source_specification,1000,TRUE,strict,1000,0,1000,0,1000,0,0,1000,0,0,0,1000,TRUE,TRUE,TRUE,TRUE,TRUE,TRUE,TRUE,TRUE
3,5,No,Lenis_U_PS_U_OM_OW_U,PATT,source_specification,1000,TRUE,strict,1000,0,1000,0,1000,0,0,1000,0,0,0,1000,TRUE,TRUE,TRUE,TRUE,TRUE,TRUE,TRUE,TRUE
1,6,No,Lenis_U_PS_U_OM_OW_U,PATT,source_specification,1000,TRUE,strict,1000,0,1000,0,1000,0,0,1000,0,0,0,1000,TRUE,TRUE,TRUE,TRUE,TRUE,TRUE,TRUE,TRUE
2,6,No,Lenis_U_PS_U_OM_OW_U,PATT,source_specification,1000,TRUE,strict,1000,0,1000,0,1000,0,0,1000,0,0,0,1000,TRUE,TRUE,TRUE,TRUE,TRUE,TRUE,TRUE,TRUE
3,6,No,Lenis_U_PS_U_OM_OW_U,PATT,source_specification,1000,TRUE,strict,1000,0,1000,0,1000,0,0,1000,0,0,0,1000,TRUE,TRUE,TRUE,TRUE,TRUE,TRUE,TRUE,TRUE
1,1,No,WM_PS_M3,PATT,source_specification,1000,TRUE,inclusive,1000,0,1000,0,1000,0,0,1000,0,0,0,0,TRUE,TRUE,TRUE,TRUE,TRUE,TRUE,TRUE,TRUE
2,1,No,WM_PS_M3,PATT,source_specification,1000,TRUE,inclusive,1000,0,1000,0,1000,0,0,1000,0,0,0,0,TRUE,TRUE,TRUE,TRUE,TRUE,TRUE,TRUE,TRUE
3,1,No,WM_PS_M3,PATT,source_specification,1000,TRUE,inclusive,1000,0,1000,0,1000,0,0,1000,0,0,0,0,TRUE,TRUE,TRUE,TRUE,TRUE,TRUE,TRUE,TRUE
1,2,No,WM_PS_M3,PATT,source_specification,1000,TRUE,inclusive,1000,0,1000,0,1000,0,0,1000,0,0,0,0,TRUE,TRUE,TRUE,TRUE,TRUE,TRUE,TRUE,TRUE
2,2,No,WM_PS_M3,PATT,source_specification,1000,TRUE,inclusive,1000,0,1000,0,1000,0,0,1000,0,0,0,0,TRUE,TRUE,TRUE,TRUE,TRUE,TRUE,TRUE,TRUE
3,2,No,WM_PS_M3,PATT,source_specification,1000,TRUE,inclusive,1000,0,1000,0,1000,0,0,1000,0,0,0,0,TRUE,TRUE,TRUE,TRUE,TRUE,TRUE,TRUE,TRUE
1,3,No,WM_PS_M3,PATT,source_specification,1000,TRUE,inclusive,1000,0,1000,0,1000,0,0,1000,0,0,0,0,TRUE,TRUE,TRUE,TRUE,TRUE,TRUE,TRUE,TRUE
2,3,No,WM_PS_M3,PATT,source_specification,1000,TRUE,inclusive,1000,0,1000,0,1000,0,0,1000,0,0,0,0,TRUE,TRUE,TRUE,TRUE,TRUE,TRUE,TRUE,TRUE
3,3,No,WM_PS_M3,PATT,source_specification,1000,TRUE,inclusive,1000,0,1000,0,1000,0,0,1000,0,0,0,0,TRUE,TRUE,TRUE,TRUE,TRUE,TRUE,TRUE,TRUE
1,4,No,WM_PS_M3,PATT,source_specification,1000,TRUE,inclusive,1000,0,1000,0,1000,0,0,1000,0,0,0,0,TRUE,TRUE,TRUE,TRUE,TRUE,TRUE,TRUE,TRUE
2,4,No,WM_PS_M3,PATT,source_specification,1000,TRUE,inclusive,1000,0,1000,0,1000,0,0,1000,0,0,0,0,TRUE,TRUE,TRUE,TRUE,TRUE,TRUE,TRUE,TRUE
3,4,No,WM_PS_M3,PATT,source_specification,1000,TRUE,inclusive,1000,0,1000,0,1000,0,0,1000,0,0,0,0,TRUE,TRUE,TRUE,TRUE,TRUE,TRUE,TRUE,TRUE
1,5,No,WM_PS_M3,PATT,source_specification,1000,TRUE,inclusive,1000,0,1000,0,1000,0,0,1000,0,0,0,0,TRUE,TRUE,TRUE,TRUE,TRUE,TRUE,TRUE,TRUE
2,5,No,WM_PS_M3,PATT,source_specification,1000,TRUE,inclusive,1000,0,1000,0,1000,0,0,1000,0,0,0,0,TRUE,TRUE,TRUE,TRUE,TRUE,TRUE,TRUE,TRUE
3,5,No,WM_PS_M3,PATT,source_specification,1000,TRUE,inclusive,1000,0,1000,0,1000,0,0,1000,0,0,0,0,TRUE,TRUE,TRUE,TRUE,TRUE,TRUE,TRUE,TRUE
1,6,No,WM_PS_M3,PATT,source_specification,1000,TRUE,inclusive,1000,0,1000,0,1000,0,0,1000,0,0,0,0,TRUE,TRUE,TRUE,TRUE,TRUE,TRUE,TRUE,TRUE
2,6,No,WM_PS_M3,PATT,source_specification,1000,TRUE,inclusive,1000,0,1000,0,1000,0,0,1000,0,0,0,0,TRUE,TRUE,TRUE,TRUE,TRUE,TRUE,TRUE,TRUE
3,6,No,WM_PS_M3,PATT,source_specification,1000,TRUE,inclusive,1000,0,1000,0,1000,0,0,1000,0,0,0,0,TRUE,TRUE,TRUE,TRUE,TRUE,TRUE,TRUE,TRUE
1,1,No,WM_DSM_M3,PATT,source_specification,1000,TRUE,inclusive,1000,0,1000,0,1000,0,0,1000,0,0,0,0,TRUE,TRUE,TRUE,TRUE,TRUE,TRUE,TRUE,TRUE
2,1,No,WM_DSM_M3,PATT,source_specification,1000,TRUE,inclusive,1000,0,1000,0,1000,0,0,1000,0,0,0,0,TRUE,TRUE,TRUE,TRUE,TRUE,TRUE,TRUE,TRUE
3,1,No,WM_DSM_M3,PATT,source_specification,1000,TRUE,inclusive,1000,0,1000,0,1000,0,0,1000,0,0,0,0,TRUE,TRUE,TRUE,TRUE,TRUE,TRUE,TRUE,TRUE
1,2,No,WM_DSM_M3,PATT,source_specification,1000,TRUE,inclusive,1000,0,1000,0,1000,0,0,1000,0,0,0,0,TRUE,TRUE,TRUE,TRUE,TRUE,TRUE,TRUE,TRUE
2,2,No,WM_DSM_M3,PATT,source_specification,1000,TRUE,inclusive,1000,0,1000,0,1000,0,0,1000,0,0,0,0,TRUE,TRUE,TRUE,TRUE,TRUE,TRUE,TRUE,TRUE
3,2,No,WM_DSM_M3,PATT,source_specification,1000,TRUE,inclusive,1000,0,1000,0,1000,0,0,1000,0,0,0,0,TRUE,TRUE,TRUE,TRUE,TRUE,TRUE,TRUE,TRUE
1,3,No,WM_DSM_M3,PATT,source_specification,1000,TRUE,inclusive,1000,0,1000,0,1000,0,0,1000,0,0,0,0,TRUE,TRUE,TRUE,TRUE,TRUE,TRUE,TRUE,TRUE
2,3,No,WM_DSM_M3,PATT,source_specification,1000,TRUE,inclusive,1000,0,1000,0,1000,0,0,1000,0,0,0,0,TRUE,TRUE,TRUE,TRUE,TRUE,TRUE,TRUE,TRUE
3,3,No,WM_DSM_M3,PATT,source_specification,1000,TRUE,inclusive,1000,0,1000,0,1000,0,0,1000,0,0,0,0,TRUE,TRUE,TRUE,TRUE,TRUE,TRUE,TRUE,TRUE
1,4,No,WM_DSM_M3,PATT,source_specification,1000,TRUE,inclusive,1000,0,1000,0,1000,0,0,1000,0,0,0,0,TRUE,TRUE,TRUE,TRUE,TRUE,TRUE,TRUE,TRUE
2,4,No,WM_DSM_M3,PATT,source_specification,1000,TRUE,inclusive,1000,0,1000,0,1000,0,0,1000,0,0,0,0,TRUE,TRUE,TRUE,TRUE,TRUE,TRUE,TRUE,TRUE
3,4,No,WM_DSM_M3,PATT,source_specification,1000,TRUE,inclusive,1000,0,1000,0,1000,0,0,1000,0,0,0,0,TRUE,TRUE,TRUE,TRUE,TRUE,TRUE,TRUE,TRUE
1,5,No,WM_DSM_M3,PATT,source_specification,1000,TRUE,inclusive,1000,0,1000,0,1000,0,0,1000,0,0,0,0,TRUE,TRUE,TRUE,TRUE,TRUE,TRUE,TRUE,TRUE
2,5,No,WM_DSM_M3,PATT,source_specification,1000,TRUE,inclusive,1000,0,1000,0,1000,0,0,1000,0,0,0,0,TRUE,TRUE,TRUE,TRUE,TRUE,TRUE,TRUE,TRUE
3,5,No,WM_DSM_M3,PATT,source_specification,1000,TRUE,inclusive,1000,0,1000,0,1000,0,0,1000,0,0,0,0,TRUE,TRUE,TRUE,TRUE,TRUE,TRUE,TRUE,TRUE
1,6,No,WM_DSM_M3,PATT,source_specification,1000,TRUE,inclusive,1000,0,1000,0,1000,0,0,1000,0,0,0,0,TRUE,TRUE,TRUE,TRUE,TRUE,TRUE,TRUE,TRUE
2,6,No,WM_DSM_M3,PATT,source_specification,1000,TRUE,inclusive,1000,0,1000,0,1000,0,0,1000,0,0,0,0,TRUE,TRUE,TRUE,TRUE,TRUE,TRUE,TRUE,TRUE
3,6,No,WM_DSM_M3,PATT,source_specification,1000,TRUE,inclusive,1000,0,1000,0,1000,0,0,1000,0,0,0,0,TRUE,TRUE,TRUE,TRUE,TRUE,TRUE,TRUE,TRUE
1,1,No,WM_X6_M3,PATT,source_specification,1000,TRUE,inclusive,1000,0,1000,0,1000,0,0,1000,0,0,0,0,TRUE,TRUE,TRUE,TRUE,TRUE,TRUE,TRUE,TRUE
2,1,No,WM_X6_M3,PATT,source_specification,1000,TRUE,inclusive,1000,0,1000,0,1000,0,0,1000,0,0,0,0,TRUE,TRUE,TRUE,TRUE,TRUE,TRUE,TRUE,TRUE
3,1,No,WM_X6_M3,PATT,source_specification,1000,TRUE,inclusive,1000,0,1000,0,1000,0,0,1000,0,0,0,0,TRUE,TRUE,TRUE,TRUE,TRUE,TRUE,TRUE,TRUE
1,2,No,WM_X6_M3,PATT,source_specification,1000,TRUE,inclusive,1000,0,1000,0,1000,0,0,1000,0,0,0,0,TRUE,TRUE,TRUE,TRUE,TRUE,TRUE,TRUE,TRUE
2,2,No,WM_X6_M3,PATT,source_specification,1000,TRUE,inclusive,1000,0,1000,0,1000,0,0,1000,0,0,0,0,TRUE,TRUE,TRUE,TRUE,TRUE,TRUE,TRUE,TRUE
3,2,No,WM_X6_M3,PATT,source_specification,1000,TRUE,inclusive,1000,0,1000,0,1000,0,0,1000,0,0,0,0,TRUE,TRUE,TRUE,TRUE,TRUE,TRUE,TRUE,TRUE
1,3,No,WM_X6_M3,PATT,source_specification,1000,TRUE,inclusive,1000,0,1000,0,1000,0,0,1000,0,0,0,0,TRUE,TRUE,TRUE,TRUE,TRUE,TRUE,TRUE,TRUE
2,3,No,WM_X6_M3,PATT,source_specification,1000,TRUE,inclusive,1000,0,1000,0,1000,0,0,1000,0,0,0,0,TRUE,TRUE,TRUE,TRUE,TRUE,TRUE,TRUE,TRUE
3,3,No,WM_X6_M3,PATT,source_specification,1000,TRUE,inclusive,1000,0,1000,0,1000,0,0,1000,0,0,0,0,TRUE,TRUE,TRUE,TRUE,TRUE,TRUE,TRUE,TRUE
1,4,No,WM_X6_M3,PATT,source_specification,1000,TRUE,inclusive,1000,0,1000,0,1000,0,0,1000,0,0,0,0,TRUE,TRUE,TRUE,TRUE,TRUE,TRUE,TRUE,TRUE
2,4,No,WM_X6_M3,PATT,source_specification,1000,TRUE,inclusive,1000,0,1000,0,1000,0,0,1000,0,0,0,0,TRUE,TRUE,TRUE,TRUE,TRUE,TRUE,TRUE,TRUE
3,4,No,WM_X6_M3,PATT,source_specification,1000,TRUE,inclusive,1000,0,1000,0,1000,0,0,1000,0,0,0,0,TRUE,TRUE,TRUE,TRUE,TRUE,TRUE,TRUE,TRUE
1,5,No,WM_X6_M3,PATT,source_specification,1000,TRUE,inclusive,1000,0,1000,0,1000,0,0,1000,0,0,0,0,TRUE,TRUE,TRUE,TRUE,TRUE,TRUE,TRUE,TRUE
2,5,No,WM_X6_M3,PATT,source_specification,1000,TRUE,inclusive,1000,0,1000,0,1000,0,0,1000,0,0,0,0,TRUE,TRUE,TRUE,TRUE,TRUE,TRUE,TRUE,TRUE
3,5,No,WM_X6_M3,PATT,source_specification,1000,TRUE,inclusive,1000,0,1000,0,1000,0,0,1000,0,0,0,0,TRUE,TRUE,TRUE,TRUE,TRUE,TRUE,TRUE,TRUE
1,6,No,WM_X6_M3,PATT,source_specification,1000,TRUE,inclusive,1000,0,1000,0,1000,0,0,1000,0,0,0,0,TRUE,TRUE,TRUE,TRUE,TRUE,TRUE,TRUE,TRUE
2,6,No,WM_X6_M3,PATT,source_specification,1000,TRUE,inclusive,1000,0,1000,0,1000,0,0,1000,0,0,0,0,TRUE,TRUE,TRUE,TRUE,TRUE,TRUE,TRUE,TRUE
3,6,No,WM_X6_M3,PATT,source_specification,1000,TRUE,inclusive,1000,0,1000,0,1000,0,0,1000,0,0,0,0,TRUE,TRUE,TRUE,TRUE,TRUE,TRUE,TRUE,TRUE
