population_scenario,multiplier,response,method,estimand,scenario,requested,interval_required,coverage_rule,truth,point_metric_scope,relative_bias_status,mean_estimate,signed_bias,absolute_bias,signed_relative_bias_percent,empirical_variance,empirical_sd,bias_mcse,signed_relative_bias_mcse,mse,rmse,rmse_mcse,variance_mcse,interval_availability,availability_mcse,operational_coverage,operational_coverage_mcse,coverage_exact95_lower,coverage_exact95_upper,operational_denominator,conditional_coverage,conditional_coverage_mcse,conditional_coverage_denominator,mean_valid_ci_length,mean_reported_variance_valid_intervals,variance_calibration_ratio,warning_rate,reference_scenario,reference_method,reference_empirical_variance,relative_efficiency,relative_efficiency_mcse,paired_bias_difference,paired_bias_difference_mcse,paired_mse_difference,paired_mse_difference_mcse,paired_operational_coverage_difference,paired_operational_coverage_difference_mcse,relative_efficiency_status
1,1,No,Lenis_U_PS_U_OM_OW_U,PATT,source_specification,1000,TRUE,strict,0.9970067570835,all_requested,defined,1.03162256297346,0.0346158058899617,0.0346158058899617,3.47197304772756,0.0665402553817404,0.257953979193461,0.0081572210575502,0.818171090576373,0.0676719691437702,0.260138365382291,0.0061555645470878,0.00313835631278747,1,0,0.998,0.00141279864099595,0.992794161088542,0.999757698883123,1000,0.998,0.00141279864099595,1000,1.68928009534458,0.186158068144885,2.79767588923275,1,source_specification,Lenis_U_PS_U_OM_OW_U,0.0665402553817404,1,0,0,0,0,0,0,0,defined
2,1,No,Lenis_U_PS_U_OM_OW_U,PATT,source_specification,1000,TRUE,strict,0.997206524637631,all_requested,defined,1.04739457044819,0.0501880458105613,0.0501880458105613,5.03286376197738,0.0457356942598584,0.21385905232152,0.00676281703581122,0.678176172008975,0.0482087985078815,0.219565021139255,0.00491328203762683,0.00206801871934734,1,0,1,0,0.996317916103134,1,1000,1,0,1000,1.40047710153749,0.127836848090603,2.79512206296173,1,source_specification,Lenis_U_PS_U_OM_OW_U,0.0457356942598584,1,0,0,0,0,0,0,0,defined
3,1,No,Lenis_U_PS_U_OM_OW_U,PATT,source_specification,1000,TRUE,strict,0.950299318654713,all_requested,defined,0.921012825333908,-0.0292864933208054,0.0292864933208054,-3.0818177752947,0.050052331602762,0.223723784168698,0.00707476724725005,0.744477777513869,0.0508599779621889,0.225521568729443,0.00488797127161396,0.00216835335160293,1,0,0.999,0.000999499874937461,0.994441075720173,0.999974682512509,1000,0.999,0.000999499874937461,1000,1.41682547918563,0.13081425153153,2.61354960583516,1,source_specification,Lenis_U_PS_U_OM_OW_U,0.050052331602762,1,0,0,0,0,0,0,0,defined
1,2,No,Lenis_U_PS_U_OM_OW_U,PATT,source_specification,1000,TRUE,strict,1.72128921416505,all_requested,defined,1.58155316198446,-0.139736052180586,0.139736052180586,-8.11810421111415,0.0688563970987795,0.262405024911452,0.0082979754819341,0.482079095926899,0.0883137049806963,0.297176218733425,0.00655195824283876,0.00322908380570023,1,0,0.996,0.00199599599197994,0.98979033531607,0.998909092012274,1000,0.996,0.00199599599197994,1000,1.70161368649635,0.188888906729357,2.7432296008515,1,source_specification,Lenis_U_PS_U_OM_OW_U,0.0688563970987795,1,0,0,0,0,0,0,0,defined
2,2,No,Lenis_U_PS_U_OM_OW_U,PATT,source_specification,1000,TRUE,strict,1.80426724220893,all_requested,defined,1.67820800514,-0.126059237068931,0.126059237068931,-6.98672758225104,0.0462057134602967,0.214955142902645,0.00679747846339337,0.376744547834907,0.0620504389972375,0.249099255312491,0.00549033372151984,0.00209571969013042,1,0,0.995,0.00223047080231955,0.988370529440188,0.998374580482437,1000,0.995,0.00223047080231955,1000,1.41440995106121,0.130394611476155,2.82204519119047,1,source_specification,Lenis_U_PS_U_OM_OW_U,0.0462057134602967,1,0,0,0,0,0,0,0,defined
3,2,No,Lenis_U_PS_U_OM_OW_U,PATT,source_specification,1000,TRUE,strict,1.92840265398961,all_requested,defined,1.71483749047947,-0.213565163510142,0.213565163510142,-11.074718398064,0.0520522201509048,0.228149556543301,0.00721472245834202,0.374129461158732,0.0976102469958677,0.312426386523078,0.00607465514580868,0.00225493269621776,1,0,0.989,0.00329833291224522,0.980403371777984,0.994496405807686,1000,0.989,0.00329833291224522,1000,1.44309668674519,0.13571068376854,2.60720260106294,1,source_specification,Lenis_U_PS_U_OM_OW_U,0.0520522201509048,1,0,0,0,0,0,0,0,defined
1,3,No,Lenis_U_PS_U_OM_OW_U,PATT,source_specification,1000,TRUE,strict,2.23586041281618,all_requested,defined,1.77583663021851,-0.460023782597668,0.460023782597668,-20.5747988542024,0.0830840598270202,0.288243056858305,0.00911504579401663,0.407675083013602,0.294622856322659,0.542791724626177,0.00831601349172964,0.0038334466987927,1,0,0.927,0.00822623850857729,0.909085824605499,0.942346374772067,1000,0.927,0.00822623850857729,1000,1.75368222569444,0.200634351637606,2.41483567431977,1,source_specification,Lenis_U_PS_U_OM_OW_U,0.0830840598270202,1,0,0,0,0,0,0,0,defined
2,3,No,Lenis_U_PS_U_OM_OW_U,PATT,source_specification,1000,TRUE,strict,2.22558410382016,all_requested,defined,1.83302358066816,-0.392560523152005,0.392560523152005,-17.6385391357794,0.050648207086165,0.225051565393723,0.00711675537630492,0.319770228592538,0.204701323216454,0.452439303350686,0.00678029947148158,0.0023354878837539,1,0,0.924,0.00837997613361756,0.905795676355098,0.939656338820098,1000,0.924,0.00837997613361756,1000,1.45442571387629,0.137880423549749,2.72231598080422,1,source_specification,Lenis_U_PS_U_OM_OW_U,0.050648207086165,1,0,0,0,0,0,0,0,defined
3,3,No,Lenis_U_PS_U_OM_OW_U,PATT,source_specification,1000,TRUE,strict,2.52090906809517,all_requested,defined,2.03911395237493,-0.481795115720242,0.481795115720242,-19.1119593252244,0.0567680846460327,0.238260539422777,0.00753445981116315,0.298878682556221,0.288837850093268,0.537436368413292,0.00705809471111772,0.00247124294339355,1,0,0.85,0.0112915897906362,0.826341871432964,0.871575188883827,1000,0.85,0.0112915897906362,1000,1.47407628009607,0.1415995271257,2.49435097218126,1,source_specification,Lenis_U_PS_U_OM_OW_U,0.0567680846460327,1,0,0,0,0,0,0,0,defined
1,4,No,Lenis_U_PS_U_OM_OW_U,PATT,source_specification,1000,TRUE,strict,1.82983554310434,all_requested,defined,1.29077503281595,-0.539060510288386,0.539060510288386,-29.4595059277219,0.0896498751373919,0.299415889921346,0.00946836179797709,0.517443320721265,0.380146459014629,0.616560182800211,0.00874378905173162,0.00412505254843038,1,0,0.883,0.010164201887015,0.861442533609417,0.902270997504933,1000,0.883,0.010164201887015,1000,1.77530859536437,0.205616636840657,2.2935518485167,1,source_specification,Lenis_U_PS_U_OM_OW_U,0.0896498751373919,1,0,0,0,0,0,0,0,defined
2,4,No,Lenis_U_PS_U_OM_OW_U,PATT,source_specification,1000,TRUE,strict,1.83984024786014,all_requested,defined,1.35702572150451,-0.482814526355634,0.482814526355634,-26.2421983059225,0.0534216262030459,0.231131188295838,0.00730900993316098,0.397263291835357,0.286478071436858,0.535236463104727,0.00708737907556494,0.00247691358942822,1,0,0.868,0.0107040179372047,0.845434553391546,0.888371987027205,1000,0.868,0.0107040179372047,1000,1.47415073245702,0.141647023867275,2.65149217526438,1,source_specification,Lenis_U_PS_U_OM_OW_U,0.0534216262030459,1,0,0,0,0,0,0,0,defined
3,4,No,Lenis_U_PS_U_OM_OW_U,PATT,source_specification,1000,TRUE,strict,2.2299884392399,all_requested,defined,1.55244504888996,-0.677543390349945,0.677543390349945,-30.3832691877491,0.0638777792512391,0.252740537411867,0.00799235755276496,0.358403542015186,0.522878947278886,0.723103690544368,0.00764784777954867,0.0028133561070733,1,0,0.6,0.0154919333848297,0.568878445955893,0.630531012451088,1000,0.6,0.0154919333848297,1000,1.50204072707854,0.147021239116322,2.30160222912681,1,source_specification,Lenis_U_PS_U_OM_OW_U,0.0638777792512391,1,0,0,0,0,0,0,0,defined
1,5,No,Lenis_U_PS_U_OM_OW_U,PATT,source_specification,1000,TRUE,strict,1.36283868534837,all_requested,defined,0.837986167921977,-0.524852517426393,0.524852517426393,-38.5117125797049,0.0897373454765862,0.299561922607975,0.00947297975700287,0.695091785905782,0.365117773179932,0.604249760595676,0.0087197918471607,0.00413620651180453,1,0,0.893,0.00977501918156686,0.872171355882932,0.911479563357484,1000,0.893,0.00977501918156686,1000,1.77529905356475,0.205614378130101,2.29129106770546,1,source_specification,Lenis_U_PS_U_OM_OW_U,0.0897373454765862,1,0,0,0,0,0,0,0,defined
2,5,No,Lenis_U_PS_U_OM_OW_U,PATT,source_specification,1000,TRUE,strict,1.5826776772201,all_requested,defined,1.03969381539541,-0.542983861824694,0.542983861824694,-34.3079244523382,0.055664496365593,0.235933245570846,0.00746086431759706,0.47140769248112,0.350440306071286,0.591979987897636,0.00729168439474759,0.00258903625415048,1,0,0.81,0.0124056438768812,0.784286311148366,0.833873492461213,1000,0.81,0.0124056438768812,1000,1.48913133894484,0.144541431572072,2.59665389987099,1,source_specification,Lenis_U_PS_U_OM_OW_U,0.055664496365593,1,0,0,0,0,0,0,0,defined
3,5,No,Lenis_U_PS_U_OM_OW_U,PATT,source_specification,1000,TRUE,strict,1.92151090225643,all_requested,defined,1.17680648628988,-0.744704415966555,0.744704415966555,-38.7561899904939,0.0682832434995976,0.261310626457474,0.00826336756411075,0.430045312488577,0.622799627416185,0.789176550219395,0.00794288260688567,0.00302684924437626,1,0,0.516,0.0158032907965398,0.484517780220762,0.547387772145437,1000,0.516,0.0158032907965398,1000,1.51844508173002,0.150248876385837,2.20037696930319,1,source_specification,Lenis_U_PS_U_OM_OW_U,0.0682832434995976,1,0,0,0,0,0,0,0,defined
1,6,No,Lenis_U_PS_U_OM_OW_U,PATT,source_specification,1000,TRUE,strict,1.28846905015524,all_requested,defined,0.64402623627921,-0.64444281387603,0.64444281387603,-50.016165603542,0.100556272333698,0.317106090029343,0.0100277750440314,0.778270540749362,0.51576225641782,0.718165897559763,0.0093561617750571,0.00460165022090811,1,0,0.789,0.0129026741414329,0.762378127764404,0.813908045989226,1000,0.789,0.0129026741414329,1000,1.81000437001707,0.213736619079433,2.12554238655689,1,source_specification,Lenis_U_PS_U_OM_OW_U,0.100556272333698,1,0,0,0,0,0,0,0,defined
2,6,No,Lenis_U_PS_U_OM_OW_U,PATT,source_specification,1000,TRUE,strict,1.32551510658005,all_requested,defined,0.722361909286307,-0.603153197293743,0.603153197293743,-45.5033061712841,0.0582225057958417,0.241293401890399,0.0076303673434404,0.575652989963083,0.421958062695711,0.64958299138425,0.007501048431886,0.00271523705969104,1,0,0.734,0.0139729739139526,0.705450563319661,0.761164425136697,1000,0.734,0.0139729739139526,1000,1.50552618429677,0.147742511938025,2.53754986870691,1,source_specification,Lenis_U_PS_U_OM_OW_U,0.0582225057958417,1,0,0,0,0,0,0,0,defined
3,6,No,Lenis_U_PS_U_OM_OW_U,PATT,source_specification,1000,TRUE,strict,1.61303336527298,all_requested,defined,0.801167923689796,-0.811865441583184,0.811865441583184,-50.3315962993604,0.0738016824629325,0.271664650742294,0.00859079056099801,0.532586042294554,0.732853376017528,0.856068558012458,0.00829047553939013,0.0032928604130269,1,0,0.435,0.0156772127624779,0.404003370631576,0.466380386321306,1000,0.435,0.0156772127624779,1000,1.54088117696363,0.15472020583523,2.09643196024615,1,source_specification,Lenis_U_PS_U_OM_OW_U,0.0738016824629325,1,0,0,0,0,0,0,0,defined
1,1,No,WM_PS_M3,PATT,source_specification,1000,TRUE,inclusive,0.9970067570835,all_requested,defined,0.993692207558235,-0.00331454952526538,0.00331454952526538,-0.332450056302656,0.00988719769542504,0.099434388897529,0.00314439146663151,0.315383165088034,0.00988829673628506,0.099439915206546,0.00217942184161256,0.000432883079249633,1,0,0.945,0.00720936890441875,0.929008484457942,0.958301204920464,1000,0.945,0.00720936890441875,1000,0.385786531434764,0.00974991692503606,0.986115300349208,0,source_specification,Lenis_U_PS_U_OM_OW_U,0.0665402553817404,6.72994082160707,0.410356492158111,-0.0379303554152272,0.00779187113767302,-0.0577836724074851,0.0031892765648899,-0.053,0.00722794875765196,defined
2,1,No,WM_PS_M3,PATT,source_specification,1000,TRUE,inclusive,0.997206524637631,all_requested,defined,1.00038111810149,0.0031745934638547,0.0031745934638547,0.318348645483271,0.00720153922266911,0.0848618832142506,0.00268356837488243,0.269108585692176,0.00720441572710718,0.0848788296756452,0.00186785097215807,0.0003167983130264,1,0,0.949,0.00695693898205238,0.933486538405065,0.961794763225314,1000,0.949,0.00695693898205238,1000,0.327710396888727,0.00702428068889024,0.975386021196566,0,source_specification,Lenis_U_PS_U_OM_OW_U,0.0457356942598584,6.35082207368821,0.386208854291135,-0.0470134523467066,0.00646454692557513,-0.0410043827807744,0.00215501883889645,-0.0509999999999999,0.00696042006257141,defined
3,1,No,WM_PS_M3,PATT,source_specification,1000,TRUE,inclusive,0.950299318654713,all_requested,defined,0.958053185507998,0.00775386685328544,0.00775386685328544,0.815939430984984,0.00766905424056321,0.087573136523498,0.00276930573259133,0.291414050102834,0.00772150763750114,0.0878721095541762,0.00195406366136422,0.0003421012498802,1,0,0.934,0.00785136930732467,0.916793949538597,0.948591433981081,1000,0.934,0.00785136930732467,1000,0.33162824143871,0.00719880558695681,0.938682314812801,0,source_specification,Lenis_U_PS_U_OM_OW_U,0.050052331602762,6.52653248141406,0.386995689746395,0.0370403601740908,0.00673724243572622,-0.0431384703246877,0.00220264765981224,-0.065,0.00792703209516889,defined
1,2,No,WM_PS_M3,PATT,source_specification,1000,TRUE,inclusive,1.72128921416505,all_requested,defined,1.71541476614472,-0.00587444802033068,0.00587444802033068,-0.341281870123157,0.013750246449738,0.117261444856091,0.00370813247467482,0.215427625070755,0.0137710053428319,0.117349926897429,0.00259421553331935,0.000606060851088541,1,0,0.931,0.00801492358042171,0.913484890654288,0.945920664206744,1000,0.931,0.00801492358042171,1000,0.429227718257853,0.0120650504233318,0.877442485662626,0,source_specification,Lenis_U_PS_U_OM_OW_U,0.0688563970987795,5.00764821565008,0.298222992009416,0.133861604160256,0.00781320677977085,-0.0745426996378644,0.00385707280627816,-0.0649999999999999,0.00805231891071384,defined
2,2,No,WM_PS_M3,PATT,source_specification,1000,TRUE,inclusive,1.80426724220893,all_requested,defined,1.80532441434802,0.00105717213908689,0.00105717213908689,0.0585928799434731,0.00862948904851248,0.0928950431859121,0.00293759919807187,0.162813973969589,0.00862197717239564,0.0928546023221016,0.0020681654766195,0.000384688759608877,1,0,0.944,0.00727076337120113,0.927892253716747,0.957424450313383,1000,0.944,0.00727076337120113,1000,0.358071383578378,0.00838462457646181,0.971624684767069,0,source_specification,Lenis_U_PS_U_OM_OW_U,0.0462057134602967,5.35439736936238,0.319287143220448,0.127116409208018,0.00646580173456668,-0.0534284618248419,0.00272074557010332,-0.051,0.00764574767157904,defined
3,2,No,WM_PS_M3,PATT,source_specification,1000,TRUE,inclusive,1.92840265398961,all_requested,defined,1.9343978104054,0.00599515641579373,0.00599515641579373,0.310887168890301,0.00922400304625611,0.0960416734873779,0.00303710438514321,0.157493269305549,0.00925072094365969,0.0961806682429463,0.00215122729421723,0.000413319592714632,1,0,0.935,0.0077958322198467,0.917898930078629,0.949479690310382,1000,0.935,0.0077958322198467,1000,0.365325472383764,0.00873252171486356,0.946717132580303,0,source_specification,Lenis_U_PS_U_OM_OW_U,0.0520522201509048,5.64312694714818,0.33063307540463,0.219560319925936,0.00674128778221299,-0.088359526052208,0.00379425711098429,-0.054,0.00831583748958291,defined
1,3,No,WM_PS_M3,PATT,source_specification,1000,TRUE,inclusive,2.23586041281618,all_requested,defined,2.22465068308217,-0.0112097297340112,0.0112097297340112,-0.501360893093144,0.0363666009843348,0.190700290991741,0.00603047269990792,0.269715974456216,0.03645589242406,0.190934262048643,0.00437370674720989,0.00166359940943636,1,0,0.9,0.00948683298050514,0.879712063481307,0.91789466564442,1000,0.9,0.00948683298050514,1000,0.640690469182807,0.0268485467437867,0.738274846069667,0,source_specification,Lenis_U_PS_U_OM_OW_U,0.0830840598270202,2.28462538643107,0.125969968439389,0.448814052863656,0.00792277915182697,-0.258166963898599,0.00891284871105704,-0.0270000000000001,0.011849532117827,defined
2,3,No,WM_PS_M3,PATT,source_specification,1000,TRUE,inclusive,2.22558410382016,all_requested,defined,2.22347861928303,-0.00210548453712528,0.00210548453712528,-0.0946036832987469,0.0158931559872622,0.126068060932427,0.00398662212747361,0.179127004035959,0.015881695896411,0.126022600736578,0.00286436599288746,0.000720753014789625,1,0,0.94,0.00750999334220744,0.923439509596065,0.953904964577516,1000,0.94,0.00750999334220744,1000,0.485971435199613,0.0154354667508309,0.971202117641195,0,source_specification,Lenis_U_PS_U_OM_OW_U,0.050648207086165,3.18679355609155,0.177109242296454,0.390455038614879,0.00648421019903758,-0.188819627320043,0.0060299008297293,0.016,0.0104811189218447,defined
3,3,No,WM_PS_M3,PATT,source_specification,1000,TRUE,inclusive,2.52090906809517,all_requested,defined,2.52496179781363,0.00405272971845546,0.00405272971845546,0.160764613438348,0.0148565779413308,0.121887562701577,0.00385442316583569,0.152898143555338,0.0148581459815603,0.121893994854383,0.00271533099132393,0.000661740375603154,1,0,0.945,0.00720936890441875,0.929008484457942,0.958301204920464,1000,0.945,0.00720936890441875,1000,0.473705567542998,0.0146699331981455,0.987436895365652,0,source_specification,Lenis_U_PS_U_OM_OW_U,0.0567680846460327,3.82107406363781,0.21549677739584,0.485847845438697,0.00674802562854855,-0.273979704111707,0.00758036575070579,0.095,0.0131965582311885,defined
1,4,No,WM_PS_M3,PATT,source_specification,1000,TRUE,inclusive,1.82983554310434,all_requested,defined,1.81689593802209,-0.0129396050822481,0.0129396050822481,-0.707145794113056,0.0463617308423804,0.21531774390974,0.00680894491403627,0.3721069327621,0.0464828024912225,0.215598707072242,0.00494683544013436,0.00212629976095485,1,0,0.902,0.00940191469861325,0.881871545568764,0.919722494548995,1000,0.902,0.00940191469861325,1000,0.715718967080853,0.0334967824655812,0.722509316562465,0,source_specification,Lenis_U_PS_U_OM_OW_U,0.0896498751373919,1.9337042321,0.103002314794413,0.526120905206138,0.00797162402781556,-0.333663656523407,0.0106386941076778,0.0189999999999999,0.0131457906499309,defined
2,4,No,WM_PS_M3,PATT,source_specification,1000,TRUE,inclusive,1.83984024786014,all_requested,defined,1.83668952797152,-0.00315071988861842,0.00315071988861842,-0.17124964476035,0.0200528275243868,0.141608006568791,0.00447803835673465,0.243392781625628,0.0200427017326789,0.141572249161617,0.00321979330843581,0.000909080758589824,1,0,0.94,0.00750999334220744,0.923439509596065,0.953904964577516,1000,0.94,0.00750999334220744,1000,0.546315948108428,0.0195038568563372,0.972623777500605,0,source_specification,Lenis_U_PS_U_OM_OW_U,0.0534216262030459,2.66404456618791,0.14350086694991,0.479663806467016,0.00649652081989865,-0.266435369704179,0.00743652698332659,0.0720000000000001,0.0121228281750986,defined
3,4,No,WM_PS_M3,PATT,source_specification,1000,TRUE,inclusive,2.2299884392399,all_requested,defined,2.23316098613007,0.00317254689016744,0.00317254689016744,0.142267414231475,0.0241398994375239,0.155370201253406,0.00491323716479511,0.220325678749698,0.0241258245918567,0.155324900102516,0.00346273816553413,0.00107645753360597,1,0,0.956,0.00648567652600714,0.941379580793669,0.967850502989129,1000,0.956,0.00648567652600714,1000,0.613097735449226,0.0245623165425763,1.01749871022229,0,source_specification,Lenis_U_PS_U_OM_OW_U,0.0638777792512391,2.64614935188774,0.140939652817981,0.680715937240112,0.00676095139061408,-0.498753122687029,0.0110304934058822,0.356,0.0167793189833659,defined
1,5,No,WM_PS_M3,PATT,source_specification,1000,TRUE,inclusive,1.36283868534837,all_requested,defined,1.34979133790433,-0.0130473474440379,0.0130473474440379,-0.957365503658471,0.0458995061825127,0.214241700381865,0.00677491742994058,0.497118074411629,0.0460238399516555,0.214531675870151,0.00491627739298813,0.00210270964552298,1,0,0.901,0.00944452222190196,0.880791517313793,0.918808871053031,1000,0.901,0.00944452222190196,1000,0.712698155758284,0.0332144377672451,0.723633880398903,0,source_specification,Lenis_U_PS_U_OM_OW_U,0.0897373454765862,1.95508302681425,0.104197561592121,0.511805169982355,0.00797286967763182,-0.319093933228277,0.010392595667695,0.00800000000000001,0.0128880604476431,defined
2,5,No,WM_PS_M3,PATT,source_specification,1000,TRUE,inclusive,1.5826776772201,all_requested,defined,1.57883013376385,-0.00384754345625395,0.00384754345625395,-0.243103413388124,0.0232991754597814,0.152640674329555,0.0048269219446539,0.30498452174622,0.0232906798749694,0.152612843086581,0.00346935940672146,0.00105526925515558,1,0,0.943,0.00733150734842434,0.926777270539338,0.956546418063041,1000,0.943,0.00733150734842434,1000,0.589191528594352,0.0226834821871636,0.973574460878216,0,source_specification,Lenis_U_PS_U_OM_OW_U,0.055664496365593,2.38911872489565,0.125863947626856,0.53913631836844,0.0065068198395366,-0.327149626196316,0.00844907809101418,0.133,0.0134719149526892,defined
3,5,No,WM_PS_M3,PATT,source_specification,1000,TRUE,inclusive,1.92151090225643,all_requested,defined,1.92453647613872,0.00302557388229087,0.00302557388229087,0.157458064835226,0.0294362169730827,0.17156986032833,0.00542551536474487,0.282356730756703,0.0294159348534268,0.171510742676448,0.00384121229484867,0.00131902096006235,1,0,0.956,0.00648567652600714,0.941379580793669,0.967850502989129,1000,0.956,0.00648567652600714,1000,0.680432824863457,0.0302513678826981,1.02769210834262,0,source_specification,Lenis_U_PS_U_OM_OW_U,0.0682832434995976,2.31970173212263,0.119818279673575,0.747729989848845,0.00677181554728869,-0.593383692562758,0.0124836971539626,0.44,0.0171666739555075,defined
1,6,No,WM_PS_M3,PATT,source_specification,1000,TRUE,inclusive,1.28846905015524,all_requested,defined,1.27322294460866,-0.0152461055465838,0.0152461055465838,-1.18327293501904,0.0624402961884405,0.249880563846892,0.00790191724763304,0.613279554264884,0.0626102996265897,0.250220502010906,0.00573617496325137,0.00286429558956219,1,0,0.899,0.00952885092757778,0.878633176488032,0.916979886088198,1000,0.899,0.00952885092757778,1000,0.822668922197459,0.0442449225804024,0.708595655069832,0,source_specification,Lenis_U_PS_U_OM_OW_U,0.100556272333698,1.61043874664249,0.0813420954806002,0.629196708329446,0.00804926925107367,-0.45315195679123,0.0132527952762347,0.11,0.0151039110209287,defined
2,6,No,WM_PS_M3,PATT,source_specification,1000,TRUE,inclusive,1.32551510658005,all_requested,defined,1.32097073955617,-0.00454436702387909,0.00454436702387909,-0.342837814621666,0.0269241102570253,0.164085679622036,0.00518884479022309,0.391458744186687,0.026917837418416,0.164066563986743,0.00372697005643927,0.00121808567331648,1,0,0.944,0.00727076337120113,0.927892253716747,0.957424450313383,1000,0.944,0.00727076337120113,1000,0.633685649479584,0.0262369997263812,0.974479731211736,0,source_specification,Lenis_U_PS_U_OM_OW_U,0.0582225057958417,2.16246721767341,0.111320401944369,0.598608830269864,0.00651878334425526,-0.395040225277295,0.00952451954999684,0.21,0.0148364456700423,defined
3,6,No,WM_PS_M3,PATT,source_specification,1000,TRUE,inclusive,1.61303336527298,all_requested,defined,1.61591196614737,0.00287860087439438,0.00287860087439438,0.178458854997536,0.0357373388027475,0.189043219404314,0.00597807149528571,0.370610529452627,0.0357098878069389,0.188970600377251,0.00425548638172625,0.00161046954543475,1,0,0.957,0.00641490451994416,0.942513742038028,0.968708829543907,1000,0.957,0.00641490451994416,1000,0.752910558474158,0.0370376667469175,1.03638569596206,0,source_specification,Lenis_U_PS_U_OM_OW_U,0.0738016824629325,2.06511410573354,0.102977583768996,0.814744042457579,0.00678749585641481,-0.69714348821059,0.0141081845676615,0.522,0.0171408812436762,defined
1,1,No,WM_DSM_M3,PATT,source_specification,1000,TRUE,inclusive,0.9970067570835,all_requested,defined,0.996577029914037,-0.000429727169462611,0.000429727169462611,-0.0431017308969573,0.0109322675071448,0.104557484223487,0.00330639796563341,0.331632453054328,0.0109215199050778,0.104506075924215,0.00241931477263332,0.00050637665107383,1,0,0.929,0.00812151463706124,0.911283559113213,0.944135351750103,1000,0.929,0.00812151463706124,1000,0.388749229917989,0.00989829965743887,0.90542054985115,0,source_specification,Lenis_U_PS_U_OM_OW_U,0.0665402553817404,6.08659231383179,0.387771372270723,-0.0350455330594244,0.00780369849800972,-0.0567504492386924,0.00320231482836184,-0.069,0.00814280696721382,defined
2,1,No,WM_DSM_M3,PATT,source_specification,1000,TRUE,inclusive,0.997206524637631,all_requested,defined,0.999984504402874,0.00277797976524292,0.00277797976524292,0.27857617219787,0.00701985064632627,0.0837845489713126,0.00264950007479265,0.265692212127818,0.00702054796725605,0.0837887102613237,0.00189626239645455,0.000317198097818273,1,0,0.951,0.00682634602111555,0.93573394685983,0.963532940827952,1000,0.951,0.00682634602111555,1000,0.329150210510257,0.00708783241362144,1.00968421847133,0,source_specification,Lenis_U_PS_U_OM_OW_U,0.0457356942598584,6.51519477608737,0.389876949793764,-0.0474100660453184,0.00641846197968987,-0.0411882505406255,0.00214164526530281,-0.049,0.00682976175614092,defined
3,1,No,WM_DSM_M3,PATT,source_specification,1000,TRUE,inclusive,0.950299318654713,all_requested,defined,0.958786912175063,0.0084875935203498,0.0084875935203498,0.893149490243266,0.00743660532160358,0.0862357543110952,0.00272701399365745,0.286963690294753,0.00750120796004866,0.0866095142582422,0.00192513678859245,0.000331926635306485,1,0,0.941,0.00745110730026082,0.924550926915759,0.954786645597203,1000,0.941,0.00745110730026082,1000,0.333013203957277,0.00725527073993189,0.975615946546887,0,source_specification,Lenis_U_PS_U_OM_OW_U,0.050052331602762,6.73053489303223,0.400535886295477,0.0377740868411552,0.0066854433206401,-0.0433587700021402,0.00220554950209459,-0.0580000000000001,0.00752945500635286,defined
1,2,No,WM_DSM_M3,PATT,source_specification,1000,TRUE,inclusive,1.72128921416505,all_requested,defined,1.71829958850052,-0.00298962566452803,0.00298962566452803,-0.173685261019788,0.0146196027642395,0.120911549341821,0.00382355891339986,0.222133438235396,0.0146139210230893,0.120888051614249,0.00280053992785731,0.000677984795074925,1,0,0.926,0.00827792244467173,0.907988263985751,0.941450555739347,1000,0.926,0.00827792244467173,1000,0.431278368351294,0.0121798425771545,0.833117203905644,0,source_specification,Lenis_U_PS_U_OM_OW_U,0.0688563970987795,4.7098678540847,0.292786897594009,0.136746426516058,0.00782119097366924,-0.073699783957607,0.00389900837342871,-0.07,0.00831680041657663,defined
2,2,No,WM_DSM_M3,PATT,source_specification,1000,TRUE,inclusive,1.80426724220893,all_requested,defined,1.80492780064941,0.000660558440474969,0.000660558440474969,0.0366108980433663,0.00824394607898593,0.090796178768635,0.00287122727748709,0.159135365888032,0.00823613847036022,0.0907531733349321,0.001985019631272,0.000360779990250768,1,0,0.954,0.00662449998113065,0.939116447286257,0.966128501452322,1000,0.954,0.00662449998113065,1000,0.359207667135754,0.00843980678393604,1.02375812542605,0,source_specification,Lenis_U_PS_U_OM_OW_U,0.0462057134602967,5.6048053950858,0.321851168336019,0.126719795509406,0.00641793284048012,-0.0538143005268773,0.00270064888041353,-0.041,0.00702626275970149,defined
3,2,No,WM_DSM_M3,PATT,source_specification,1000,TRUE,inclusive,1.92840265398961,all_requested,defined,1.93513153707247,0.00672888308285786,0.00672888308285786,0.348935585052048,0.00892939917994696,0.0944954981993691,0.00298821002942346,0.154957784529141,0.00896574764830977,0.0946876319711808,0.00212501539722729,0.000403161479601457,1,0,0.945,0.00720936890441875,0.929008484457942,0.958301204920464,1000,0.945,0.00720936890441875,1000,0.366882745269821,0.00880372086608293,0.985925333683561,0,source_specification,Lenis_U_PS_U_OM_OW_U,0.0520522201509048,5.82930823249565,0.343566969471512,0.220294046593,0.00668981600811114,-0.0886444993475579,0.00379822981508097,-0.044,0.00788201282199709,defined
1,3,No,WM_DSM_M3,PATT,source_specification,1000,TRUE,inclusive,2.23586041281618,all_requested,defined,2.22753550543797,-0.00832490737820861,0.00832490737820861,-0.372335738424876,0.0369499635695504,0.192223733106894,0.006078648169581,0.271870646966043,0.0369823176888366,0.192307872144737,0.00447535534385655,0.00171904625178566,1,0,0.907,0.00918428004799505,0.887280582298844,0.924281597393135,1000,0.907,0.00918428004799505,1000,0.641232920234502,0.0268972461900988,0.727937015133195,0,source_specification,Lenis_U_PS_U_OM_OW_U,0.0830840598270202,2.24855593350267,0.126542439603243,0.451698875219459,0.00792175335649979,-0.257640538633823,0.00896781065052098,-0.0200000000000003,0.0116505680434791,defined
2,3,No,WM_DSM_M3,PATT,source_specification,1000,TRUE,inclusive,2.22558410382016,all_requested,defined,2.22308200558442,-0.00250209823573696,0.00250209823573696,-0.112424339814531,0.0152042116857955,0.123305359517725,0.00389925783781933,0.175201549612363,0.015195267969691,0.123269087648489,0.00271774299856473,0.000668122466711818,1,0,0.953,0.00669260786241059,0.937987369306695,0.965264937733204,1000,0.953,0.00669260786241059,1000,0.48659516471151,0.0154786678114061,1.01805132231006,0,source_specification,Lenis_U_PS_U_OM_OW_U,0.050648207086165,3.33119586420143,0.177923417908775,0.390058424916268,0.00643293499649082,-0.189506055246764,0.00601273333050218,0.0290000000000001,0.0100129545719162,defined
3,3,No,WM_DSM_M3,PATT,source_specification,1000,TRUE,inclusive,2.52090906809517,all_requested,defined,2.52569552448069,0.00478645638551978,0.00478645638551978,0.189870251414363,0.0145326057293741,0.120551257684746,0.00381216549081674,0.151221856395529,0.0145409832883752,0.120585999553743,0.00269101096957115,0.000650685916083493,1,0,0.949,0.00695693898205238,0.933486538405065,0.961794763225314,1000,0.949,0.00695693898205238,1000,0.475273443282852,0.0147653420601257,1.01601476948358,0,source_specification,Lenis_U_PS_U_OM_OW_U,0.0567680846460327,3.90625643488628,0.221494943125062,0.486581572105761,0.0066945915848495,-0.274296866804892,0.00757869765518454,0.0989999999999999,0.0129370153577387,defined
1,4,No,WM_DSM_M3,PATT,source_specification,1000,TRUE,inclusive,1.82983554310434,all_requested,defined,1.81978076037789,-0.0100547827264453,0.0100547827264453,-0.549491060239609,0.0468985552679007,0.216560742674892,0.00684825198630284,0.37425505325384,0.0469527553683088,0.216685844872961,0.00503619419746007,0.00217993346385071,1,0,0.9,0.00948683298050514,0.879712063481307,0.91789466564442,1000,0.9,0.00948683298050514,1000,0.71598483087909,0.03352630716943,0.71486865593015,0,source_specification,Lenis_U_PS_U_OM_OW_U,0.0896498751373919,1.91157008196267,0.103599248303478,0.52900572756194,0.00796712713870217,-0.333193703646321,0.010695751478442,0.017,0.0132244427438696,defined
2,4,No,WM_DSM_M3,PATT,source_specification,1000,TRUE,inclusive,1.83984024786014,all_requested,defined,1.83629291427291,-0.00354733358723013,0.00354733358723013,-0.19280660869094,0.0192643362841633,0.138796024021451,0.00438911566083229,0.238559606788531,0.0192576555234582,0.138771955104258,0.0030759489662504,0.00085020711722349,1,0,0.949,0.00695693898205238,0.933486538405065,0.961794763225314,1000,0.949,0.00695693898205238,1000,0.546811616270628,0.0195434462872704,1.0144884307972,0,source_specification,Lenis_U_PS_U_OM_OW_U,0.0534216262030459,2.77308418079072,0.144181149202707,0.479267192768404,0.00644359152758065,-0.2672204159134,0.00742095975819228,0.081,0.01168655533404,defined
3,4,No,WM_DSM_M3,PATT,source_specification,1000,TRUE,inclusive,2.2299884392399,all_requested,defined,2.23389471279713,0.0039062735572316,0.0039062735572316,0.17517012592958,0.0238476674725071,0.154426900093562,0.00488340736294926,0.218988012539374,0.0238390787781385,0.154399089304758,0.00347233750563717,0.00107479610542837,1,0,0.957,0.00641490451994416,0.942513742038028,0.968708829543907,1000,0.957,0.00641490451994416,1000,0.614550435604573,0.0246777978773312,1.03480971066798,0,source_specification,Lenis_U_PS_U_OM_OW_U,0.0638777792512391,2.67857555984798,0.143963703189159,0.681449663907176,0.00670402868606654,-0.499039868500747,0.0110243912475076,0.357,0.0166681981278372,defined
1,5,No,WM_DSM_M3,PATT,source_specification,1000,TRUE,inclusive,1.36283868534837,all_requested,defined,1.35267616026013,-0.0101625250882351,0.0101625250882351,-0.745688040520905,0.0464690472406085,0.21556680458876,0.00681682090424917,0.500192794461705,0.0465258551095368,0.215698528297105,0.00500804996709133,0.00215804375293609,1,0,0.903,0.00935900635751467,0.882952156019713,0.920635528170636,1000,0.903,0.00935900635751467,1000,0.712965426346815,0.0332445066959189,0.715411842291166,0,source_specification,Lenis_U_PS_U_OM_OW_U,0.0897373454765862,1.93112083860773,0.104727352515959,0.514689992338158,0.00796768861108477,-0.318591918070395,0.0104499802645361,0.0100000000000001,0.0128866623322747,defined
2,5,No,WM_DSM_M3,PATT,source_specification,1000,TRUE,inclusive,1.5826776772201,all_requested,defined,1.57843352006523,-0.00424415715486573,0.00424415715486573,-0.268163076787713,0.0224443195937202,0.149814283677225,0.00473754362446618,0.299337236675218,0.0224398881440817,0.149799493136932,0.00332931326664677,0.000992752428149604,1,0,0.95,0.00689202437604511,0.934609512084506,0.962664602395338,1000,0.95,0.00689202437604511,1000,0.589615151451817,0.0227206638650022,1.01231243701232,0,source_specification,Lenis_U_PS_U_OM_OW_U,0.055664496365593,2.48011511924682,0.126457931558842,0.538739704669828,0.00645280860813534,-0.328000417927204,0.00843442124101665,0.14,0.0132126672013857,defined
3,5,No,WM_DSM_M3,PATT,source_specification,1000,TRUE,inclusive,1.92151090225643,all_requested,defined,1.92527020280579,0.0037593005493553,0.0037593005493553,0.19564294664895,0.0291702142894275,0.170792898826115,0.00540094568473221,0.28107806614003,0.0291551764157584,0.170748869442109,0.00386480996521938,0.00132297074313305,1,0,0.962,0.00604615580348373,0.948212896378036,0.972971184017016,1000,0.962,0.00604615580348373,1000,0.681827015074149,0.0303744297874662,1.04128236721508,0,source_specification,Lenis_U_PS_U_OM_OW_U,0.0682832434995976,2.34085505242059,0.122115582969476,0.74846371651591,0.00671314217012694,-0.593644451000427,0.0124766528331749,0.446,0.0170109780251863,defined
1,6,No,WM_DSM_M3,PATT,source_specification,1000,TRUE,inclusive,1.28846905015524,all_requested,defined,1.27610776696446,-0.0123612831907813,0.0123612831907813,-0.959377579872174,0.0629150697343672,0.250828765763353,0.0079319020250106,0.61560671744928,0.0630049559867555,0.251007880328,0.00581470803885386,0.00291661060527465,1,0,0.901,0.00944452222190196,0.880791517313793,0.918808871053031,1000,0.901,0.00944452222190196,1000,0.822648392122012,0.0442488809609669,0.703311323468121,0,source_specification,Lenis_U_PS_U_OM_OW_U,0.100556272333698,1.59828595530856,0.0818773546061068,0.632081530685249,0.00804022171838273,-0.452757300431064,0.0133128851145422,0.112,0.0152212906051913,defined
2,6,No,WM_DSM_M3,PATT,source_specification,1000,TRUE,inclusive,1.32551510658005,all_requested,defined,1.32057412585756,-0.00494098072249113,0.00494098072249113,-0.372759291686936,0.0260028897651264,0.161254115498261,0.00509930287050361,0.384703489623764,0.0260013001658613,0.161249186558759,0.00359130757916365,0.0011521904971592,1,0,0.948,0.00702111102319284,0.932364985949493,0.96092346505602,1000,0.948,0.00702111102319284,1000,0.634046499951846,0.0262717736511251,1.0103405386258,0,source_specification,Lenis_U_PS_U_OM_OW_U,0.0582225057958417,2.23907828405774,0.111829007002032,0.598212216571252,0.00646370762770751,-0.395956762529849,0.00951066658858656,0.214,0.0147791211654286,defined
3,6,No,WM_DSM_M3,PATT,source_specification,1000,TRUE,inclusive,1.61303336527298,all_requested,defined,1.61664569281444,0.00361232754145879,0.00361232754145879,0.223946238139188,0.0354975654004539,0.188407975947023,0.00595798333334811,0.369365163896645,0.0354751167453202,0.188348391937176,0.00428901878758298,0.00161951171889507,1,0,0.96,0.00619677335393187,0.945927303180632,0.971272374714109,1000,0.96,0.00619677335393187,1000,0.754248734095508,0.0371683092216988,1.04706643406096,0,source_specification,Lenis_U_PS_U_OM_OW_U,0.0738016824629325,2.07906321547305,0.104731226930614,0.815477769124643,0.00672712026525193,-0.697378259272208,0.0141004942642345,0.525,0.0171367636579567,defined
1,1,No,WM_X6_M3,PATT,source_specification,1000,TRUE,inclusive,0.9970067570835,all_requested,defined,0.994132931282598,-0.00287382580090191,0.00287382580090191,-0.288245368497661,0.00975977885067788,0.0987915930161969,0.00312406447607566,0.313344363403749,0.00975827794656114,0.0987839964091408,0.00229979425156789,0.000455757923839776,1,0,0.94,0.00750999334220744,0.923439509596065,0.953904964577516,1000,0.94,0.00750999334220744,1000,0.37476104785335,0.00919026007180257,0.941646343878402,0,source_specification,Lenis_U_PS_U_OM_OW_U,0.0665402553817404,6.81780359983451,0.415248345642593,-0.0374896316908637,0.00774818858737847,-0.057913691197209,0.00316510296148935,-0.0580000000000001,0.00752945500635285,defined
2,1,No,WM_X6_M3,PATT,source_specification,1000,TRUE,inclusive,0.997206524637631,all_requested,defined,1.00195852148107,0.00475199684343724,0.00475199684343724,0.476530861564914,0.00648657189777874,0.0805392568737677,0.00254687492778478,0.255400949037139,0.00650266679988099,0.0806391145777345,0.00181912284410057,0.00029272656758981,1,0,0.944,0.00727076337120113,0.927892253716747,0.957424450313383,1000,0.944,0.00727076337120113,1000,0.315024109194882,0.00648704662106417,1.00007318554283,0,source_specification,Lenis_U_PS_U_OM_OW_U,0.0457356942598584,7.05082668944442,0.419629762833615,-0.0454360489671241,0.00637196756220935,-0.0417061317080005,0.00213435114649001,-0.056,0.00727440148169707,defined
3,1,No,WM_X6_M3,PATT,source_specification,1000,TRUE,inclusive,0.950299318654713,all_requested,defined,0.956640890244116,0.00634157158940334,0.00634157158940334,0.667323596357068,0.00672941088919047,0.0820329865919221,0.00259411080896527,0.272978287792273,0.0067628970085248,0.082236834864462,0.00176746468270313,0.000290015809367742,1,0,0.947,0.00708456067798138,0.931244816710037,0.960050747639981,1000,0.947,0.00708456067798138,1000,0.320212169681606,0.00670298995433096,0.996073811616713,0,source_specification,Lenis_U_PS_U_OM_OW_U,0.050052331602762,7.43784744711631,0.431435346898525,0.0356280649102087,0.00675552161730786,-0.044097080953664,0.00219740326205692,-0.052,0.00716570633973708,defined
1,2,No,WM_X6_M3,PATT,source_specification,1000,TRUE,inclusive,1.72128921416505,all_requested,defined,1.71585548986908,-0.00543372429596743,0.00543372429596743,-0.315677589288979,0.0134375744867477,0.115920552477754,0.00366572973454777,0.212964195928336,0.0134536622719855,0.115989923148459,0.00253601648257372,0.000588894393254204,1,0,0.927,0.00822623850857729,0.909085824605499,0.942346374772067,1000,0.927,0.00822623850857729,1000,0.419013761835912,0.0114877105006976,0.854894647246567,0,source_specification,Lenis_U_PS_U_OM_OW_U,0.0688563970987795,5.1241685891071,0.298580992183073,0.134302327884619,0.00776402334053311,-0.0748600427087108,0.00384326533162668,-0.069,0.00838506465743169,defined
2,2,No,WM_X6_M3,PATT,source_specification,1000,TRUE,inclusive,1.80426724220893,all_requested,defined,1.8069018177276,0.00263457551866953,0.00263457551866953,0.146019140459706,0.00777859491456306,0.0881963429772633,0.00278901325105548,0.154578722364928,0.00777775730781208,0.0881915943149464,0.0019617021846839,0.000346922998607722,1,0,0.943,0.00733150734842434,0.926777270539338,0.956546418063041,1000,0.943,0.00733150734842434,1000,0.34618847240209,0.00783504975530798,1.00725771702537,0,source_specification,Lenis_U_PS_U_OM_OW_U,0.0462057134602967,5.94011051710515,0.348430165022641,0.128693812587601,0.00637313360894401,-0.0542726816894254,0.00271651563930575,-0.052,0.00770424268538812,defined
3,2,No,WM_X6_M3,PATT,source_specification,1000,TRUE,inclusive,1.92840265398961,all_requested,defined,1.93298551514152,0.0045828611519116,0.0045828611519116,0.237650634966212,0.00822168977281204,0.0906735340262639,0.00286734891019772,0.148690363201147,0.00823447069937693,0.090743984370188,0.00196856481251444,0.000357680648983156,1,0,0.951,0.00682634602111555,0.93573394685983,0.963532940827952,1000,0.951,0.00682634602111555,1000,0.354949658240265,0.00823593346438664,1.00173245305627,0,source_specification,Lenis_U_PS_U_OM_OW_U,0.0520522201509048,6.33108540814007,0.361377820563516,0.218148024662054,0.00676009408850638,-0.0893757762964907,0.00378564516778897,-0.038,0.00738989922871821,defined
1,3,No,WM_X6_M3,PATT,source_specification,1000,TRUE,inclusive,2.23586041281618,all_requested,defined,2.22509140680653,-0.010769006009648,0.010769006009648,-0.481649299210224,0.0356690038837639,0.188862394043293,0.00597235329529022,0.267116554372361,0.035749306370316,0.189074869748245,0.00422518620704807,0.00159433181442772,1,0,0.902,0.00940191469861325,0.881871545568764,0.919722494548995,1000,0.902,0.00940191469861325,1000,0.633406905638229,0.0262357907378023,0.735534718695761,0,source_specification,Lenis_U_PS_U_OM_OW_U,0.0830840598270202,2.32930698310975,0.12674879665798,0.44925477658802,0.00786417264004841,-0.258873549952343,0.00892947471390373,-0.0249999999999999,0.0115978234815637,defined
2,3,No,WM_X6_M3,PATT,source_specification,1000,TRUE,inclusive,2.22558410382016,all_requested,defined,2.22505602266262,-0.000528081157542535,0.000528081157542535,-0.023727755632155,0.01486465737887,0.121920701190856,0.00385547109687908,0.173234122685423,0.0148500715912001,0.121860869811437,0.00270289911798838,0.000658929673116222,1,0,0.944,0.00727076337120113,0.927892253716747,0.957424450313383,1000,0.944,0.00727076337120113,1000,0.476894672250488,0.0148657037796503,1.0000703952169,0,source_specification,Lenis_U_PS_U_OM_OW_U,0.050648207086165,3.40729058162895,0.187825750037466,0.392032441994462,0.0063902164725803,-0.189851251625254,0.00604684280006725,0.0200000000000003,0.0101835015443463,defined
3,3,No,WM_X6_M3,PATT,source_specification,1000,TRUE,inclusive,2.52090906809517,all_requested,defined,2.52354950254974,0.00264043445457348,0.00264043445457348,0.104741360487415,0.0138128948555564,0.117528272579649,0.00371657030816805,0.147429764730718,0.0138060538548097,0.117499165336651,0.0025704833522606,0.000604689905395804,1,0,0.956,0.00648567652600714,0.941379580793669,0.967850502989129,1000,0.956,0.00648567652600714,1000,0.465704726454364,0.0141729851149651,1.02606913780017,0,source_specification,Lenis_U_PS_U_OM_OW_U,0.0567680846460327,4.10978909487588,0.226010549566985,0.484435550174815,0.00676475178646012,-0.275031796238458,0.00756998790875109,0.106,0.0125268080898894,defined
1,4,No,WM_X6_M3,PATT,source_specification,1000,TRUE,inclusive,1.82983554310434,all_requested,defined,1.81733666174646,-0.0124988813578846,0.0124988813578846,-0.683060365997704,0.045540004859879,0.213401042312073,0.00674833348760114,0.36879453528116,0.0456506868902175,0.213660213634213,0.00481226652751195,0.00205279264570466,1,0,0.905,0.00927227048785787,0.885115155595548,0.922459792918345,1000,0.905,0.00927227048785787,1000,0.709073877422862,0.0328733716678624,0.721857008338266,0,source_specification,Lenis_U_PS_U_OM_OW_U,0.0896498751373919,1.96859608191157,0.103961489438994,0.526561628930501,0.0079109530054792,-0.334495772124412,0.0106618102280575,0.022,0.0128717396524977,defined
2,4,No,WM_X6_M3,PATT,source_specification,1000,TRUE,inclusive,1.83984024786014,all_requested,defined,1.8382669313511,-0.00157331650903596,0.00157331650903596,-0.0855137564723804,0.0189826512506107,0.137777542620743,0.00435690845102473,0.236809062965772,0.0189661439241977,0.13771762386927,0.00305047050506813,0.000839334592203416,1,0,0.947,0.00708456067798138,0.931244816710037,0.960050747639981,1000,0.947,0.00708456067798138,1000,0.538130242104657,0.0189262464884575,0.997028615159785,0,source_specification,Lenis_U_PS_U_OM_OW_U,0.0534216262030459,2.81423419193498,0.150670648844389,0.481241209846598,0.00640122456199412,-0.26751192751266,0.00745937141232819,0.079,0.0117854952334596,defined
3,4,No,WM_X6_M3,PATT,source_specification,1000,TRUE,inclusive,2.2299884392399,all_requested,defined,2.23174869086619,0.00176025162628533,0.00176025162628533,0.0789354597230702,0.0231094065533112,0.152017783674514,0.00480722441262224,0.215571719029216,0.0230893956325458,0.151951951723384,0.0033467113971027,0.00101821357780128,1,0,0.961,0.00612200947402077,0.947069064214555,0.972122851204664,1000,0.961,0.00612200947402077,1000,0.606919027632882,0.0240657713763484,1.04138422251696,0,source_specification,Lenis_U_PS_U_OM_OW_U,0.0638777792512391,2.76414624079069,0.144136945574632,0.67930364197623,0.00677367222618235,-0.49978955164634,0.0110229991461634,0.361,0.0167020345454666,defined
1,5,No,WM_X6_M3,PATT,source_specification,1000,TRUE,inclusive,1.36283868534837,all_requested,defined,1.3502320616287,-0.0126066237196744,0.0126066237196744,-0.925026846919297,0.0450705707494643,0.212298306044736,0.00671346190496857,0.492608698090521,0.0451844271403243,0.212566288814394,0.00478869546363002,0.00203247178795511,1,0,0.906,0.00922843432007835,0.886197561281025,0.923371007072622,1000,0.906,0.00922843432007835,1000,0.706019237225731,0.0325910019972519,0.723110478862513,0,source_specification,Lenis_U_PS_U_OM_OW_U,0.0897373454765862,1.99104080521663,0.105274309313358,0.512245893706719,0.00791269946406644,-0.319933346039608,0.0104158474001171,0.013,0.0126882619768033,defined
2,5,No,WM_X6_M3,PATT,source_specification,1000,TRUE,inclusive,1.5826776772201,all_requested,defined,1.58040753714343,-0.00227014007667138,0.00227014007667138,-0.143436664922119,0.0222012140757495,0.149000718373267,0.00471181643060821,0.297711688136292,0.0221841663976414,0.148943500689494,0.00329822118649089,0.000980781203113684,1,0,0.947,0.00708456067798138,0.931244816710037,0.960050747639981,1000,0.947,0.00708456067798138,1000,0.581532332105092,0.0221006402214846,0.995469893947163,0,source_specification,Lenis_U_PS_U_OM_OW_U,0.055664496365593,2.50727262822963,0.1314760193893,0.540713721748022,0.0064106892400842,-0.328256139673644,0.00847577165895499,0.137,0.0133569985179833,defined
3,5,No,WM_X6_M3,PATT,source_specification,1000,TRUE,inclusive,1.92151090225643,all_requested,defined,1.92312418087484,0.00161327861840885,0.00161327861840885,0.0839588584438621,0.0284227641766628,0.168590522202948,0.00533130042078504,0.277453560868403,0.0283969440803867,0.168513928446247,0.00373290041092928,0.00125959576873579,1,0,0.962,0.00604615580348373,0.948212896378036,0.972971184017016,1000,0.962,0.00604615580348373,1000,0.674866982218141,0.0297551529445883,1.0468775225254,0,source_specification,Lenis_U_PS_U_OM_OW_U,0.0682832434995976,2.40241389173764,0.12173479825114,0.746317694584963,0.00678244222665269,-0.594402683335798,0.0124790526667883,0.446,0.0170697210104727,defined
1,6,No,WM_X6_M3,PATT,source_specification,1000,TRUE,inclusive,1.28846905015524,all_requested,defined,1.27366366833302,-0.0148053818222204,0.0148053818222204,-1.14906771105108,0.0614530650300318,0.247897287258316,0.00783920053513315,0.608412016896226,0.0616108112959035,0.248215251940535,0.00562067999616572,0.00278717269737815,1,0,0.901,0.00944452222190196,0.880791517313793,0.918808871053031,1000,0.901,0.00944452222190196,1000,0.816743803712405,0.0436073053937044,0.709603424538609,0,source_specification,Lenis_U_PS_U_OM_OW_U,0.100556272333698,1.63631012195334,0.0822919083956153,0.62963743205381,0.00798598342580653,-0.454151445121916,0.0132838142809685,0.112,0.0151553847092604,defined
2,6,No,WM_X6_M3,PATT,source_specification,1000,TRUE,inclusive,1.32551510658005,all_requested,defined,1.32254814293575,-0.00296696364429637,0.00296696364429637,-0.2238347665423,0.0257983637627375,0.16061869057721,0.00507920897017808,0.383187558177508,0.0257813682722413,0.160565775532152,0.00355575670575589,0.00113920871825105,1,0,0.946,0.00714730718522718,0.930125994422933,0.959176648874369,1000,0.946,0.00714730718522718,1000,0.626499734845615,0.0256489261629028,0.994207477605595,0,source_specification,Lenis_U_PS_U_OM_OW_U,0.0582225057958417,2.2568293993876,0.115793804068925,0.600186233649447,0.00642184610350702,-0.396176694423469,0.00955502399063803,0.212,0.0149425325590837,defined
3,6,No,WM_X6_M3,PATT,source_specification,1000,TRUE,inclusive,1.61303336527298,all_requested,defined,1.61449967088349,0.00146630561051243,0.00146630561051243,0.0909036131601826,0.0347409260941205,0.186389179122932,0.00589414337237571,0.365407405653895,0.0347083352201698,0.186301731661758,0.0041526120228235,0.00154922092723394,1,0,0.957,0.00641490451994416,0.942513742038028,0.968708829543907,1000,0.957,0.00641490451994416,1000,0.74788224497791,0.0365417820369257,1.05183672818411,0,source_specification,Lenis_U_PS_U_OM_OW_U,0.0738016824629325,2.12434413127008,0.104144451895769,0.813331747193697,0.00679602838296767,-0.698145040797359,0.014106949643415,0.522,0.0172572829209529,defined
