"population_scenario","multiplier","family","response","estimand","source_method","requested_pairs","common_original_ids","common_point_pairs","common_available_intervals","analytic_only_available","refit_only_available","neither_interval_available","both_cover","analytic_only_covers","refit_only_covers","neither_covers","paired_coverage_difference","paired_coverage_difference_mcse","analytic_refit_ratio_of_mean_variances","ratio_of_mean_variances_mcse","mean_paired_variance_difference","paired_variance_difference_mcse","variance_comparison_scope","saved_refit_B","saved_refit_divisor"
1,1,"PS","No","PATT","WM_PS_M3",1000,1000,1000,1000,0,0,0,940,7,5,48,0.002,0.00346525727876128,1.00039531514578,0.00323512452430134,3.854289830524e-06,3.15294760953268e-05,"all_requested",200,"B"
2,1,"PS","No","PATT","WM_PS_M3",1000,1000,1000,1000,0,0,0,946,5,3,46,0.002,0.00282913485079872,1.00412440564686,0.00320467032042722,2.89709829383883e-05,2.24201974804538e-05,"all_requested",200,"B"
3,1,"PS","No","PATT","WM_PS_M3",1000,1000,1000,1000,0,0,0,933,4,1,62,0.003,0.00223517247567073,1.00069127152625,0.00323040032623568,4.9763293252999e-06,2.32379678458188e-05,"all_requested",200,"B"
1,2,"PS","No","PATT","WM_PS_M3",1000,1000,1000,1000,0,0,0,929,10,2,59,0.008,0.00345658038355077,1.00105194486772,0.00312195774641297,1.26917678716597e-05,3.76266643174447e-05,"all_requested",200,"B"
2,2,"PS","No","PATT","WM_PS_M3",1000,1000,1000,1000,0,0,0,938,5,6,51,-0.001,0.00331813351298736,1.00487079426149,0.00315781984145919,4.08397812718033e-05,2.63491211810982e-05,"all_requested",200,"B"
3,2,"PS","No","PATT","WM_PS_M3",1000,1000,1000,1000,0,0,0,930,7,5,58,0.002,0.00346525727876129,1.00022556361393,0.0032088932759388,1.96973915670795e-06,2.80150862719326e-05,"all_requested",200,"B"
1,3,"PS","No","PATT","WM_PS_M3",1000,1000,1000,1000,0,0,0,895,8,5,92,0.003,0.00360610648816757,1.00109804412086,0.00304686193706551,2.94808889057037e-05,8.17165408660999e-05,"all_requested",200,"B"
2,3,"PS","No","PATT","WM_PS_M3",1000,1000,1000,1000,0,0,0,933,3,7,57,-0.004,0.003161327884607,1.00448320722292,0.00308088539546019,6.92003960265401e-05,4.73393671877345e-05,"all_requested",200,"B"
3,3,"PS","No","PATT","WM_PS_M3",1000,1000,1000,1000,0,0,0,943,5,2,50,0.003,0.00264537294119339,0.999573156832387,0.00322691096767007,-6.26176075497376e-06,4.73588361309348e-05,"all_requested",200,"B"
1,4,"PS","No","PATT","WM_PS_M3",1000,1000,1000,1000,0,0,0,894,4,8,94,-0.004,0.00346352363872343,1.00079310247204,0.00304921506362163,2.65663809788265e-05,0.000102060385603667,"all_requested",200,"B"
2,4,"PS","No","PATT","WM_PS_M3",1000,1000,1000,1000,0,0,0,936,4,4,56,0,0.00282984239985339,1.00395514823514,0.00307379899913643,7.71406450237544e-05,5.97099815026853e-05,"all_requested",200,"B"
3,4,"PS","No","PATT","WM_PS_M3",1000,1000,1000,1000,0,0,0,953,4,3,40,0.001,0.00264688609615263,0.999172865555774,0.00326878646075973,-2.03163380423401e-05,8.03541323055022e-05,"all_requested",200,"B"
1,5,"PS","No","PATT","WM_PS_M3",1000,1000,1000,1000,0,0,0,895,3,6,96,-0.003,0.00300000000000002,1.0005582926123,0.00303953331124932,1.85433752271268e-05,0.000100901737545229,"all_requested",200,"B"
2,5,"PS","No","PATT","WM_PS_M3",1000,1000,1000,1000,0,0,0,939,3,4,54,-0.001,0.00264688609615263,1.00362776292676,0.00307202833516433,8.22902957283076e-05,6.9426719239795e-05,"all_requested",200,"B"
3,5,"PS","No","PATT","WM_PS_M3",1000,1000,1000,1000,0,0,0,953,5,3,39,0.002,0.00282913485079871,0.999042946960235,0.00328361674699535,-2.89521635891779e-05,9.94267737005938e-05,"all_requested",200,"B"
1,6,"PS","No","PATT","WM_PS_M3",1000,1000,1000,1000,0,0,0,891,5,8,96,-0.003,0.00360610648816756,1.00048572374669,0.0030627772894683,2.1490809567665e-05,0.000135448652190287,"all_requested",200,"B"
2,6,"PS","No","PATT","WM_PS_M3",1000,1000,1000,1000,0,0,0,940,5,4,51,0.001,0.00300133437124358,1.00332830996082,0.00307177650173408,8.73248675313257e-05,8.03202787628656e-05,"all_requested",200,"B"
3,6,"PS","No","PATT","WM_PS_M3",1000,1000,1000,1000,0,0,0,953,6,4,37,0.002,0.00316322715055461,0.998940382132225,0.0032955158473969,-3.92457734657431e-05,0.000122184258534391,"all_requested",200,"B"
1,1,"DSM","No","PATT","WM_DSM_M3",1000,1000,1000,1000,0,0,0,927,7,2,64,0.005,0.00299732947538039,0.989402697826234,0.00309290224593019,-0.000104895272476365,3.09463468401314e-05,"all_requested",200,"B"
2,1,"DSM","No","PATT","WM_DSM_M3",1000,1000,1000,1000,0,0,0,943,3,8,46,-0.005,0.00331451142492919,0.99350775042003,0.00326240690850167,-4.60159770102282e-05,2.32799007900667e-05,"all_requested",200,"B"
3,1,"DSM","No","PATT","WM_DSM_M3",1000,1000,1000,1000,0,0,0,935,3,6,56,-0.003,0.00300000000000004,0.984876523490466,0.00319545094056183,-0.000109724916605672,2.35511554349868e-05,"all_requested",200,"B"
1,2,"DSM","No","PATT","WM_DSM_M3",1000,1000,1000,1000,0,0,0,921,5,5,69,0,0.00316385998584166,0.994500449909136,0.0030213221727923,-6.6983654351895e-05,3.70058502375599e-05,"all_requested",200,"B"
2,2,"DSM","No","PATT","WM_DSM_M3",1000,1000,1000,1000,0,0,0,949,4,5,42,-0.001,0.00300133437124355,0.996920187420722,0.00315219252858408,-2.59930230998417e-05,2.66914739606158e-05,"all_requested",200,"B"
3,2,"DSM","No","PATT","WM_DSM_M3",1000,1000,1000,1000,0,0,0,941,6,4,49,0.002,0.00316322715055461,0.985578206115191,0.00314112109536306,-0.000126965447750043,2.80729669723427e-05,"all_requested",200,"B"
1,3,"DSM","No","PATT","WM_DSM_M3",1000,1000,1000,1000,0,0,0,898,3,9,90,-0.006,0.00346063230869385,1.00025563900959,0.00304566420783966,6.87598537666482e-06,8.18992405954932e-05,"all_requested",200,"B"
2,3,"DSM","No","PATT","WM_DSM_M3",1000,1000,1000,1000,0,0,0,945,5,8,42,-0.003,0.00360610648816757,1.00093511710791,0.00309413980619801,1.4474367078061e-05,4.78455558736098e-05,"all_requested",200,"B"
3,3,"DSM","No","PATT","WM_DSM_M3",1000,1000,1000,1000,0,0,0,944,3,5,48,-0.002,0.00282913485079872,0.989177964804643,0.00315919707326374,-0.000159791051446164,4.71624814362273e-05,"all_requested",200,"B"
1,4,"DSM","No","PATT","WM_DSM_M3",1000,1000,1000,1000,0,0,0,890,5,10,95,-0.005,0.00387169084380328,1.00060955046649,0.00306181825828793,2.0435976174845e-05,0.00010258969850061,"all_requested",200,"B"
2,4,"DSM","No","PATT","WM_DSM_M3",1000,1000,1000,1000,0,0,0,943,7,6,44,0.001,0.00360721665720424,1.00134915999634,0.00309378141622006,2.63672359214767e-05,6.0376774832294e-05,"all_requested",200,"B"
3,4,"DSM","No","PATT","WM_DSM_M3",1000,1000,1000,1000,0,0,0,955,5,2,38,0.003,0.0026453729411934,0.992091411997559,0.00321017080439785,-0.000195166536219326,7.98464501866607e-05,"all_requested",200,"B"
1,5,"DSM","No","PATT","WM_DSM_M3",1000,1000,1000,1000,0,0,0,892,4,11,93,-0.007,0.00386858707617731,1.00035717448888,0.00305705614788119,1.18740896870671e-05,0.000101594436667707,"all_requested",200,"B"
2,5,"DSM","No","PATT","WM_DSM_M3",1000,1000,1000,1000,0,0,0,946,4,4,46,0,0.00282984239985339,1.00150312362026,0.00309461640837234,3.41519665234979e-05,7.02001148998452e-05,"all_requested",200,"B"
3,5,"DSM","No","PATT","WM_DSM_M3",1000,1000,1000,1000,0,0,0,958,2,4,36,-0.002,0.00244989836564743,0.993017465891636,0.00322860625388221,-0.0002120904920131,9.87473139330447e-05,"all_requested",200,"B"
1,6,"DSM","No","PATT","WM_DSM_M3",1000,1000,1000,1000,0,0,0,894,4,7,95,-0.003,0.0033169265897819,1.00084355586521,0.00308386036259755,3.73264030637552e-05,0.000136344187694836,"all_requested",200,"B"
2,6,"DSM","No","PATT","WM_DSM_M3",1000,1000,1000,1000,0,0,0,945,6,3,46,0.003,0.00300000000000004,1.00159188407982,0.003095749198964,4.18216182239833e-05,8.11943939698925e-05,"all_requested",200,"B"
3,6,"DSM","No","PATT","WM_DSM_M3",1000,1000,1000,1000,0,0,0,957,4,3,36,0.001,0.00264688609615263,0.993793846506154,0.00324467701270404,-0.000230672232136591,0.000121338958981503,"all_requested",200,"B"
1,1,"X6","No","PATT","WM_X6_M3",1000,1000,1000,1000,0,0,0,938,3,2,57,0.001,0.0022369631208413,0.999473994711796,0.0031568125066701,-4.83412539773949e-06,2.90265786100425e-05,"all_requested",200,"B"
2,1,"X6","No","PATT","WM_X6_M3",1000,1000,1000,1000,0,0,0,939,9,5,47,0.004,0.00374138984843842,1.00734449189489,0.00318296184626914,4.76440613302087e-05,2.04959825877345e-05,"all_requested",200,"B"
3,1,"X6","No","PATT","WM_X6_M3",1000,1000,1000,1000,0,0,0,943,9,4,44,0.005,0.00360388512413869,0.999440473271585,0.00323419245511109,-3.75050203974469e-06,2.16909740170691e-05,"all_requested",200,"B"
1,2,"X6","No","PATT","WM_X6_M3",1000,1000,1000,1000,0,0,0,920,9,7,64,0.002,0.0040015012197939,1.00182675187002,0.00312499987757957,2.09851966393568e-05,3.5838168968892e-05,"all_requested",200,"B"
2,2,"X6","No","PATT","WM_X6_M3",1000,1000,1000,1000,0,0,0,938,5,5,52,0,0.00316385998584166,1.00893593426454,0.00317258073402076,7.00134895728167e-05,2.46319978810652e-05,"all_requested",200,"B"
3,2,"X6","No","PATT","WM_X6_M3",1000,1000,1000,1000,0,0,0,948,4,3,45,0.001,0.00264688609615263,0.999474718087225,0.00319403577467413,-4.3261868836595e-06,2.6319862911623e-05,"all_requested",200,"B"
1,3,"X6","No","PATT","WM_X6_M3",1000,1000,1000,1000,0,0,0,897,9,5,89,0.004,0.0037413898484384,1.00273878458906,0.00311214893744015,7.18541793545623e-05,8.1441260715014e-05,"all_requested",200,"B"
2,3,"X6","No","PATT","WM_X6_M3",1000,1000,1000,1000,0,0,0,943,4,1,52,0.003,0.00223517247567071,1.00778822688715,0.00313961168289604,0.000115777473873145,4.6299472974452e-05,"all_requested",200,"B"
3,3,"X6","No","PATT","WM_X6_M3",1000,1000,1000,1000,0,0,0,951,2,5,42,-0.003,0.00264537294119336,0.999332733972254,0.00314662208853422,-9.45715147897167e-06,4.46267502588241e-05,"all_requested",200,"B"
1,4,"X6","No","PATT","WM_X6_M3",1000,1000,1000,1000,0,0,0,897,5,8,90,-0.003,0.00360610648816755,1.00241025882426,0.00312166408060324,7.92333341455762e-05,0.000102387383204616,"all_requested",200,"B"
2,4,"X6","No","PATT","WM_X6_M3",1000,1000,1000,1000,0,0,0,944,4,3,49,0.001,0.00264688609615263,1.00690155137663,0.00313473641511124,0.00013062046250676,5.89072269607643e-05,"all_requested",200,"B"
3,4,"X6","No","PATT","WM_X6_M3",1000,1000,1000,1000,0,0,0,953,4,8,35,-0.004,0.00346352363872345,0.999101212312438,0.00318946930502053,-2.163001900475e-05,7.68252411096758e-05,"all_requested",200,"B"
1,5,"X6","No","PATT","WM_X6_M3",1000,1000,1000,1000,0,0,0,899,4,7,90,-0.003,0.00331692658978189,1.00218675127707,0.00312080823474633,7.12684152384921e-05,0.000101501288850302,"all_requested",200,"B"
2,5,"X6","No","PATT","WM_X6_M3",1000,1000,1000,1000,0,0,0,945,6,2,47,0.004,0.0028270111411156,1.00635148747859,0.00313235599126523,0.000140371939635584,6.87737361435122e-05,"all_requested",200,"B"
3,5,"X6","No","PATT","WM_X6_M3",1000,1000,1000,1000,0,0,0,952,5,10,33,-0.005,0.0038716908438033,0.999000840606882,0.00321244496089729,-2.97301405582355e-05,9.56809419138749e-05,"all_requested",200,"B"
1,6,"X6","No","PATT","WM_X6_M3",1000,1000,1000,1000,0,0,0,895,8,6,91,0.002,0.00374299479160873,1.00201531934993,0.00313509507822073,8.78826463582574e-05,0.000136452329899662,"all_requested",200,"B"
2,6,"X6","No","PATT","WM_X6_M3",1000,1000,1000,1000,0,0,0,945,5,1,49,0.004,0.00244744560511358,1.00584852312764,0.00313055954927363,0.000150008337862869,7.98108004206049e-05,"all_requested",200,"B"
3,6,"X6","No","PATT","WM_X6_M3",1000,1000,1000,1000,0,0,0,950,11,7,32,0.004,0.00424287661875784,0.998919372722394,0.00323240216424631,-3.94880464414496e-05,0.00011824330726552,"all_requested",200,"B"
