"scenario","method","estimand","correction","branch","n","analysis_n","d","M","fraction1","target","requested","completed","failed","failure_rate","mean_estimate","bias","bias_mcse","rmse","empirical_root_n_variance","empirical_root_n_variance_mcse","mean_root_n_variance","mean_root_n_variance_mcse","variance_ratio","variance_ratio_mcse","coverage","coverage_mcse","coverage_exact95_lower","coverage_exact95_upper","mean_interval_width","mean_interval_width_mcse","clipped_records","warning_records","paired_requested","paired_completed","feasible_minus_oracle_point","feasible_minus_oracle_point_mcse"
"spline_d1_n800","self_normalized","PATE","oracle","spline",800,800,1,3,NA,1.5,200,200,0,0,1.50364708513937,0.00364708513936576,0.00639162900967401,0.0902387532497971,6.53646742356903,0.655932228329715,6.66841212388952,0.015641331180476,1.02018593404822,0.10235180615489,0.955,0.0146586152142691,0.916297311924146,0.979219577772996,0.357836822877957,0.000419146412483536,0,0,200,200,0.000111922149708502,4.70054489336756e-05
"spline_d1_n800","self_normalized","PATE","feasible","spline",800,800,1,3,NA,1.5,200,200,0,0,1.50375900728907,0.00375900728907425,0.00639091445975824,0.0902332747635636,6.53500602111152,0.656561792929823,6.83250420937891,0.0196779352507747,1.0455237818154,0.10495773831234,0.96,0.013856406460551,0.922708031773984,0.982575191005519,0.362188072756732,0.000519556079866601,0,0,200,200,0.000111922149708502,4.70054489336756e-05
"spline_d1_n800","stabilized","PATE","oracle","spline",800,800,1,3,NA,1.5,200,200,0,0,1.50345143195947,0.00345143195946735,0.00672399920798618,0.0949164542480469,7.2339464558398,0.737597011681383,7.2528231199884,0.0182298596021202,1.00260945588467,0.102230985322647,0.95,0.0154110350074224,0.909972462298649,0.975765834527891,0.373180273656241,0.000468023213366474,0,0,200,200,0.00106903903406814,0.000637266796343689
"spline_d1_n800","stabilized","PATE","feasible","spline",800,800,1,3,NA,1.5,200,200,0,0,1.50452047099354,0.0045204709935355,0.00670949916187005,0.0947570212682271,7.20278064050159,0.737359674986255,7.51710106293139,0.0238332243714765,1.04363876093385,0.106914899127794,0.955,0.0146586152142691,0.916297311924146,0.979219577772996,0.379883383314205,0.00060061109160204,0,0,200,200,0.00106903903406814,0.000637266796343689
"spline_d1_n800","self_normalized","PATT","oracle","spline",800,800,1,3,NA,1.5,200,200,0,0,1.50610272535193,0.00610272535192799,0.00664272504265216,0.093905679589599,7.06012735876451,0.740645270038393,7.58049454506784,0.024160321005766,1.07370507072473,0.112707232015382,0.965,0.012995191418367,0.929219001649023,0.985814474101581,0.381480768389361,0.00060654522935655,0,0,200,200,-6.88596107982407e-05,4.26830011548868e-05
"spline_d1_n800","self_normalized","PATT","feasible","spline",800,800,1,3,NA,1.5,200,200,0,0,1.50603386574113,0.00603386574112976,0.00664547905987102,0.093939999632125,7.06598270962948,0.74145297413305,7.76266519524149,0.0286941104370676,1.09859668700612,0.115730647922388,0.955,0.0146586152142691,0.916297311924146,0.979219577772996,0.386004397509958,0.000710292369390177,0,0,200,200,-6.88596107982407e-05,4.26830011548868e-05
"spline_d1_n800","stabilized","PATT","oracle","spline",800,800,1,3,NA,1.5,200,200,0,0,1.50641390014251,0.0064139001425073,0.0068882333573655,0.0973819393591907,7.59164140568364,0.815644689307564,8.05590579201676,0.0298117203191756,1.06115467808919,0.114131966443806,0.965,0.012995191418367,0.929219001649023,0.985814474101581,0.393226526215376,0.000726563113792619,0,0,200,200,0.00038067385058179,0.000676361370301716
"spline_d1_n800","stabilized","PATT","feasible","spline",800,800,1,3,NA,1.5,200,200,0,0,1.50679457399309,0.0067945739930891,0.00686173469797779,0.0970348568596285,7.53334449046918,0.812471740248525,8.3046313340942,0.0339837072195002,1.10238305769779,0.119432550790774,0.965,0.012995191418367,0.929219001649023,0.985814474101581,0.399220913387741,0.00081493215398119,0,0,200,200,0.00038067385058179,0.000676361370301716
"spline_d1_n2000","self_normalized","PATE","oracle","spline",2000,2000,1,3,NA,1.5,200,200,0,0,1.49870825913859,-0.00129174086140585,0.00426081267401079,0.0601200382436024,7.26180985720441,0.700995739761269,6.6578631148427,0.00891625421883736,0.916832476443523,0.0885444107299191,0.95,0.0154110350074224,0.909972462298649,0.975765834527891,0.226157616665455,0.000151149750599514,0,0,200,200,4.06679228619587e-06,7.88587084422792e-06
"spline_d1_n2000","self_normalized","PATE","feasible","spline",2000,2000,1,3,NA,1.5,200,200,0,0,1.49871232593088,-0.00128767406911965,0.00426037311408939,0.060113751668717,7.2603116285023,0.700608362864585,6.72270360366503,0.0100035026895298,0.925952486291809,0.0894182737400118,0.96,0.013856406460551,0.922708031773984,0.982575191005519,0.227253843337707,0.000168779280554807,0,0,200,200,4.06679228619587e-06,7.88587084422792e-06
"spline_d1_n2000","stabilized","PATE","oracle","spline",2000,2000,1,3,NA,1.5,200,200,0,0,1.49893514221736,-0.00106485778263705,0.00449880356456234,0.0634723671457784,8.09569340500753,0.785003732692613,7.25383640031414,0.011821309233803,0.896011748150854,0.0869242882663689,0.955,0.0146586152142691,0.916297311924146,0.979219577772996,0.236057759568384,0.000192338103592352,0,0,200,200,-8.78357871591496e-05,0.000253529922219045
"spline_d1_n2000","stabilized","PATE","feasible","spline",2000,2000,1,3,NA,1.5,200,200,0,0,1.4988473064302,-0.0011526935697962,0.00450688436278642,0.0635878764208405,8.12480266381152,0.786088140291301,7.35651409721596,0.0130854719371603,0.905439110537715,0.0876453364285234,0.955,0.0146586152142691,0.916297311924146,0.979219577772996,0.237719608978476,0.000211235225073959,0,0,200,200,-8.78357871591496e-05,0.000253529922219045
"spline_d1_n2000","self_normalized","PATT","oracle","spline",2000,2000,1,3,NA,1.5,200,200,0,0,1.49537763400089,-0.0046223659991106,0.00452626605166259,0.0640179354333296,8.19483374817331,0.825402071958202,7.57571727195728,0.0130320528163412,0.924450392132233,0.0931108767998225,0.945,0.0161206389451535,0.903722355566087,0.972227745447994,0.241236524499236,0.000207293184695963,0,0,200,200,2.85385602474486e-06,7.59604347331348e-06
"spline_d1_n2000","self_normalized","PATT","feasible","spline",2000,2000,1,3,NA,1.5,200,200,0,0,1.49538048785691,-0.00461951214308584,0.00452637835742777,0.0640193095739373,8.19524041383619,0.825231153991422,7.66272225837984,0.0148683009414864,0.935021045318294,0.0942912290630349,0.945,0.0161206389451535,0.903722355566087,0.972227745447994,0.242613067414074,0.000234719333076183,0,0,200,200,2.85385602474486e-06,7.59604347331348e-06
"spline_d1_n2000","stabilized","PATT","oracle","spline",2000,2000,1,3,NA,1.5,200,200,0,0,1.49628818452225,-0.00371181547774575,0.00473957583551562,0.0669628987959821,8.98543164024144,0.913117254664658,8.05210760133714,0.0171713073449218,0.896129192645083,0.0911134426958768,0.94,0.0167928556237467,0.897538168691676,0.968616046106517,0.248696005862413,0.000265013593585318,0,0,200,200,-0.000348066326335847,0.000269079922011923
"spline_d1_n2000","stabilized","PATT","feasible","spline",2000,2000,1,3,NA,1.5,200,200,0,0,1.49594011819592,-0.0040598818040816,0.00475695024047146,0.0672277411693795,9.05143023612858,0.904053013636294,8.17378379489569,0.0179467928292919,0.903037816307772,0.0904785367452585,0.94,0.0167928556237467,0.897538168691676,0.968616046106517,0.250566363077406,0.000274598005489447,0,0,200,200,-0.000348066326335847,0.000269079922011923
"spline_d2_n800","self_normalized","PATE","oracle","spline",800,800,2,3,NA,1.5,200,200,0,0,1.49356387195768,-0.00643612804231915,0.00606679780611329,0.0858243836715945,5.88896569924176,0.627861333287863,6.61190851046628,0.013915943374801,1.12276227238301,0.120158647085768,0.97,0.0120623380818148,0.935849373294973,0.988912544327745,0.356326962253495,0.000374885690869252,0,0,200,200,-0.00123003400275019,0.00115303803496121
"spline_d2_n800","self_normalized","PATE","feasible","spline",800,800,2,3,NA,1.5,200,200,0,0,1.49233383795493,-0.00766616204506936,0.00609100207006319,0.0862654680494262,5.93604899480226,0.62185485574942,7.42872206371001,0.0391391279318932,1.25145902101124,0.131801851179857,0.975,0.0110397010829098,0.942625648873154,0.991833833809157,0.377488042155872,0.000973073460498011,0,0,200,200,-0.00123003400275019,0.00115303803496121
"spline_d2_n800","stabilized","PATE","oracle","spline",800,800,2,3,NA,1.5,200,200,0,0,1.49271307006169,-0.00728692993830665,0.00638574577834081,0.0903762769088199,6.5244398632956,0.69183472871104,7.21471749534343,0.0187251945587976,1.10579875767284,0.117589163414019,0.945,0.0161206389451535,0.903722355566087,0.972227745447994,0.372194672718203,0.000482489392209349,0,0,200,200,-0.00571021215296881,0.00372679239944993
"spline_d2_n800","stabilized","PATE","feasible","spline",800,800,2,3,NA,1.5,200,200,0,0,1.48700285790872,-0.0129971420912754,0.00764921901405507,0.10868544270514,9.36168824399707,0.999527240721751,9.7927991347557,0.201331694241988,1.04605054980709,0.10916928007359,0.96,0.013856406460551,0.922708031773984,0.982575191005519,0.430509431487133,0.00372064893978421,193,0,200,200,-0.00571021215296881,0.00372679239944993
"spline_d2_n800","self_normalized","PATT","oracle","spline",800,800,2,3,NA,1.5,200,200,0,0,1.49272716995602,-0.00727283004398295,0.00649646163480076,0.0919320009439795,6.7526422035901,0.724881840895218,7.50804045275975,0.0210911412076921,1.11186706275775,0.119836213624238,0.97,0.0120623380818148,0.935849373294973,0.988912544327745,0.379674208134359,0.000533485714269368,0,0,200,200,0.000728092721437501,0.000847311764766584
"spline_d2_n800","self_normalized","PATT","feasible","spline",800,800,2,3,NA,1.5,200,200,0,0,1.49345526267745,-0.00654473732254544,0.00645748137751678,0.0913287888295654,6.67185051855617,0.738242044344345,8.49541326833839,0.0457821031514799,1.27332188344304,0.14167297325543,0.98,0.00989949493661167,0.949586390910104,0.994524434120444,0.403665587515302,0.00107037454447913,0,0,200,200,0.000728092721437501,0.000847311764766584
"spline_d2_n800","stabilized","PATT","oracle","spline",800,800,2,3,NA,1.5,200,200,0,0,1.49201597500083,-0.00798402499916685,0.00678244573434761,0.0960107135319906,7.3602512222992,0.799341721500625,7.99444789350336,0.028685628282616,1.08616508486595,0.118378149773026,0.965,0.012995191418367,0.929219001649023,0.985814474101581,0.391731216822821,0.000703064547749385,0,0,200,200,-0.00293040454339285,0.00304245505461414
"spline_d2_n800","stabilized","PATT","feasible","spline",800,800,2,3,NA,1.5,200,200,0,0,1.48908557045744,-0.0109144295425597,0.00759835008227654,0.10774216743148,9.2375878356531,1.08957661801779,9.9167621508219,0.212777122984711,1.07352290741393,0.118427955070542,0.97,0.0120623380818148,0.935849373294973,0.988912544327745,0.433880295991677,0.00334157301686172,126,0,200,200,-0.00293040454339285,0.00304245505461414
"spline_d2_n2000","self_normalized","PATE","oracle","spline",2000,2000,2,3,NA,1.5,200,200,0,0,1.50267878102639,0.00267878102639204,0.00402154565446422,0.056794092373454,6.46913178037602,0.652597277042399,6.58387511676282,0.00763022432687362,1.0177370534845,0.102749201284064,0.96,0.013856406460551,0.922708031773984,0.982575191005519,0.224899946318987,0.000130411582528104,0,0,200,200,-1.51574835383493e-05,0.000183555627137109
"spline_d2_n2000","self_normalized","PATE","feasible","spline",2000,2000,2,3,NA,1.5,200,200,0,0,1.50266362354285,0.0026636235428537,0.00403922907413826,0.0570425614917269,6.52614860534552,0.6614524779292,6.85963100589341,0.0131261312556635,1.05109941877124,0.106768561788801,0.955,0.0146586152142691,0.916297311924146,0.979219577772996,0.229548285301448,0.000219235581021222,0,0,200,200,-1.51574835383493e-05,0.000183555627137109
"spline_d2_n2000","stabilized","PATE","oracle","spline",2000,2000,2,3,NA,1.5,200,200,0,0,1.50212011841477,0.0021201184147732,0.00416565613715165,0.0588020443661401,6.94107642119567,0.700522343614403,7.17800217390369,0.0105310976366628,1.03413386315479,0.104430865204422,0.955,0.0146586152142691,0.916297311924146,0.979219577772996,0.234823532486483,0.000172305128114211,0,0,200,200,4.64368468575471e-05,0.000701949136717968
"spline_d2_n2000","stabilized","PATE","feasible","spline",2000,2000,2,3,NA,1.5,200,200,0,0,1.50216655526163,0.00216655526163075,0.00428921607761082,0.0605456150289044,7.35894982417405,0.808211878768291,7.70411515754652,0.019129459686726,1.04690415638365,0.114997954999335,0.955,0.0146586152142691,0.916297311924146,0.979219577772996,0.243253062127283,0.000301003521750924,82,0,200,200,4.64368468575471e-05,0.000701949136717968
"spline_d2_n2000","self_normalized","PATT","oracle","spline",2000,2000,2,3,NA,1.5,200,200,0,0,1.50159701816168,0.00159701816167609,0.00431679940124673,0.0609168870187811,7.45390282824165,0.741261049231901,7.4785230571627,0.0129589180726438,1.00330299837392,0.0999906356919862,0.945,0.0161206389451535,0.903722355566087,0.972227745447994,0.239683741692027,0.000207651330229483,0,0,200,200,-0.000501923221771146,0.000205705467175422
"spline_d2_n2000","self_normalized","PATT","feasible","spline",2000,2000,2,3,NA,1.5,200,200,0,0,1.5010950949399,0.00109509493990496,0.00433754995843341,0.0611984707461439,7.52573585676226,0.749138263027802,7.84284912960811,0.0184598766673903,1.04213717819513,0.104083995768417,0.945,0.0161206389451535,0.903722355566087,0.972227745447994,0.245437279333094,0.000287999949234876,0,0,200,200,-0.000501923221771146,0.000205705467175422
"spline_d2_n2000","stabilized","PATT","oracle","spline",2000,2000,2,3,NA,1.5,200,200,0,0,1.50109596567112,0.00109596567111686,0.00436869955704628,0.0616378355304581,7.63421432789455,0.770097835879588,7.97181955915131,0.0161931793918432,1.04422265563376,0.105617228942523,0.95,0.0154110350074224,0.909972462298649,0.975765834527891,0.247455575251379,0.00025134214579542,0,0,200,200,-3.80118871458041e-05,0.000688814673818664
"spline_d2_n2000","stabilized","PATT","feasible","spline",2000,2000,2,3,NA,1.5,200,200,0,0,1.50105795378397,0.00105795378397106,0.00441551769669391,0.0622975262401535,7.79871861192682,0.810809703818975,8.49424233531531,0.023696056037225,1.08918435937986,0.113602567080444,0.95,0.0154110350074224,0.909972462298649,0.975765834527891,0.255412715199458,0.000353796371758926,23,0,200,200,-3.80118871458041e-05,0.000688814673818664
"strata_n800","self_normalized","PATE","oracle","strata",800,800,1,3,NA,1.39857651245552,200,200,0,0,1.39856930966592,-7.20278960071617e-06,0.00680340656260984,0.0959738604113461,7.40581453698602,0.790970754089007,7.49986868115834,0.0215748391778539,1.0127000404483,0.108263281574658,0.95,0.0154110350074224,0.909972462298649,0.975765834527891,0.379464405321109,0.000544264709436292,0,0,200,200,9.34887415040107e-06,2.55037858619209e-05
"strata_n800","self_normalized","PATE","feasible","strata",800,800,1,3,NA,1.39857651245552,200,200,0,0,1.39857865854007,2.146084549693e-06,0.00680447154977803,0.0959888836578573,7.40813329147818,0.790625323359499,7.38096880187145,0.0217615624314505,0.996333153233356,0.106587684697157,0.95,0.0154110350074224,0.909972462298649,0.975765834527891,0.376440462549874,0.000553729708038378,0,0,200,200,9.34887415040107e-06,2.55037858619209e-05
"strata_n800","stabilized","PATE","oracle","strata",800,800,1,3,NA,1.39857651245552,200,200,0,0,1.39726174564676,-0.00131476680876256,0.00718326649681689,0.101340972992445,8.25589081028672,0.887609655037523,8.1865440355055,0.0289035687773026,0.991600328011264,0.106683542893885,0.94,0.0167928556237467,0.897538168691676,0.968616046106517,0.39641408420676,0.00069900440140283,0,0,200,200,0.000551298412259505,0.000381332547612259
"strata_n800","stabilized","PATE","feasible","strata",800,800,1,3,NA,1.39857651245552,200,200,0,0,1.39781304405902,-0.00076346839650306,0.00715560152801415,0.100945068707235,8.19242131643496,0.875277651494021,8.02223204424863,0.0263518128923038,0.979226010771089,0.104776940324309,0.94,0.0167928556237467,0.897538168691676,0.968616046106517,0.392432022877175,0.000643786149682643,0,0,200,200,0.000551298412259505,0.000381332547612259
"strata_n800","self_normalized","PATT","oracle","strata",800,800,1,3,NA,1.51851851851852,200,200,0,0,1.51874716476406,0.000228646245535613,0.00767187589756824,0.108225369284912,9.41722876603016,0.989184801673215,9.15240487790011,0.0364427647363471,0.971878787835619,0.102271789715285,0.95,0.0154110350074224,0.909972462298649,0.975765834527891,0.419112285562778,0.000832216674925334,0,0,200,200,1.66485338077038e-05,3.96679114130268e-05
"strata_n800","self_normalized","PATT","feasible","strata",800,800,1,3,NA,1.51851851851852,200,200,0,0,1.51876381329786,0.000245294779343311,0.0076749836667278,0.108269246105032,9.42485988552617,0.989194294629713,9.07864666877759,0.0402822895844998,0.963265956104,0.101353848606868,0.95,0.0154110350074224,0.909972462298649,0.975765834527891,0.417382980777995,0.000917950485251126,0,0,200,200,1.66485338077038e-05,3.96679114130268e-05
"strata_n800","stabilized","PATT","oracle","strata",800,800,1,3,NA,1.51851851851852,200,200,0,0,1.51782201234781,-0.000696506170711631,0.00808574308117351,0.114065569365256,10.4606785879592,1.10034845331292,9.82427618594713,0.0477392305895955,0.939162416982715,0.0987206654303125,0.95,0.0154110350074224,0.909972462298649,0.975765834527891,0.434141094531171,0.00104969987691139,0,0,200,200,0.000845456693007594,0.000491057074141462
"strata_n800","stabilized","PATT","feasible","strata",800,800,1,3,NA,1.51851851851852,200,200,0,0,1.51866746904082,0.000148950522295961,0.00805744579416112,0.113664358084235,10.3875892361352,1.09238633693987,9.66775551152339,0.0451559097188397,0.930702523150636,0.0982888997317291,0.94,0.0167928556237467,0.897538168691676,0.968616046106517,0.43068927582205,0.000997915219197972,0,0,200,200,0.000845456693007594,0.000491057074141462
"strata_n2000","self_normalized","PATE","oracle","strata",2000,2000,1,3,NA,1.39857651245552,200,200,0,0,1.40047054855132,0.00189403609579738,0.00467569088962114,0.0659859253666577,8.74483411811445,0.765876242359189,7.50412320096905,0.0139286152448826,0.858120702990198,0.0754050169196642,0.94,0.0167928556237467,0.897538168691676,0.968616046106517,0.240091127240981,0.00022204105771348,0,0,200,200,-3.15457850500023e-06,2.98978774091971e-06
"strata_n2000","self_normalized","PATE","feasible","strata",2000,2000,1,3,NA,1.39857651245552,200,200,0,0,1.40046739397281,0.00189088151729239,0.00467581823364425,0.0659876305649352,8.74531046163203,0.766011443524434,7.4546317379475,0.0144666999348496,0.852414762249199,0.0749585189870818,0.94,0.0167928556237467,0.897538168691676,0.968616046106517,0.239296145392837,0.000231626211399633,0,0,200,200,-3.15457850500023e-06,2.98978774091971e-06
"strata_n2000","stabilized","PATE","oracle","strata",2000,2000,1,3,NA,1.39857651245552,200,200,0,0,1.40059248015264,0.00201596769711735,0.00479559221314983,0.0676801843676984,9.19908186992931,0.806947112795701,8.1851504626605,0.0196737352509106,0.889779064736534,0.0782166861641603,0.945,0.0161206389451535,0.903722355566087,0.972227745447994,0.250734536396382,0.000300996210957715,0,0,200,200,-2.99990953897397e-05,0.000139142831966033
"strata_n2000","stabilized","PATE","feasible","strata",2000,2000,1,3,NA,1.39857651245552,200,200,0,0,1.40056248105725,0.00198596860172759,0.00480311910477,0.0677854316580913,9.22798125384265,0.814750135086868,8.11432708518915,0.0174696515971945,0.879317681948069,0.0779082906292007,0.945,0.0161206389451535,0.903722355566087,0.972227745447994,0.249654521072622,0.000268317096530459,0,0,200,200,-2.99990953897397e-05,0.000139142831966033
"strata_n2000","self_normalized","PATT","oracle","strata",2000,2000,1,3,NA,1.51851851851852,200,200,0,0,1.51794076878612,-0.00057774973240087,0.00510122504184625,0.0719639540557464,10.4089987710237,0.961721542981772,9.15177529923036,0.0243071536807814,0.879217636638295,0.0813858134346349,0.925,0.0186245805321892,0.879315774600339,0.957417196262907,0.26511867220434,0.000350344733930675,0,0,200,200,-4.85919515190725e-06,4.51999528510891e-06
"strata_n2000","self_normalized","PATT","feasible","strata",2000,2000,1,3,NA,1.51851851851852,200,200,0,0,1.51793590959097,-0.000582608927552775,0.00510147318376281,0.0719674935887587,10.4100114578604,0.962060113965081,9.10944408632666,0.0272722218942603,0.875065711810363,0.0812122212476358,0.93,0.0180416185526687,0.885340266462889,0.961204429570437,0.264492513286636,0.000393534999673979,0,0,200,200,-4.85919515190725e-06,4.51999528510891e-06
"strata_n2000","stabilized","PATT","oracle","strata",2000,2000,1,3,NA,1.51851851851852,200,200,0,0,1.5184364548463,-8.20636722218922e-05,0.00517738674893376,0.0730360740354056,10.722133419214,0.99312655841304,9.80262377053822,0.0323655720498057,0.914241913178585,0.0848127394938976,0.94,0.0167928556237467,0.897538168691676,0.968616046106517,0.274357884213488,0.000451142984265563,0,0,200,200,-0.000223709767794694,0.000169279503299237
"strata_n2000","stabilized","PATT","feasible","strata",2000,2000,1,3,NA,1.51851851851852,200,200,0,0,1.5182127450785,-0.000305773440016571,0.0051775413637297,0.0730388490972434,10.7227738292528,1.00106889697762,9.7408033077464,0.031709968491982,0.908421968313135,0.0850982818063999,0.94,0.0167928556237467,0.897538168691676,0.968616046106517,0.273493513868235,0.000443192202728054,0,0,200,200,-0.000223709767794694,0.000169279503299237
"split_half_n2000","stabilized","PATE","oracle","split",2000,2000,2,3,0.5,1.5,200,200,0,0,1.50370899770329,0.00370899770328521,0.00548160935504139,0.0774165153381185,12.0192164485109,1.17492754560858,14.8076477006125,0.0413566966287945,1.23199775659644,0.120144311088107,0.99,0.00703562363973515,0.96434533160276,0.998786650986264,0.337226409041975,0.000471748544468924,0,0,NA,NA,NA,NA
"split_half_n2000","stabilized","potential0","oracle","split",2000,1000,2,3,0.5,1.5,200,200,0,0,1.49997069222839,-2.93077716087512e-05,0.00376971901063907,0.0531784388766822,2.84215628383472,0.260246620402473,2.53686473258927,0.00971553487860132,0.892584530631952,0.081557491907536,0.92,0.0191833260932509,0.873335143977918,0.953582391600177,0.197364572287214,0.000376917019890172,0,0,NA,NA,NA,NA
"split_half_n2000","stabilized","potential1","oracle","split",2000,1000,2,3,0.5,3,200,200,0,0,3.00367968993168,0.00367968993167655,0.00503740312227426,0.0711565227581891,5.0750860432597,0.454926688672779,4.86695911771696,0.0183435479895123,0.958990463655458,0.0860817150005338,0.965,0.012995191418367,0.929219001649023,0.985814474101581,0.273371489626166,0.000515687521846249,0,0,NA,NA,NA,NA
"split_third_n2000","stabilized","PATE","oracle","split",2000,2000,2,3,0.333333333333333,1.5,200,200,0,0,1.50222140973206,0.00222140973206238,0.00690155898507022,0.097383809894941,19.0526065697614,1.83678974412315,18.417761474321,0.072393760622651,0.966679357330144,0.094197656340793,0.94,0.0167928556237467,0.897538168691676,0.968616046106517,0.376022967628693,0.000739660256291538,0,0,NA,NA,NA,NA
"split_third_n2000","stabilized","potential0","oracle","split",2000,1334,2,3,0.333333333333333,1.5,200,200,0,0,1.5004166193792,0.000416619379202395,0.00293014283700785,0.0413368509167732,2.2906746436776,0.221272181845643,2.54089676305371,0.00942280458788858,1.10923511990965,0.106488759668077,0.965,0.012995191418367,0.929219001649023,0.985814474101581,0.171019297456312,0.000317155524733452,0,0,NA,NA,NA,NA
"split_third_n2000","stabilized","potential1","oracle","split",2000,666,2,3,0.333333333333333,3,200,200,0,0,3.00263802911126,0.00263802911126414,0.00623419398288603,0.087983685682211,5.17684125888482,0.460718726976652,4.86457090963423,0.0231757977096158,0.93967936553692,0.0846191722996558,0.955,0.0146586152142691,0.916297311924146,0.979219577772996,0.334824741669926,0.000798616490283349,0,0,NA,NA,NA,NA
