"scenario","branch","n","d","M","fraction1","seed","replications","first","last","stage","requested_records","task_id","result_file"
"spline_d1_n800","spline",800,1,3,NA,933101,200,1,5,"imported_pilot",40,1,"task0001_spline_d1_n800_r0001-0005.csv"
"spline_d1_n2000","spline",2000,1,3,NA,933102,200,1,5,"imported_pilot",40,2,"task0002_spline_d1_n2000_r0001-0005.csv"
"spline_d2_n800","spline",800,2,3,NA,933103,200,1,5,"imported_pilot",40,3,"task0003_spline_d2_n800_r0001-0005.csv"
"spline_d2_n2000","spline",2000,2,3,NA,933104,200,1,5,"imported_pilot",40,4,"task0004_spline_d2_n2000_r0001-0005.csv"
"strata_n800","strata",800,1,3,NA,933105,200,1,5,"imported_pilot",40,5,"task0005_strata_n800_r0001-0005.csv"
"strata_n2000","strata",2000,1,3,NA,933106,200,1,5,"imported_pilot",40,6,"task0006_strata_n2000_r0001-0005.csv"
"split_half_n2000","split",2000,2,3,0.5,933107,200,1,5,"imported_pilot",15,7,"task0007_split_half_n2000_r0001-0005.csv"
"split_third_n2000","split",2000,2,3,0.333333333333333,933108,200,1,5,"imported_pilot",15,8,"task0008_split_third_n2000_r0001-0005.csv"
"spline_d1_n800","spline",800,1,3,NA,933101,200,6,105,"main",800,9,"task0009_spline_d1_n800_r0006-0105.csv"
"spline_d1_n800","spline",800,1,3,NA,933101,200,106,200,"main",760,10,"task0010_spline_d1_n800_r0106-0200.csv"
"spline_d1_n2000","spline",2000,1,3,NA,933102,200,6,55,"main",400,11,"task0011_spline_d1_n2000_r0006-0055.csv"
"spline_d1_n2000","spline",2000,1,3,NA,933102,200,56,105,"main",400,12,"task0012_spline_d1_n2000_r0056-0105.csv"
"spline_d1_n2000","spline",2000,1,3,NA,933102,200,106,155,"main",400,13,"task0013_spline_d1_n2000_r0106-0155.csv"
"spline_d1_n2000","spline",2000,1,3,NA,933102,200,156,200,"main",360,14,"task0014_spline_d1_n2000_r0156-0200.csv"
"spline_d2_n800","spline",800,2,3,NA,933103,200,6,105,"main",800,15,"task0015_spline_d2_n800_r0006-0105.csv"
"spline_d2_n800","spline",800,2,3,NA,933103,200,106,200,"main",760,16,"task0016_spline_d2_n800_r0106-0200.csv"
"spline_d2_n2000","spline",2000,2,3,NA,933104,200,6,55,"main",400,17,"task0017_spline_d2_n2000_r0006-0055.csv"
"spline_d2_n2000","spline",2000,2,3,NA,933104,200,56,105,"main",400,18,"task0018_spline_d2_n2000_r0056-0105.csv"
"spline_d2_n2000","spline",2000,2,3,NA,933104,200,106,155,"main",400,19,"task0019_spline_d2_n2000_r0106-0155.csv"
"spline_d2_n2000","spline",2000,2,3,NA,933104,200,156,200,"main",360,20,"task0020_spline_d2_n2000_r0156-0200.csv"
"strata_n800","strata",800,1,3,NA,933105,200,6,105,"main",800,21,"task0021_strata_n800_r0006-0105.csv"
"strata_n800","strata",800,1,3,NA,933105,200,106,200,"main",760,22,"task0022_strata_n800_r0106-0200.csv"
"strata_n2000","strata",2000,1,3,NA,933106,200,6,55,"main",400,23,"task0023_strata_n2000_r0006-0055.csv"
"strata_n2000","strata",2000,1,3,NA,933106,200,56,105,"main",400,24,"task0024_strata_n2000_r0056-0105.csv"
"strata_n2000","strata",2000,1,3,NA,933106,200,106,155,"main",400,25,"task0025_strata_n2000_r0106-0155.csv"
"strata_n2000","strata",2000,1,3,NA,933106,200,156,200,"main",360,26,"task0026_strata_n2000_r0156-0200.csv"
"split_half_n2000","split",2000,2,3,0.5,933107,200,6,55,"main",150,27,"task0027_split_half_n2000_r0006-0055.csv"
"split_half_n2000","split",2000,2,3,0.5,933107,200,56,105,"main",150,28,"task0028_split_half_n2000_r0056-0105.csv"
"split_half_n2000","split",2000,2,3,0.5,933107,200,106,155,"main",150,29,"task0029_split_half_n2000_r0106-0155.csv"
"split_half_n2000","split",2000,2,3,0.5,933107,200,156,200,"main",135,30,"task0030_split_half_n2000_r0156-0200.csv"
"split_third_n2000","split",2000,2,3,0.333333333333333,933108,200,6,55,"main",150,31,"task0031_split_third_n2000_r0006-0055.csv"
"split_third_n2000","split",2000,2,3,0.333333333333333,933108,200,56,105,"main",150,32,"task0032_split_third_n2000_r0056-0105.csv"
"split_third_n2000","split",2000,2,3,0.333333333333333,933108,200,106,155,"main",150,33,"task0033_split_third_n2000_r0106-0155.csv"
"split_third_n2000","split",2000,2,3,0.333333333333333,933108,200,156,200,"main",135,34,"task0034_split_third_n2000_r0156-0200.csv"
