file,bytes,md5,sha256
results/bounded_wdsm/README.md,4686,4cc8fcf9bac34e9c3b09eba096d8bda6,b1f080731d8a52f7c507dc692ea14fc5f5523e465f10e45b01038c6b052d73b3
results/bounded_wdsm/count_pair_summary.csv,2248,3471f832e5f39dc429509cd3b44a4252,0b0835c062b82c051e511dcff8092f1ece3616dadf0ad817bcffd09aa6ca53e0
results/bounded_wdsm/count_summaries.csv,1446093,f8bb394b1b6553efc47251ee7d976dab,5d2f5090f95853cd44de09804bc80a3980ddd0611a8f67cb8edba88683089811
results/bounded_wdsm/dataset_execution.csv,83039,436422318bdea1f06ca498097e546e7f,a2c6c925f2a00077214437b316afdce6afd4490e6ea5ad6ea5f2e61a8b683504
results/bounded_wdsm/failures.csv,66,dd8f871a1920f80b7bb7be0ce6f54047,19831ca7634d17098a4f1db3c5ddf3c76f81c3168c6943dc5678d5ddb7c63770
results/bounded_wdsm/membership.csv.gz,183367,e7dd62a16917f0a5b62e9daec53ca4eb,2a5a5cb355d06ac72222944ed60593f8d4792b1d05891ae403c5d8a2c01346bf
results/bounded_wdsm/paired_comparisons.csv,14930,32d7816edcd06a10fbff61b330fc8145,65561d2ddf2b2b168301527ce5414796b454be7ece499e830639267c1d800729
results/bounded_wdsm/paired_membership.csv.gz,50132,bdddf2324ff4f5e91401e9255a424d45,2a61061ad0a4164e3a9148c21818860477ba41a56164ecc46cf49a928c6cb73c
results/bounded_wdsm/provenance.json,4069,0588a81c089385e4f4472486c0df29b2,ea5a10dfd23380e79208e3e8835f42acd377cf81dae941630e4233337183614b
results/bounded_wdsm/record_rows.csv.gz,3434067,9782a02fc6fc0bae66a1ad21d8fcde6b,434f57732d56cbabd7465dc1e6509c193bc52663cdb602bee8ddba995be134d3
results/bounded_wdsm/requested_grid.csv.gz,125388,f275272eacd42c5a22acfef673756bb9,3996b43456da37a8813c969575617dd8cafb4e5b56b80487e914f81dcb46f074
results/bounded_wdsm/summary.csv,49432,becddf62bed50f36be8aa22acea54064,d5168e013232d69976785d927196580cef158d9a6688f0f2640e954be85cec51
results/reproduce_bounded_wdsm.R,4024,1a3050c69fb801289caed43cd3872d84,a895b434f46c6ec93c6533c7f8b81fb6c9c9a52a59538ca5ad1e423ff856f34f
simulations/summarize_bounded_wdsm_calibration.R,33866,5ed1e78b04c0aa5d8750807bee56fbdd,4230c05c6adbe81f0a4c67d3227c3f8fc3fc88d730a1c051e2f1e449952189cc
simulations/config/bounded_wdsm_calibration_sharded.json,4120,d00b222d19f5b1455d836a08e4256040,4e577017722c701844817f33e2c899c00c7e3b57bd8de58ede4097302812540f
