"model","estimand","M","n","requested_datasets","joint_complete_count_sets","mean_refit_minus_onestep_variance","outer_mcse_including_inner","inner_mcse_component","mean_root_difference","mean_dataset_root_difference_rms"
"CorCor","PATE",1,2000,250,250,-0.0115856163577501,0.0126654006217614,0.0108192376895761,-0.00131206805369257,0.504566796991076
"CorCor","PATE",1,500,250,250,-0.0230244156800843,0.0707278815693675,0.0268855363406393,-0.00569851569798879,1.18374426251613
"CorCor","PATE",3,2000,250,250,0.0344517923602041,0.0109991053177496,0.00905006859144715,-0.000787788646970419,0.45906942550692
"CorCor","PATE",3,500,250,250,0.0573855368375044,0.0623939122143557,0.0234818153935682,-0.00344060858869849,1.11401498302471
"CorCor","PATT",1,2000,250,250,0.0139697399997604,0.00943176254777632,0.0083741251010671,-0.00332412030977066,0.356461516078958
"CorCor","PATT",1,500,250,250,0.0596180635815971,0.0287177644577782,0.0192718957152102,-0.000489157500941298,0.800722431647558
"CorCor","PATT",3,2000,250,250,0.0277090927019831,0.00753107765070735,0.00634575182133773,-0.00231174030619406,0.303479911389104
"CorCor","PATT",3,500,250,250,0.112295805188047,0.0232894062916745,0.0149142924029686,-0.00685353782161729,0.692991864616679
"MisCor","PATE",1,2000,250,250,0.00457058601332315,0.0110651289461326,0.0106977000806666,0.00317824190613647,0.500305840486002
"MisCor","PATE",1,500,250,250,0.079706596772562,0.0516775764434024,0.0255211497665272,-0.0204045339835855,1.14356268014808
"MisCor","PATE",3,2000,250,250,0.0422515416212702,0.0102091667424408,0.008988485297871,0.000280226824332438,0.456632243297746
"MisCor","PATE",3,500,250,250,0.145691805452661,0.0517332654890075,0.022488863929546,-0.00994569156341777,1.07541753713005
"MisCor","PATT",1,2000,250,250,0.0123721424457043,0.00922374152043343,0.00848275871417003,0.00131175020121007,0.357733222795859
"MisCor","PATT",1,500,250,250,-0.00595701750294851,0.0788411953775118,0.0203296828819457,-0.00501126252598294,0.802515708464155
"MisCor","PATT",3,2000,250,250,0.0271390902530638,0.00719846186786589,0.00634056923395093,-0.000400283842598497,0.302503253226869
"MisCor","PATT",3,500,250,250,0.0719186945127147,0.049722243499802,0.0155825481822587,-0.00496241631552104,0.690190208918571
