"dataset_id","status","terminal_error"
"calibration-n500-id0001","completed",""
"calibration-n500-id0002","completed",""
"calibration-n500-id0003","completed",""
"calibration-n500-id0004","completed",""
"calibration-n500-id0005","completed",""
"calibration-n500-id0006","completed",""
"calibration-n500-id0007","completed",""
"calibration-n500-id0008","completed",""
"calibration-n500-id0009","completed",""
"calibration-n500-id0010","completed",""
"calibration-n500-id0011","completed",""
"calibration-n500-id0012","completed",""
"calibration-n500-id0013","completed",""
"calibration-n500-id0014","completed",""
"calibration-n500-id0015","completed",""
"calibration-n500-id0016","completed",""
"calibration-n500-id0017","completed",""
"calibration-n500-id0018","completed",""
"calibration-n500-id0019","completed",""
"calibration-n500-id0020","completed",""
"calibration-n500-id0021","completed",""
"calibration-n500-id0022","completed",""
"calibration-n500-id0023","completed",""
"calibration-n500-id0024","completed",""
"calibration-n500-id0025","completed",""
"calibration-n500-id0026","completed",""
"calibration-n500-id0027","completed",""
"calibration-n500-id0028","completed",""
"calibration-n500-id0029","completed",""
"calibration-n500-id0030","completed",""
"calibration-n500-id0031","completed",""
"calibration-n500-id0032","completed",""
"calibration-n500-id0033","completed",""
"calibration-n500-id0034","completed",""
"calibration-n500-id0035","completed",""
"calibration-n500-id0036","completed",""
"calibration-n500-id0037","completed",""
"calibration-n500-id0038","completed",""
"calibration-n500-id0039","completed",""
"calibration-n500-id0040","completed",""
"calibration-n500-id0041","completed",""
"calibration-n500-id0042","completed",""
"calibration-n500-id0043","completed",""
"calibration-n500-id0044","completed",""
"calibration-n500-id0045","completed",""
"calibration-n500-id0046","completed",""
"calibration-n500-id0047","completed",""
"calibration-n500-id0048","completed",""
"calibration-n500-id0049","completed",""
"calibration-n500-id0050","completed",""
"calibration-n500-id0051","completed",""
"calibration-n500-id0052","completed",""
"calibration-n500-id0053","completed",""
"calibration-n500-id0054","completed",""
"calibration-n500-id0055","completed",""
"calibration-n500-id0056","completed",""
"calibration-n500-id0057","completed",""
"calibration-n500-id0058","completed",""
"calibration-n500-id0059","completed",""
"calibration-n500-id0060","completed",""
"calibration-n500-id0061","completed",""
"calibration-n500-id0062","completed",""
"calibration-n500-id0063","completed",""
"calibration-n500-id0064","completed",""
"calibration-n500-id0065","completed",""
"calibration-n500-id0066","completed",""
"calibration-n500-id0067","completed",""
"calibration-n500-id0068","completed",""
"calibration-n500-id0069","completed",""
"calibration-n500-id0070","completed",""
"calibration-n500-id0071","completed",""
"calibration-n500-id0072","completed",""
"calibration-n500-id0073","completed",""
"calibration-n500-id0074","completed",""
"calibration-n500-id0075","completed",""
"calibration-n500-id0076","completed",""
"calibration-n500-id0077","completed",""
"calibration-n500-id0078","completed",""
"calibration-n500-id0079","completed",""
"calibration-n500-id0080","completed",""
"calibration-n500-id0081","completed",""
"calibration-n500-id0082","completed",""
"calibration-n500-id0083","completed",""
"calibration-n500-id0084","completed",""
"calibration-n500-id0085","completed",""
"calibration-n500-id0086","completed",""
"calibration-n500-id0087","completed",""
"calibration-n500-id0088","completed",""
"calibration-n500-id0089","completed",""
"calibration-n500-id0090","completed",""
"calibration-n500-id0091","completed",""
"calibration-n500-id0092","completed",""
"calibration-n500-id0093","completed",""
"calibration-n500-id0094","completed",""
"calibration-n500-id0095","completed",""
"calibration-n500-id0096","completed",""
"calibration-n500-id0097","completed",""
"calibration-n500-id0098","completed",""
"calibration-n500-id0099","completed",""
"calibration-n500-id0100","completed",""
"calibration-n500-id0101","completed",""
"calibration-n500-id0102","completed",""
"calibration-n500-id0103","completed",""
"calibration-n500-id0104","completed",""
"calibration-n500-id0105","completed",""
"calibration-n500-id0106","completed",""
"calibration-n500-id0107","completed",""
"calibration-n500-id0108","completed",""
"calibration-n500-id0109","completed",""
"calibration-n500-id0110","completed",""
"calibration-n500-id0111","completed",""
"calibration-n500-id0112","completed",""
"calibration-n500-id0113","completed",""
"calibration-n500-id0114","completed",""
"calibration-n500-id0115","completed",""
"calibration-n500-id0116","completed",""
"calibration-n500-id0117","completed",""
"calibration-n500-id0118","completed",""
"calibration-n500-id0119","completed",""
"calibration-n500-id0120","completed",""
"calibration-n500-id0121","completed",""
"calibration-n500-id0122","completed",""
"calibration-n500-id0123","completed",""
"calibration-n500-id0124","completed",""
"calibration-n500-id0125","completed",""
"calibration-n500-id0126","completed",""
"calibration-n500-id0127","completed",""
"calibration-n500-id0128","completed",""
"calibration-n500-id0129","completed",""
"calibration-n500-id0130","completed",""
"calibration-n500-id0131","completed",""
"calibration-n500-id0132","completed",""
"calibration-n500-id0133","completed",""
"calibration-n500-id0134","completed",""
"calibration-n500-id0135","completed",""
"calibration-n500-id0136","completed",""
"calibration-n500-id0137","completed",""
"calibration-n500-id0138","completed",""
"calibration-n500-id0139","completed",""
"calibration-n500-id0140","completed",""
"calibration-n500-id0141","completed",""
"calibration-n500-id0142","completed",""
"calibration-n500-id0143","completed",""
"calibration-n500-id0144","completed",""
"calibration-n500-id0145","completed",""
"calibration-n500-id0146","completed",""
"calibration-n500-id0147","completed",""
"calibration-n500-id0148","completed",""
"calibration-n500-id0149","completed",""
"calibration-n500-id0150","completed",""
"calibration-n500-id0151","completed",""
"calibration-n500-id0152","completed",""
"calibration-n500-id0153","completed",""
"calibration-n500-id0154","completed",""
"calibration-n500-id0155","completed",""
"calibration-n500-id0156","completed",""
"calibration-n500-id0157","completed",""
"calibration-n500-id0158","completed",""
"calibration-n500-id0159","completed",""
"calibration-n500-id0160","completed",""
"calibration-n500-id0161","completed",""
"calibration-n500-id0162","completed",""
"calibration-n500-id0163","completed",""
"calibration-n500-id0164","completed",""
"calibration-n500-id0165","completed",""
"calibration-n500-id0166","completed",""
"calibration-n500-id0167","completed",""
"calibration-n500-id0168","completed",""
"calibration-n500-id0169","completed",""
"calibration-n500-id0170","completed",""
"calibration-n500-id0171","completed",""
"calibration-n500-id0172","completed",""
"calibration-n500-id0173","completed",""
"calibration-n500-id0174","completed",""
"calibration-n500-id0175","completed",""
"calibration-n500-id0176","completed",""
"calibration-n500-id0177","completed",""
"calibration-n500-id0178","completed",""
"calibration-n500-id0179","completed",""
"calibration-n500-id0180","completed",""
"calibration-n500-id0181","completed",""
"calibration-n500-id0182","completed",""
"calibration-n500-id0183","completed",""
"calibration-n500-id0184","completed",""
"calibration-n500-id0185","completed",""
"calibration-n500-id0186","completed",""
"calibration-n500-id0187","completed",""
"calibration-n500-id0188","completed",""
"calibration-n500-id0189","completed",""
"calibration-n500-id0190","completed",""
"calibration-n500-id0191","completed",""
"calibration-n500-id0192","completed",""
"calibration-n500-id0193","completed",""
"calibration-n500-id0194","completed",""
"calibration-n500-id0195","completed",""
"calibration-n500-id0196","completed",""
"calibration-n500-id0197","completed",""
"calibration-n500-id0198","completed",""
"calibration-n500-id0199","completed",""
"calibration-n500-id0200","completed",""
"calibration-n500-id0201","completed",""
"calibration-n500-id0202","completed",""
"calibration-n500-id0203","completed",""
"calibration-n500-id0204","completed",""
"calibration-n500-id0205","completed",""
"calibration-n500-id0206","completed",""
"calibration-n500-id0207","completed",""
"calibration-n500-id0208","completed",""
"calibration-n500-id0209","completed",""
"calibration-n500-id0210","completed",""
"calibration-n500-id0211","completed",""
"calibration-n500-id0212","completed",""
"calibration-n500-id0213","completed",""
"calibration-n500-id0214","completed",""
"calibration-n500-id0215","completed",""
"calibration-n500-id0216","completed",""
"calibration-n500-id0217","completed",""
"calibration-n500-id0218","completed",""
"calibration-n500-id0219","completed",""
"calibration-n500-id0220","completed",""
"calibration-n500-id0221","completed",""
"calibration-n500-id0222","completed",""
"calibration-n500-id0223","completed",""
"calibration-n500-id0224","completed",""
"calibration-n500-id0225","completed",""
"calibration-n500-id0226","completed",""
"calibration-n500-id0227","completed",""
"calibration-n500-id0228","completed",""
"calibration-n500-id0229","completed",""
"calibration-n500-id0230","completed",""
"calibration-n500-id0231","completed",""
"calibration-n500-id0232","completed",""
"calibration-n500-id0233","completed",""
"calibration-n500-id0234","completed",""
"calibration-n500-id0235","completed",""
"calibration-n500-id0236","completed",""
"calibration-n500-id0237","completed",""
"calibration-n500-id0238","completed",""
"calibration-n500-id0239","completed",""
"calibration-n500-id0240","completed",""
"calibration-n500-id0241","completed",""
"calibration-n500-id0242","completed",""
"calibration-n500-id0243","completed",""
"calibration-n500-id0244","completed",""
"calibration-n500-id0245","completed",""
"calibration-n500-id0246","completed",""
"calibration-n500-id0247","completed",""
"calibration-n500-id0248","completed",""
"calibration-n500-id0249","completed",""
"calibration-n500-id0250","completed",""
"calibration-n500-id0251","completed",""
"calibration-n500-id0252","completed",""
"calibration-n500-id0253","completed",""
"calibration-n500-id0254","completed",""
"calibration-n500-id0255","completed",""
"calibration-n500-id0256","completed",""
"calibration-n500-id0257","completed",""
"calibration-n500-id0258","completed",""
"calibration-n500-id0259","completed",""
"calibration-n500-id0260","completed",""
"calibration-n500-id0261","completed",""
"calibration-n500-id0262","completed",""
"calibration-n500-id0263","completed",""
"calibration-n500-id0264","completed",""
"calibration-n500-id0265","completed",""
"calibration-n500-id0266","completed",""
"calibration-n500-id0267","completed",""
"calibration-n500-id0268","completed",""
"calibration-n500-id0269","completed",""
"calibration-n500-id0270","completed",""
"calibration-n500-id0271","completed",""
"calibration-n500-id0272","completed",""
"calibration-n500-id0273","completed",""
"calibration-n500-id0274","completed",""
"calibration-n500-id0275","completed",""
"calibration-n500-id0276","completed",""
"calibration-n500-id0277","completed",""
"calibration-n500-id0278","completed",""
"calibration-n500-id0279","completed",""
"calibration-n500-id0280","completed",""
"calibration-n500-id0281","completed",""
"calibration-n500-id0282","completed",""
"calibration-n500-id0283","completed",""
"calibration-n500-id0284","completed",""
"calibration-n500-id0285","completed",""
"calibration-n500-id0286","completed",""
"calibration-n500-id0287","completed",""
"calibration-n500-id0288","completed",""
"calibration-n500-id0289","completed",""
"calibration-n500-id0290","completed",""
"calibration-n500-id0291","completed",""
"calibration-n500-id0292","completed",""
"calibration-n500-id0293","completed",""
"calibration-n500-id0294","completed",""
"calibration-n500-id0295","completed",""
"calibration-n500-id0296","completed",""
"calibration-n500-id0297","completed",""
"calibration-n500-id0298","completed",""
"calibration-n500-id0299","completed",""
"calibration-n500-id0300","completed",""
"calibration-n500-id0301","completed",""
"calibration-n500-id0302","completed",""
"calibration-n500-id0303","completed",""
"calibration-n500-id0304","completed",""
"calibration-n500-id0305","completed",""
"calibration-n500-id0306","completed",""
"calibration-n500-id0307","completed",""
"calibration-n500-id0308","completed",""
"calibration-n500-id0309","completed",""
"calibration-n500-id0310","completed",""
"calibration-n500-id0311","completed",""
"calibration-n500-id0312","completed",""
"calibration-n500-id0313","completed",""
"calibration-n500-id0314","completed",""
"calibration-n500-id0315","completed",""
"calibration-n500-id0316","completed",""
"calibration-n500-id0317","completed",""
"calibration-n500-id0318","completed",""
"calibration-n500-id0319","completed",""
"calibration-n500-id0320","completed",""
"calibration-n500-id0321","completed",""
"calibration-n500-id0322","completed",""
"calibration-n500-id0323","completed",""
"calibration-n500-id0324","completed",""
"calibration-n500-id0325","completed",""
"calibration-n500-id0326","completed",""
"calibration-n500-id0327","completed",""
"calibration-n500-id0328","completed",""
"calibration-n500-id0329","completed",""
"calibration-n500-id0330","completed",""
"calibration-n500-id0331","completed",""
"calibration-n500-id0332","completed",""
"calibration-n500-id0333","completed",""
"calibration-n500-id0334","completed",""
"calibration-n500-id0335","completed",""
"calibration-n500-id0336","completed",""
"calibration-n500-id0337","completed",""
"calibration-n500-id0338","completed",""
"calibration-n500-id0339","completed",""
"calibration-n500-id0340","completed",""
"calibration-n500-id0341","completed",""
"calibration-n500-id0342","completed",""
"calibration-n500-id0343","completed",""
"calibration-n500-id0344","completed",""
"calibration-n500-id0345","completed",""
"calibration-n500-id0346","completed",""
"calibration-n500-id0347","completed",""
"calibration-n500-id0348","completed",""
"calibration-n500-id0349","completed",""
"calibration-n500-id0350","completed",""
"calibration-n500-id0351","completed",""
"calibration-n500-id0352","completed",""
"calibration-n500-id0353","completed",""
"calibration-n500-id0354","completed",""
"calibration-n500-id0355","completed",""
"calibration-n500-id0356","completed",""
"calibration-n500-id0357","completed",""
"calibration-n500-id0358","completed",""
"calibration-n500-id0359","completed",""
"calibration-n500-id0360","completed",""
"calibration-n500-id0361","completed",""
"calibration-n500-id0362","completed",""
"calibration-n500-id0363","completed",""
"calibration-n500-id0364","completed",""
"calibration-n500-id0365","completed",""
"calibration-n500-id0366","completed",""
"calibration-n500-id0367","completed",""
"calibration-n500-id0368","completed",""
"calibration-n500-id0369","completed",""
"calibration-n500-id0370","completed",""
"calibration-n500-id0371","completed",""
"calibration-n500-id0372","completed",""
"calibration-n500-id0373","completed",""
"calibration-n500-id0374","completed",""
"calibration-n500-id0375","completed",""
"calibration-n500-id0376","completed",""
"calibration-n500-id0377","completed",""
"calibration-n500-id0378","completed",""
"calibration-n500-id0379","completed",""
"calibration-n500-id0380","completed",""
"calibration-n500-id0381","completed",""
"calibration-n500-id0382","completed",""
"calibration-n500-id0383","completed",""
"calibration-n500-id0384","completed",""
"calibration-n500-id0385","completed",""
"calibration-n500-id0386","completed",""
"calibration-n500-id0387","completed",""
"calibration-n500-id0388","completed",""
"calibration-n500-id0389","completed",""
"calibration-n500-id0390","completed",""
"calibration-n500-id0391","completed",""
"calibration-n500-id0392","completed",""
"calibration-n500-id0393","completed",""
"calibration-n500-id0394","completed",""
"calibration-n500-id0395","completed",""
"calibration-n500-id0396","completed",""
"calibration-n500-id0397","completed",""
"calibration-n500-id0398","completed",""
"calibration-n500-id0399","completed",""
"calibration-n500-id0400","completed",""
"calibration-n500-id0401","completed",""
"calibration-n500-id0402","completed",""
"calibration-n500-id0403","completed",""
"calibration-n500-id0404","completed",""
"calibration-n500-id0405","completed",""
"calibration-n500-id0406","completed",""
"calibration-n500-id0407","completed",""
"calibration-n500-id0408","completed",""
"calibration-n500-id0409","completed",""
"calibration-n500-id0410","completed",""
"calibration-n500-id0411","completed",""
"calibration-n500-id0412","completed",""
"calibration-n500-id0413","completed",""
"calibration-n500-id0414","completed",""
"calibration-n500-id0415","completed",""
"calibration-n500-id0416","completed",""
"calibration-n500-id0417","completed",""
"calibration-n500-id0418","completed",""
"calibration-n500-id0419","completed",""
"calibration-n500-id0420","completed",""
"calibration-n500-id0421","completed",""
"calibration-n500-id0422","completed",""
"calibration-n500-id0423","completed",""
"calibration-n500-id0424","completed",""
"calibration-n500-id0425","completed",""
"calibration-n500-id0426","completed",""
"calibration-n500-id0427","completed",""
"calibration-n500-id0428","completed",""
"calibration-n500-id0429","completed",""
"calibration-n500-id0430","completed",""
"calibration-n500-id0431","completed",""
"calibration-n500-id0432","completed",""
"calibration-n500-id0433","completed",""
"calibration-n500-id0434","completed",""
"calibration-n500-id0435","completed",""
"calibration-n500-id0436","completed",""
"calibration-n500-id0437","completed",""
"calibration-n500-id0438","completed",""
"calibration-n500-id0439","completed",""
"calibration-n500-id0440","completed",""
"calibration-n500-id0441","completed",""
"calibration-n500-id0442","completed",""
"calibration-n500-id0443","completed",""
"calibration-n500-id0444","completed",""
"calibration-n500-id0445","completed",""
"calibration-n500-id0446","completed",""
"calibration-n500-id0447","completed",""
"calibration-n500-id0448","completed",""
"calibration-n500-id0449","completed",""
"calibration-n500-id0450","completed",""
"calibration-n500-id0451","completed",""
"calibration-n500-id0452","completed",""
"calibration-n500-id0453","completed",""
"calibration-n500-id0454","completed",""
"calibration-n500-id0455","completed",""
"calibration-n500-id0456","completed",""
"calibration-n500-id0457","completed",""
"calibration-n500-id0458","completed",""
"calibration-n500-id0459","completed",""
"calibration-n500-id0460","completed",""
"calibration-n500-id0461","completed",""
"calibration-n500-id0462","completed",""
"calibration-n500-id0463","completed",""
"calibration-n500-id0464","completed",""
"calibration-n500-id0465","completed",""
"calibration-n500-id0466","completed",""
"calibration-n500-id0467","completed",""
"calibration-n500-id0468","completed",""
"calibration-n500-id0469","completed",""
"calibration-n500-id0470","completed",""
"calibration-n500-id0471","completed",""
"calibration-n500-id0472","completed",""
"calibration-n500-id0473","completed",""
"calibration-n500-id0474","completed",""
"calibration-n500-id0475","completed",""
"calibration-n500-id0476","completed",""
"calibration-n500-id0477","completed",""
"calibration-n500-id0478","completed",""
"calibration-n500-id0479","completed",""
"calibration-n500-id0480","completed",""
"calibration-n500-id0481","completed",""
"calibration-n500-id0482","completed",""
"calibration-n500-id0483","completed",""
"calibration-n500-id0484","completed",""
"calibration-n500-id0485","completed",""
"calibration-n500-id0486","completed",""
"calibration-n500-id0487","completed",""
"calibration-n500-id0488","completed",""
"calibration-n500-id0489","completed",""
"calibration-n500-id0490","completed",""
"calibration-n500-id0491","completed",""
"calibration-n500-id0492","completed",""
"calibration-n500-id0493","completed",""
"calibration-n500-id0494","completed",""
"calibration-n500-id0495","completed",""
"calibration-n500-id0496","completed",""
"calibration-n500-id0497","completed",""
"calibration-n500-id0498","completed",""
"calibration-n500-id0499","completed",""
"calibration-n500-id0500","completed",""
"calibration-n500-id0501","completed",""
"calibration-n500-id0502","completed",""
"calibration-n500-id0503","completed",""
"calibration-n500-id0504","completed",""
"calibration-n500-id0505","completed",""
"calibration-n500-id0506","completed",""
"calibration-n500-id0507","completed",""
"calibration-n500-id0508","completed",""
"calibration-n500-id0509","completed",""
"calibration-n500-id0510","completed",""
"calibration-n500-id0511","completed",""
"calibration-n500-id0512","completed",""
"calibration-n500-id0513","completed",""
"calibration-n500-id0514","completed",""
"calibration-n500-id0515","completed",""
"calibration-n500-id0516","completed",""
"calibration-n500-id0517","completed",""
"calibration-n500-id0518","completed",""
"calibration-n500-id0519","completed",""
"calibration-n500-id0520","completed",""
"calibration-n500-id0521","completed",""
"calibration-n500-id0522","completed",""
"calibration-n500-id0523","completed",""
"calibration-n500-id0524","completed",""
"calibration-n500-id0525","completed",""
"calibration-n500-id0526","completed",""
"calibration-n500-id0527","completed",""
"calibration-n500-id0528","completed",""
"calibration-n500-id0529","completed",""
"calibration-n500-id0530","completed",""
"calibration-n500-id0531","completed",""
"calibration-n500-id0532","completed",""
"calibration-n500-id0533","completed",""
"calibration-n500-id0534","completed",""
"calibration-n500-id0535","completed",""
"calibration-n500-id0536","completed",""
"calibration-n500-id0537","completed",""
"calibration-n500-id0538","completed",""
"calibration-n500-id0539","completed",""
"calibration-n500-id0540","completed",""
"calibration-n500-id0541","completed",""
"calibration-n500-id0542","completed",""
"calibration-n500-id0543","completed",""
"calibration-n500-id0544","completed",""
"calibration-n500-id0545","completed",""
"calibration-n500-id0546","completed",""
"calibration-n500-id0547","completed",""
"calibration-n500-id0548","completed",""
"calibration-n500-id0549","completed",""
"calibration-n500-id0550","completed",""
"calibration-n500-id0551","completed",""
"calibration-n500-id0552","completed",""
"calibration-n500-id0553","completed",""
"calibration-n500-id0554","completed",""
"calibration-n500-id0555","completed",""
"calibration-n500-id0556","completed",""
"calibration-n500-id0557","completed",""
"calibration-n500-id0558","completed",""
"calibration-n500-id0559","completed",""
"calibration-n500-id0560","completed",""
"calibration-n500-id0561","completed",""
"calibration-n500-id0562","completed",""
"calibration-n500-id0563","completed",""
"calibration-n500-id0564","completed",""
"calibration-n500-id0565","completed",""
"calibration-n500-id0566","completed",""
"calibration-n500-id0567","completed",""
"calibration-n500-id0568","completed",""
"calibration-n500-id0569","completed",""
"calibration-n500-id0570","completed",""
"calibration-n500-id0571","completed",""
"calibration-n500-id0572","completed",""
"calibration-n500-id0573","completed",""
"calibration-n500-id0574","completed",""
"calibration-n500-id0575","completed",""
"calibration-n500-id0576","completed",""
"calibration-n500-id0577","completed",""
"calibration-n500-id0578","completed",""
"calibration-n500-id0579","completed",""
"calibration-n500-id0580","completed",""
"calibration-n500-id0581","completed",""
"calibration-n500-id0582","completed",""
"calibration-n500-id0583","completed",""
"calibration-n500-id0584","completed",""
"calibration-n500-id0585","completed",""
"calibration-n500-id0586","completed",""
"calibration-n500-id0587","completed",""
"calibration-n500-id0588","completed",""
"calibration-n500-id0589","completed",""
"calibration-n500-id0590","completed",""
"calibration-n500-id0591","completed",""
"calibration-n500-id0592","completed",""
"calibration-n500-id0593","completed",""
"calibration-n500-id0594","completed",""
"calibration-n500-id0595","completed",""
"calibration-n500-id0596","completed",""
"calibration-n500-id0597","completed",""
"calibration-n500-id0598","completed",""
"calibration-n500-id0599","completed",""
"calibration-n500-id0600","completed",""
"calibration-n500-id0601","completed",""
"calibration-n500-id0602","completed",""
"calibration-n500-id0603","completed",""
"calibration-n500-id0604","completed",""
"calibration-n500-id0605","completed",""
"calibration-n500-id0606","completed",""
"calibration-n500-id0607","completed",""
"calibration-n500-id0608","completed",""
"calibration-n500-id0609","completed",""
"calibration-n500-id0610","completed",""
"calibration-n500-id0611","completed",""
"calibration-n500-id0612","completed",""
"calibration-n500-id0613","completed",""
"calibration-n500-id0614","completed",""
"calibration-n500-id0615","completed",""
"calibration-n500-id0616","completed",""
"calibration-n500-id0617","completed",""
"calibration-n500-id0618","completed",""
"calibration-n500-id0619","completed",""
"calibration-n500-id0620","completed",""
"calibration-n500-id0621","completed",""
"calibration-n500-id0622","completed",""
"calibration-n500-id0623","completed",""
"calibration-n500-id0624","completed",""
"calibration-n500-id0625","completed",""
"calibration-n500-id0626","completed",""
"calibration-n500-id0627","completed",""
"calibration-n500-id0628","completed",""
"calibration-n500-id0629","completed",""
"calibration-n500-id0630","completed",""
"calibration-n500-id0631","completed",""
"calibration-n500-id0632","completed",""
"calibration-n500-id0633","completed",""
"calibration-n500-id0634","completed",""
"calibration-n500-id0635","completed",""
"calibration-n500-id0636","completed",""
"calibration-n500-id0637","completed",""
"calibration-n500-id0638","completed",""
"calibration-n500-id0639","completed",""
"calibration-n500-id0640","completed",""
"calibration-n500-id0641","completed",""
"calibration-n500-id0642","completed",""
"calibration-n500-id0643","completed",""
"calibration-n500-id0644","completed",""
"calibration-n500-id0645","completed",""
"calibration-n500-id0646","completed",""
"calibration-n500-id0647","completed",""
"calibration-n500-id0648","completed",""
"calibration-n500-id0649","completed",""
"calibration-n500-id0650","completed",""
"calibration-n500-id0651","completed",""
"calibration-n500-id0652","completed",""
"calibration-n500-id0653","completed",""
"calibration-n500-id0654","completed",""
"calibration-n500-id0655","completed",""
"calibration-n500-id0656","completed",""
"calibration-n500-id0657","completed",""
"calibration-n500-id0658","completed",""
"calibration-n500-id0659","completed",""
"calibration-n500-id0660","completed",""
"calibration-n500-id0661","completed",""
"calibration-n500-id0662","completed",""
"calibration-n500-id0663","completed",""
"calibration-n500-id0664","completed",""
"calibration-n500-id0665","completed",""
"calibration-n500-id0666","completed",""
"calibration-n500-id0667","completed",""
"calibration-n500-id0668","completed",""
"calibration-n500-id0669","completed",""
"calibration-n500-id0670","completed",""
"calibration-n500-id0671","completed",""
"calibration-n500-id0672","completed",""
"calibration-n500-id0673","completed",""
"calibration-n500-id0674","completed",""
"calibration-n500-id0675","completed",""
"calibration-n500-id0676","completed",""
"calibration-n500-id0677","completed",""
"calibration-n500-id0678","completed",""
"calibration-n500-id0679","completed",""
"calibration-n500-id0680","completed",""
"calibration-n500-id0681","completed",""
"calibration-n500-id0682","completed",""
"calibration-n500-id0683","completed",""
"calibration-n500-id0684","completed",""
"calibration-n500-id0685","completed",""
"calibration-n500-id0686","completed",""
"calibration-n500-id0687","completed",""
"calibration-n500-id0688","completed",""
"calibration-n500-id0689","completed",""
"calibration-n500-id0690","completed",""
"calibration-n500-id0691","completed",""
"calibration-n500-id0692","completed",""
"calibration-n500-id0693","completed",""
"calibration-n500-id0694","completed",""
"calibration-n500-id0695","completed",""
"calibration-n500-id0696","completed",""
"calibration-n500-id0697","completed",""
"calibration-n500-id0698","completed",""
"calibration-n500-id0699","completed",""
"calibration-n500-id0700","completed",""
"calibration-n500-id0701","completed",""
"calibration-n500-id0702","completed",""
"calibration-n500-id0703","completed",""
"calibration-n500-id0704","completed",""
"calibration-n500-id0705","completed",""
"calibration-n500-id0706","completed",""
"calibration-n500-id0707","completed",""
"calibration-n500-id0708","completed",""
"calibration-n500-id0709","completed",""
"calibration-n500-id0710","completed",""
"calibration-n500-id0711","completed",""
"calibration-n500-id0712","completed",""
"calibration-n500-id0713","completed",""
"calibration-n500-id0714","completed",""
"calibration-n500-id0715","completed",""
"calibration-n500-id0716","completed",""
"calibration-n500-id0717","completed",""
"calibration-n500-id0718","completed",""
"calibration-n500-id0719","completed",""
"calibration-n500-id0720","completed",""
"calibration-n500-id0721","completed",""
"calibration-n500-id0722","completed",""
"calibration-n500-id0723","completed",""
"calibration-n500-id0724","completed",""
"calibration-n500-id0725","completed",""
"calibration-n500-id0726","completed",""
"calibration-n500-id0727","completed",""
"calibration-n500-id0728","completed",""
"calibration-n500-id0729","completed",""
"calibration-n500-id0730","completed",""
"calibration-n500-id0731","completed",""
"calibration-n500-id0732","completed",""
"calibration-n500-id0733","completed",""
"calibration-n500-id0734","completed",""
"calibration-n500-id0735","completed",""
"calibration-n500-id0736","completed",""
"calibration-n500-id0737","completed",""
"calibration-n500-id0738","completed",""
"calibration-n500-id0739","completed",""
"calibration-n500-id0740","completed",""
"calibration-n500-id0741","completed",""
"calibration-n500-id0742","completed",""
"calibration-n500-id0743","completed",""
"calibration-n500-id0744","completed",""
"calibration-n500-id0745","completed",""
"calibration-n500-id0746","completed",""
"calibration-n500-id0747","completed",""
"calibration-n500-id0748","completed",""
"calibration-n500-id0749","completed",""
"calibration-n500-id0750","completed",""
"calibration-n500-id0751","completed",""
"calibration-n500-id0752","completed",""
"calibration-n500-id0753","completed",""
"calibration-n500-id0754","completed",""
"calibration-n500-id0755","completed",""
"calibration-n500-id0756","completed",""
"calibration-n500-id0757","completed",""
"calibration-n500-id0758","completed",""
"calibration-n500-id0759","completed",""
"calibration-n500-id0760","completed",""
"calibration-n500-id0761","completed",""
"calibration-n500-id0762","completed",""
"calibration-n500-id0763","completed",""
"calibration-n500-id0764","completed",""
"calibration-n500-id0765","completed",""
"calibration-n500-id0766","completed",""
"calibration-n500-id0767","completed",""
"calibration-n500-id0768","completed",""
"calibration-n500-id0769","completed",""
"calibration-n500-id0770","completed",""
"calibration-n500-id0771","completed",""
"calibration-n500-id0772","completed",""
"calibration-n500-id0773","completed",""
"calibration-n500-id0774","completed",""
"calibration-n500-id0775","completed",""
"calibration-n500-id0776","completed",""
"calibration-n500-id0777","completed",""
"calibration-n500-id0778","completed",""
"calibration-n500-id0779","completed",""
"calibration-n500-id0780","completed",""
"calibration-n500-id0781","completed",""
"calibration-n500-id0782","completed",""
"calibration-n500-id0783","completed",""
"calibration-n500-id0784","completed",""
"calibration-n500-id0785","completed",""
"calibration-n500-id0786","completed",""
"calibration-n500-id0787","completed",""
"calibration-n500-id0788","completed",""
"calibration-n500-id0789","completed",""
"calibration-n500-id0790","completed",""
"calibration-n500-id0791","completed",""
"calibration-n500-id0792","completed",""
"calibration-n500-id0793","completed",""
"calibration-n500-id0794","completed",""
"calibration-n500-id0795","completed",""
"calibration-n500-id0796","completed",""
"calibration-n500-id0797","completed",""
"calibration-n500-id0798","completed",""
"calibration-n500-id0799","completed",""
"calibration-n500-id0800","completed",""
"calibration-n500-id0801","completed",""
"calibration-n500-id0802","completed",""
"calibration-n500-id0803","completed",""
"calibration-n500-id0804","completed",""
"calibration-n500-id0805","completed",""
"calibration-n500-id0806","completed",""
"calibration-n500-id0807","completed",""
"calibration-n500-id0808","completed",""
"calibration-n500-id0809","completed",""
"calibration-n500-id0810","completed",""
"calibration-n500-id0811","completed",""
"calibration-n500-id0812","completed",""
"calibration-n500-id0813","completed",""
"calibration-n500-id0814","completed",""
"calibration-n500-id0815","completed",""
"calibration-n500-id0816","completed",""
"calibration-n500-id0817","completed",""
"calibration-n500-id0818","completed",""
"calibration-n500-id0819","completed",""
"calibration-n500-id0820","completed",""
"calibration-n500-id0821","completed",""
"calibration-n500-id0822","completed",""
"calibration-n500-id0823","completed",""
"calibration-n500-id0824","completed",""
"calibration-n500-id0825","completed",""
"calibration-n500-id0826","completed",""
"calibration-n500-id0827","completed",""
"calibration-n500-id0828","completed",""
"calibration-n500-id0829","completed",""
"calibration-n500-id0830","completed",""
"calibration-n500-id0831","completed",""
"calibration-n500-id0832","completed",""
"calibration-n500-id0833","completed",""
"calibration-n500-id0834","completed",""
"calibration-n500-id0835","completed",""
"calibration-n500-id0836","completed",""
"calibration-n500-id0837","completed",""
"calibration-n500-id0838","completed",""
"calibration-n500-id0839","completed",""
"calibration-n500-id0840","completed",""
"calibration-n500-id0841","completed",""
"calibration-n500-id0842","completed",""
"calibration-n500-id0843","completed",""
"calibration-n500-id0844","completed",""
"calibration-n500-id0845","completed",""
"calibration-n500-id0846","completed",""
"calibration-n500-id0847","completed",""
"calibration-n500-id0848","completed",""
"calibration-n500-id0849","completed",""
"calibration-n500-id0850","completed",""
"calibration-n500-id0851","completed",""
"calibration-n500-id0852","completed",""
"calibration-n500-id0853","completed",""
"calibration-n500-id0854","completed",""
"calibration-n500-id0855","completed",""
"calibration-n500-id0856","completed",""
"calibration-n500-id0857","completed",""
"calibration-n500-id0858","completed",""
"calibration-n500-id0859","completed",""
"calibration-n500-id0860","completed",""
"calibration-n500-id0861","completed",""
"calibration-n500-id0862","completed",""
"calibration-n500-id0863","completed",""
"calibration-n500-id0864","completed",""
"calibration-n500-id0865","completed",""
"calibration-n500-id0866","completed",""
"calibration-n500-id0867","completed",""
"calibration-n500-id0868","completed",""
"calibration-n500-id0869","completed",""
"calibration-n500-id0870","completed",""
"calibration-n500-id0871","completed",""
"calibration-n500-id0872","completed",""
"calibration-n500-id0873","completed",""
"calibration-n500-id0874","completed",""
"calibration-n500-id0875","completed",""
"calibration-n500-id0876","completed",""
"calibration-n500-id0877","completed",""
"calibration-n500-id0878","completed",""
"calibration-n500-id0879","completed",""
"calibration-n500-id0880","completed",""
"calibration-n500-id0881","completed",""
"calibration-n500-id0882","completed",""
"calibration-n500-id0883","completed",""
"calibration-n500-id0884","completed",""
"calibration-n500-id0885","completed",""
"calibration-n500-id0886","completed",""
"calibration-n500-id0887","completed",""
"calibration-n500-id0888","completed",""
"calibration-n500-id0889","completed",""
"calibration-n500-id0890","completed",""
"calibration-n500-id0891","completed",""
"calibration-n500-id0892","completed",""
"calibration-n500-id0893","completed",""
"calibration-n500-id0894","completed",""
"calibration-n500-id0895","completed",""
"calibration-n500-id0896","completed",""
"calibration-n500-id0897","completed",""
"calibration-n500-id0898","completed",""
"calibration-n500-id0899","completed",""
"calibration-n500-id0900","completed",""
"calibration-n500-id0901","completed",""
"calibration-n500-id0902","completed",""
"calibration-n500-id0903","completed",""
"calibration-n500-id0904","completed",""
"calibration-n500-id0905","completed",""
"calibration-n500-id0906","completed",""
"calibration-n500-id0907","completed",""
"calibration-n500-id0908","completed",""
"calibration-n500-id0909","completed",""
"calibration-n500-id0910","completed",""
"calibration-n500-id0911","completed",""
"calibration-n500-id0912","completed",""
"calibration-n500-id0913","completed",""
"calibration-n500-id0914","completed",""
"calibration-n500-id0915","completed",""
"calibration-n500-id0916","completed",""
"calibration-n500-id0917","completed",""
"calibration-n500-id0918","completed",""
"calibration-n500-id0919","completed",""
"calibration-n500-id0920","completed",""
"calibration-n500-id0921","completed",""
"calibration-n500-id0922","completed",""
"calibration-n500-id0923","completed",""
"calibration-n500-id0924","completed",""
"calibration-n500-id0925","completed",""
"calibration-n500-id0926","completed",""
"calibration-n500-id0927","completed",""
"calibration-n500-id0928","completed",""
"calibration-n500-id0929","completed",""
"calibration-n500-id0930","completed",""
"calibration-n500-id0931","completed",""
"calibration-n500-id0932","completed",""
"calibration-n500-id0933","completed",""
"calibration-n500-id0934","completed",""
"calibration-n500-id0935","completed",""
"calibration-n500-id0936","completed",""
"calibration-n500-id0937","completed",""
"calibration-n500-id0938","completed",""
"calibration-n500-id0939","completed",""
"calibration-n500-id0940","completed",""
"calibration-n500-id0941","completed",""
"calibration-n500-id0942","completed",""
"calibration-n500-id0943","completed",""
"calibration-n500-id0944","completed",""
"calibration-n500-id0945","completed",""
"calibration-n500-id0946","completed",""
"calibration-n500-id0947","completed",""
"calibration-n500-id0948","completed",""
"calibration-n500-id0949","completed",""
"calibration-n500-id0950","completed",""
"calibration-n500-id0951","completed",""
"calibration-n500-id0952","completed",""
"calibration-n500-id0953","completed",""
"calibration-n500-id0954","completed",""
"calibration-n500-id0955","completed",""
"calibration-n500-id0956","completed",""
"calibration-n500-id0957","completed",""
"calibration-n500-id0958","completed",""
"calibration-n500-id0959","completed",""
"calibration-n500-id0960","completed",""
"calibration-n500-id0961","completed",""
"calibration-n500-id0962","completed",""
"calibration-n500-id0963","completed",""
"calibration-n500-id0964","completed",""
"calibration-n500-id0965","completed",""
"calibration-n500-id0966","completed",""
"calibration-n500-id0967","completed",""
"calibration-n500-id0968","completed",""
"calibration-n500-id0969","completed",""
"calibration-n500-id0970","completed",""
"calibration-n500-id0971","completed",""
"calibration-n500-id0972","completed",""
"calibration-n500-id0973","completed",""
"calibration-n500-id0974","completed",""
"calibration-n500-id0975","completed",""
"calibration-n500-id0976","completed",""
"calibration-n500-id0977","completed",""
"calibration-n500-id0978","completed",""
"calibration-n500-id0979","completed",""
"calibration-n500-id0980","completed",""
"calibration-n500-id0981","completed",""
"calibration-n500-id0982","completed",""
"calibration-n500-id0983","completed",""
"calibration-n500-id0984","completed",""
"calibration-n500-id0985","completed",""
"calibration-n500-id0986","completed",""
"calibration-n500-id0987","completed",""
"calibration-n500-id0988","completed",""
"calibration-n500-id0989","completed",""
"calibration-n500-id0990","completed",""
"calibration-n500-id0991","completed",""
"calibration-n500-id0992","completed",""
"calibration-n500-id0993","completed",""
"calibration-n500-id0994","completed",""
"calibration-n500-id0995","completed",""
"calibration-n500-id0996","completed",""
"calibration-n500-id0997","completed",""
"calibration-n500-id0998","completed",""
"calibration-n500-id0999","completed",""
"calibration-n500-id1000","completed",""
"calibration-n2000-id0001","completed",""
"calibration-n2000-id0002","completed",""
"calibration-n2000-id0003","completed",""
"calibration-n2000-id0004","completed",""
"calibration-n2000-id0005","completed",""
"calibration-n2000-id0006","completed",""
"calibration-n2000-id0007","completed",""
"calibration-n2000-id0008","completed",""
"calibration-n2000-id0009","completed",""
"calibration-n2000-id0010","completed",""
"calibration-n2000-id0011","completed",""
"calibration-n2000-id0012","completed",""
"calibration-n2000-id0013","completed",""
"calibration-n2000-id0014","completed",""
"calibration-n2000-id0015","completed",""
"calibration-n2000-id0016","completed",""
"calibration-n2000-id0017","completed",""
"calibration-n2000-id0018","completed",""
"calibration-n2000-id0019","completed",""
"calibration-n2000-id0020","completed",""
"calibration-n2000-id0021","completed",""
"calibration-n2000-id0022","completed",""
"calibration-n2000-id0023","completed",""
"calibration-n2000-id0024","completed",""
"calibration-n2000-id0025","completed",""
"calibration-n2000-id0026","completed",""
"calibration-n2000-id0027","completed",""
"calibration-n2000-id0028","completed",""
"calibration-n2000-id0029","completed",""
"calibration-n2000-id0030","completed",""
"calibration-n2000-id0031","completed",""
"calibration-n2000-id0032","completed",""
"calibration-n2000-id0033","completed",""
"calibration-n2000-id0034","completed",""
"calibration-n2000-id0035","completed",""
"calibration-n2000-id0036","completed",""
"calibration-n2000-id0037","completed",""
"calibration-n2000-id0038","completed",""
"calibration-n2000-id0039","completed",""
"calibration-n2000-id0040","completed",""
"calibration-n2000-id0041","completed",""
"calibration-n2000-id0042","completed",""
"calibration-n2000-id0043","completed",""
"calibration-n2000-id0044","completed",""
"calibration-n2000-id0045","completed",""
"calibration-n2000-id0046","completed",""
"calibration-n2000-id0047","completed",""
"calibration-n2000-id0048","completed",""
"calibration-n2000-id0049","completed",""
"calibration-n2000-id0050","completed",""
"calibration-n2000-id0051","completed",""
"calibration-n2000-id0052","completed",""
"calibration-n2000-id0053","completed",""
"calibration-n2000-id0054","completed",""
"calibration-n2000-id0055","completed",""
"calibration-n2000-id0056","completed",""
"calibration-n2000-id0057","completed",""
"calibration-n2000-id0058","completed",""
"calibration-n2000-id0059","completed",""
"calibration-n2000-id0060","completed",""
"calibration-n2000-id0061","completed",""
"calibration-n2000-id0062","completed",""
"calibration-n2000-id0063","completed",""
"calibration-n2000-id0064","completed",""
"calibration-n2000-id0065","completed",""
"calibration-n2000-id0066","completed",""
"calibration-n2000-id0067","completed",""
"calibration-n2000-id0068","completed",""
"calibration-n2000-id0069","completed",""
"calibration-n2000-id0070","completed",""
"calibration-n2000-id0071","completed",""
"calibration-n2000-id0072","completed",""
"calibration-n2000-id0073","completed",""
"calibration-n2000-id0074","completed",""
"calibration-n2000-id0075","completed",""
"calibration-n2000-id0076","completed",""
"calibration-n2000-id0077","completed",""
"calibration-n2000-id0078","completed",""
"calibration-n2000-id0079","completed",""
"calibration-n2000-id0080","completed",""
"calibration-n2000-id0081","completed",""
"calibration-n2000-id0082","completed",""
"calibration-n2000-id0083","completed",""
"calibration-n2000-id0084","completed",""
"calibration-n2000-id0085","completed",""
"calibration-n2000-id0086","completed",""
"calibration-n2000-id0087","completed",""
"calibration-n2000-id0088","completed",""
"calibration-n2000-id0089","completed",""
"calibration-n2000-id0090","completed",""
"calibration-n2000-id0091","completed",""
"calibration-n2000-id0092","completed",""
"calibration-n2000-id0093","completed",""
"calibration-n2000-id0094","completed",""
"calibration-n2000-id0095","completed",""
"calibration-n2000-id0096","completed",""
"calibration-n2000-id0097","completed",""
"calibration-n2000-id0098","completed",""
"calibration-n2000-id0099","completed",""
"calibration-n2000-id0100","completed",""
"calibration-n2000-id0101","completed",""
"calibration-n2000-id0102","completed",""
"calibration-n2000-id0103","completed",""
"calibration-n2000-id0104","completed",""
"calibration-n2000-id0105","completed",""
"calibration-n2000-id0106","completed",""
"calibration-n2000-id0107","completed",""
"calibration-n2000-id0108","completed",""
"calibration-n2000-id0109","completed",""
"calibration-n2000-id0110","completed",""
"calibration-n2000-id0111","completed",""
"calibration-n2000-id0112","completed",""
"calibration-n2000-id0113","completed",""
"calibration-n2000-id0114","completed",""
"calibration-n2000-id0115","completed",""
"calibration-n2000-id0116","completed",""
"calibration-n2000-id0117","completed",""
"calibration-n2000-id0118","completed",""
"calibration-n2000-id0119","completed",""
"calibration-n2000-id0120","completed",""
"calibration-n2000-id0121","completed",""
"calibration-n2000-id0122","completed",""
"calibration-n2000-id0123","completed",""
"calibration-n2000-id0124","completed",""
"calibration-n2000-id0125","completed",""
"calibration-n2000-id0126","completed",""
"calibration-n2000-id0127","completed",""
"calibration-n2000-id0128","completed",""
"calibration-n2000-id0129","completed",""
"calibration-n2000-id0130","completed",""
"calibration-n2000-id0131","completed",""
"calibration-n2000-id0132","completed",""
"calibration-n2000-id0133","completed",""
"calibration-n2000-id0134","completed",""
"calibration-n2000-id0135","completed",""
"calibration-n2000-id0136","completed",""
"calibration-n2000-id0137","completed",""
"calibration-n2000-id0138","completed",""
"calibration-n2000-id0139","completed",""
"calibration-n2000-id0140","completed",""
"calibration-n2000-id0141","completed",""
"calibration-n2000-id0142","completed",""
"calibration-n2000-id0143","completed",""
"calibration-n2000-id0144","completed",""
"calibration-n2000-id0145","completed",""
"calibration-n2000-id0146","completed",""
"calibration-n2000-id0147","completed",""
"calibration-n2000-id0148","completed",""
"calibration-n2000-id0149","completed",""
"calibration-n2000-id0150","completed",""
"calibration-n2000-id0151","completed",""
"calibration-n2000-id0152","completed",""
"calibration-n2000-id0153","completed",""
"calibration-n2000-id0154","completed",""
"calibration-n2000-id0155","completed",""
"calibration-n2000-id0156","completed",""
"calibration-n2000-id0157","completed",""
"calibration-n2000-id0158","completed",""
"calibration-n2000-id0159","completed",""
"calibration-n2000-id0160","completed",""
"calibration-n2000-id0161","completed",""
"calibration-n2000-id0162","completed",""
"calibration-n2000-id0163","completed",""
"calibration-n2000-id0164","completed",""
"calibration-n2000-id0165","completed",""
"calibration-n2000-id0166","completed",""
"calibration-n2000-id0167","completed",""
"calibration-n2000-id0168","completed",""
"calibration-n2000-id0169","completed",""
"calibration-n2000-id0170","completed",""
"calibration-n2000-id0171","completed",""
"calibration-n2000-id0172","completed",""
"calibration-n2000-id0173","completed",""
"calibration-n2000-id0174","completed",""
"calibration-n2000-id0175","completed",""
"calibration-n2000-id0176","completed",""
"calibration-n2000-id0177","completed",""
"calibration-n2000-id0178","completed",""
"calibration-n2000-id0179","completed",""
"calibration-n2000-id0180","completed",""
"calibration-n2000-id0181","completed",""
"calibration-n2000-id0182","completed",""
"calibration-n2000-id0183","completed",""
"calibration-n2000-id0184","completed",""
"calibration-n2000-id0185","completed",""
"calibration-n2000-id0186","completed",""
"calibration-n2000-id0187","completed",""
"calibration-n2000-id0188","completed",""
"calibration-n2000-id0189","completed",""
"calibration-n2000-id0190","completed",""
"calibration-n2000-id0191","completed",""
"calibration-n2000-id0192","completed",""
"calibration-n2000-id0193","completed",""
"calibration-n2000-id0194","completed",""
"calibration-n2000-id0195","completed",""
"calibration-n2000-id0196","completed",""
"calibration-n2000-id0197","completed",""
"calibration-n2000-id0198","completed",""
"calibration-n2000-id0199","completed",""
"calibration-n2000-id0200","completed",""
"calibration-n2000-id0201","completed",""
"calibration-n2000-id0202","completed",""
"calibration-n2000-id0203","completed",""
"calibration-n2000-id0204","completed",""
"calibration-n2000-id0205","completed",""
"calibration-n2000-id0206","completed",""
"calibration-n2000-id0207","completed",""
"calibration-n2000-id0208","completed",""
"calibration-n2000-id0209","completed",""
"calibration-n2000-id0210","completed",""
"calibration-n2000-id0211","completed",""
"calibration-n2000-id0212","completed",""
"calibration-n2000-id0213","completed",""
"calibration-n2000-id0214","completed",""
"calibration-n2000-id0215","completed",""
"calibration-n2000-id0216","completed",""
"calibration-n2000-id0217","completed",""
"calibration-n2000-id0218","completed",""
"calibration-n2000-id0219","completed",""
"calibration-n2000-id0220","completed",""
"calibration-n2000-id0221","completed",""
"calibration-n2000-id0222","completed",""
"calibration-n2000-id0223","completed",""
"calibration-n2000-id0224","completed",""
"calibration-n2000-id0225","completed",""
"calibration-n2000-id0226","completed",""
"calibration-n2000-id0227","completed",""
"calibration-n2000-id0228","completed",""
"calibration-n2000-id0229","completed",""
"calibration-n2000-id0230","completed",""
"calibration-n2000-id0231","completed",""
"calibration-n2000-id0232","completed",""
"calibration-n2000-id0233","completed",""
"calibration-n2000-id0234","completed",""
"calibration-n2000-id0235","completed",""
"calibration-n2000-id0236","completed",""
"calibration-n2000-id0237","completed",""
"calibration-n2000-id0238","completed",""
"calibration-n2000-id0239","completed",""
"calibration-n2000-id0240","completed",""
"calibration-n2000-id0241","completed",""
"calibration-n2000-id0242","completed",""
"calibration-n2000-id0243","completed",""
"calibration-n2000-id0244","completed",""
"calibration-n2000-id0245","completed",""
"calibration-n2000-id0246","completed",""
"calibration-n2000-id0247","completed",""
"calibration-n2000-id0248","completed",""
"calibration-n2000-id0249","completed",""
"calibration-n2000-id0250","completed",""
"calibration-n2000-id0251","completed",""
"calibration-n2000-id0252","completed",""
"calibration-n2000-id0253","completed",""
"calibration-n2000-id0254","completed",""
"calibration-n2000-id0255","completed",""
"calibration-n2000-id0256","completed",""
"calibration-n2000-id0257","completed",""
"calibration-n2000-id0258","completed",""
"calibration-n2000-id0259","completed",""
"calibration-n2000-id0260","completed",""
"calibration-n2000-id0261","completed",""
"calibration-n2000-id0262","completed",""
"calibration-n2000-id0263","completed",""
"calibration-n2000-id0264","completed",""
"calibration-n2000-id0265","completed",""
"calibration-n2000-id0266","completed",""
"calibration-n2000-id0267","completed",""
"calibration-n2000-id0268","completed",""
"calibration-n2000-id0269","completed",""
"calibration-n2000-id0270","completed",""
"calibration-n2000-id0271","completed",""
"calibration-n2000-id0272","completed",""
"calibration-n2000-id0273","completed",""
"calibration-n2000-id0274","completed",""
"calibration-n2000-id0275","completed",""
"calibration-n2000-id0276","completed",""
"calibration-n2000-id0277","completed",""
"calibration-n2000-id0278","completed",""
"calibration-n2000-id0279","completed",""
"calibration-n2000-id0280","completed",""
"calibration-n2000-id0281","completed",""
"calibration-n2000-id0282","completed",""
"calibration-n2000-id0283","completed",""
"calibration-n2000-id0284","completed",""
"calibration-n2000-id0285","completed",""
"calibration-n2000-id0286","completed",""
"calibration-n2000-id0287","completed",""
"calibration-n2000-id0288","completed",""
"calibration-n2000-id0289","completed",""
"calibration-n2000-id0290","completed",""
"calibration-n2000-id0291","completed",""
"calibration-n2000-id0292","completed",""
"calibration-n2000-id0293","completed",""
"calibration-n2000-id0294","completed",""
"calibration-n2000-id0295","completed",""
"calibration-n2000-id0296","completed",""
"calibration-n2000-id0297","completed",""
"calibration-n2000-id0298","completed",""
"calibration-n2000-id0299","completed",""
"calibration-n2000-id0300","completed",""
"calibration-n2000-id0301","completed",""
"calibration-n2000-id0302","completed",""
"calibration-n2000-id0303","completed",""
"calibration-n2000-id0304","completed",""
"calibration-n2000-id0305","completed",""
"calibration-n2000-id0306","completed",""
"calibration-n2000-id0307","completed",""
"calibration-n2000-id0308","completed",""
"calibration-n2000-id0309","completed",""
"calibration-n2000-id0310","completed",""
"calibration-n2000-id0311","completed",""
"calibration-n2000-id0312","completed",""
"calibration-n2000-id0313","completed",""
"calibration-n2000-id0314","completed",""
"calibration-n2000-id0315","completed",""
"calibration-n2000-id0316","completed",""
"calibration-n2000-id0317","completed",""
"calibration-n2000-id0318","completed",""
"calibration-n2000-id0319","completed",""
"calibration-n2000-id0320","completed",""
"calibration-n2000-id0321","completed",""
"calibration-n2000-id0322","completed",""
"calibration-n2000-id0323","completed",""
"calibration-n2000-id0324","completed",""
"calibration-n2000-id0325","completed",""
"calibration-n2000-id0326","completed",""
"calibration-n2000-id0327","completed",""
"calibration-n2000-id0328","completed",""
"calibration-n2000-id0329","completed",""
"calibration-n2000-id0330","completed",""
"calibration-n2000-id0331","completed",""
"calibration-n2000-id0332","completed",""
"calibration-n2000-id0333","completed",""
"calibration-n2000-id0334","completed",""
"calibration-n2000-id0335","completed",""
"calibration-n2000-id0336","completed",""
"calibration-n2000-id0337","completed",""
"calibration-n2000-id0338","completed",""
"calibration-n2000-id0339","completed",""
"calibration-n2000-id0340","completed",""
"calibration-n2000-id0341","completed",""
"calibration-n2000-id0342","completed",""
"calibration-n2000-id0343","completed",""
"calibration-n2000-id0344","completed",""
"calibration-n2000-id0345","completed",""
"calibration-n2000-id0346","completed",""
"calibration-n2000-id0347","completed",""
"calibration-n2000-id0348","completed",""
"calibration-n2000-id0349","completed",""
"calibration-n2000-id0350","completed",""
"calibration-n2000-id0351","completed",""
"calibration-n2000-id0352","completed",""
"calibration-n2000-id0353","completed",""
"calibration-n2000-id0354","completed",""
"calibration-n2000-id0355","completed",""
"calibration-n2000-id0356","completed",""
"calibration-n2000-id0357","completed",""
"calibration-n2000-id0358","completed",""
"calibration-n2000-id0359","completed",""
"calibration-n2000-id0360","completed",""
"calibration-n2000-id0361","completed",""
"calibration-n2000-id0362","completed",""
"calibration-n2000-id0363","completed",""
"calibration-n2000-id0364","completed",""
"calibration-n2000-id0365","completed",""
"calibration-n2000-id0366","completed",""
"calibration-n2000-id0367","completed",""
"calibration-n2000-id0368","completed",""
"calibration-n2000-id0369","completed",""
"calibration-n2000-id0370","completed",""
"calibration-n2000-id0371","completed",""
"calibration-n2000-id0372","completed",""
"calibration-n2000-id0373","completed",""
"calibration-n2000-id0374","completed",""
"calibration-n2000-id0375","completed",""
"calibration-n2000-id0376","completed",""
"calibration-n2000-id0377","completed",""
"calibration-n2000-id0378","completed",""
"calibration-n2000-id0379","completed",""
"calibration-n2000-id0380","completed",""
"calibration-n2000-id0381","completed",""
"calibration-n2000-id0382","completed",""
"calibration-n2000-id0383","completed",""
"calibration-n2000-id0384","completed",""
"calibration-n2000-id0385","completed",""
"calibration-n2000-id0386","completed",""
"calibration-n2000-id0387","completed",""
"calibration-n2000-id0388","completed",""
"calibration-n2000-id0389","completed",""
"calibration-n2000-id0390","completed",""
"calibration-n2000-id0391","completed",""
"calibration-n2000-id0392","completed",""
"calibration-n2000-id0393","completed",""
"calibration-n2000-id0394","completed",""
"calibration-n2000-id0395","completed",""
"calibration-n2000-id0396","completed",""
"calibration-n2000-id0397","completed",""
"calibration-n2000-id0398","completed",""
"calibration-n2000-id0399","completed",""
"calibration-n2000-id0400","completed",""
"calibration-n2000-id0401","completed",""
"calibration-n2000-id0402","completed",""
"calibration-n2000-id0403","completed",""
"calibration-n2000-id0404","completed",""
"calibration-n2000-id0405","completed",""
"calibration-n2000-id0406","completed",""
"calibration-n2000-id0407","completed",""
"calibration-n2000-id0408","completed",""
"calibration-n2000-id0409","completed",""
"calibration-n2000-id0410","completed",""
"calibration-n2000-id0411","completed",""
"calibration-n2000-id0412","completed",""
"calibration-n2000-id0413","completed",""
"calibration-n2000-id0414","completed",""
"calibration-n2000-id0415","completed",""
"calibration-n2000-id0416","completed",""
"calibration-n2000-id0417","completed",""
"calibration-n2000-id0418","completed",""
"calibration-n2000-id0419","completed",""
"calibration-n2000-id0420","completed",""
"calibration-n2000-id0421","completed",""
"calibration-n2000-id0422","completed",""
"calibration-n2000-id0423","completed",""
"calibration-n2000-id0424","completed",""
"calibration-n2000-id0425","completed",""
"calibration-n2000-id0426","completed",""
"calibration-n2000-id0427","completed",""
"calibration-n2000-id0428","completed",""
"calibration-n2000-id0429","completed",""
"calibration-n2000-id0430","completed",""
"calibration-n2000-id0431","completed",""
"calibration-n2000-id0432","completed",""
"calibration-n2000-id0433","completed",""
"calibration-n2000-id0434","completed",""
"calibration-n2000-id0435","completed",""
"calibration-n2000-id0436","completed",""
"calibration-n2000-id0437","completed",""
"calibration-n2000-id0438","completed",""
"calibration-n2000-id0439","completed",""
"calibration-n2000-id0440","completed",""
"calibration-n2000-id0441","completed",""
"calibration-n2000-id0442","completed",""
"calibration-n2000-id0443","completed",""
"calibration-n2000-id0444","completed",""
"calibration-n2000-id0445","completed",""
"calibration-n2000-id0446","completed",""
"calibration-n2000-id0447","completed",""
"calibration-n2000-id0448","completed",""
"calibration-n2000-id0449","completed",""
"calibration-n2000-id0450","completed",""
"calibration-n2000-id0451","completed",""
"calibration-n2000-id0452","completed",""
"calibration-n2000-id0453","completed",""
"calibration-n2000-id0454","completed",""
"calibration-n2000-id0455","completed",""
"calibration-n2000-id0456","completed",""
"calibration-n2000-id0457","completed",""
"calibration-n2000-id0458","completed",""
"calibration-n2000-id0459","completed",""
"calibration-n2000-id0460","completed",""
"calibration-n2000-id0461","completed",""
"calibration-n2000-id0462","completed",""
"calibration-n2000-id0463","completed",""
"calibration-n2000-id0464","completed",""
"calibration-n2000-id0465","completed",""
"calibration-n2000-id0466","completed",""
"calibration-n2000-id0467","completed",""
"calibration-n2000-id0468","completed",""
"calibration-n2000-id0469","completed",""
"calibration-n2000-id0470","completed",""
"calibration-n2000-id0471","completed",""
"calibration-n2000-id0472","completed",""
"calibration-n2000-id0473","completed",""
"calibration-n2000-id0474","completed",""
"calibration-n2000-id0475","completed",""
"calibration-n2000-id0476","completed",""
"calibration-n2000-id0477","completed",""
"calibration-n2000-id0478","completed",""
"calibration-n2000-id0479","completed",""
"calibration-n2000-id0480","completed",""
"calibration-n2000-id0481","completed",""
"calibration-n2000-id0482","completed",""
"calibration-n2000-id0483","completed",""
"calibration-n2000-id0484","completed",""
"calibration-n2000-id0485","completed",""
"calibration-n2000-id0486","completed",""
"calibration-n2000-id0487","completed",""
"calibration-n2000-id0488","completed",""
"calibration-n2000-id0489","completed",""
"calibration-n2000-id0490","completed",""
"calibration-n2000-id0491","completed",""
"calibration-n2000-id0492","completed",""
"calibration-n2000-id0493","completed",""
"calibration-n2000-id0494","completed",""
"calibration-n2000-id0495","completed",""
"calibration-n2000-id0496","completed",""
"calibration-n2000-id0497","completed",""
"calibration-n2000-id0498","completed",""
"calibration-n2000-id0499","completed",""
"calibration-n2000-id0500","completed",""
"calibration-n2000-id0501","completed",""
"calibration-n2000-id0502","completed",""
"calibration-n2000-id0503","completed",""
"calibration-n2000-id0504","completed",""
"calibration-n2000-id0505","completed",""
"calibration-n2000-id0506","completed",""
"calibration-n2000-id0507","completed",""
"calibration-n2000-id0508","completed",""
"calibration-n2000-id0509","completed",""
"calibration-n2000-id0510","completed",""
"calibration-n2000-id0511","completed",""
"calibration-n2000-id0512","completed",""
"calibration-n2000-id0513","completed",""
"calibration-n2000-id0514","completed",""
"calibration-n2000-id0515","completed",""
"calibration-n2000-id0516","completed",""
"calibration-n2000-id0517","completed",""
"calibration-n2000-id0518","completed",""
"calibration-n2000-id0519","completed",""
"calibration-n2000-id0520","completed",""
"calibration-n2000-id0521","completed",""
"calibration-n2000-id0522","completed",""
"calibration-n2000-id0523","completed",""
"calibration-n2000-id0524","completed",""
"calibration-n2000-id0525","completed",""
"calibration-n2000-id0526","completed",""
"calibration-n2000-id0527","completed",""
"calibration-n2000-id0528","completed",""
"calibration-n2000-id0529","completed",""
"calibration-n2000-id0530","completed",""
"calibration-n2000-id0531","completed",""
"calibration-n2000-id0532","completed",""
"calibration-n2000-id0533","completed",""
"calibration-n2000-id0534","completed",""
"calibration-n2000-id0535","completed",""
"calibration-n2000-id0536","completed",""
"calibration-n2000-id0537","completed",""
"calibration-n2000-id0538","completed",""
"calibration-n2000-id0539","completed",""
"calibration-n2000-id0540","completed",""
"calibration-n2000-id0541","completed",""
"calibration-n2000-id0542","completed",""
"calibration-n2000-id0543","completed",""
"calibration-n2000-id0544","completed",""
"calibration-n2000-id0545","completed",""
"calibration-n2000-id0546","completed",""
"calibration-n2000-id0547","completed",""
"calibration-n2000-id0548","completed",""
"calibration-n2000-id0549","completed",""
"calibration-n2000-id0550","completed",""
"calibration-n2000-id0551","completed",""
"calibration-n2000-id0552","completed",""
"calibration-n2000-id0553","completed",""
"calibration-n2000-id0554","completed",""
"calibration-n2000-id0555","completed",""
"calibration-n2000-id0556","completed",""
"calibration-n2000-id0557","completed",""
"calibration-n2000-id0558","completed",""
"calibration-n2000-id0559","completed",""
"calibration-n2000-id0560","completed",""
"calibration-n2000-id0561","completed",""
"calibration-n2000-id0562","completed",""
"calibration-n2000-id0563","completed",""
"calibration-n2000-id0564","completed",""
"calibration-n2000-id0565","completed",""
"calibration-n2000-id0566","completed",""
"calibration-n2000-id0567","completed",""
"calibration-n2000-id0568","completed",""
"calibration-n2000-id0569","completed",""
"calibration-n2000-id0570","completed",""
"calibration-n2000-id0571","completed",""
"calibration-n2000-id0572","completed",""
"calibration-n2000-id0573","completed",""
"calibration-n2000-id0574","completed",""
"calibration-n2000-id0575","completed",""
"calibration-n2000-id0576","completed",""
"calibration-n2000-id0577","completed",""
"calibration-n2000-id0578","completed",""
"calibration-n2000-id0579","completed",""
"calibration-n2000-id0580","completed",""
"calibration-n2000-id0581","completed",""
"calibration-n2000-id0582","completed",""
"calibration-n2000-id0583","completed",""
"calibration-n2000-id0584","completed",""
"calibration-n2000-id0585","completed",""
"calibration-n2000-id0586","completed",""
"calibration-n2000-id0587","completed",""
"calibration-n2000-id0588","completed",""
"calibration-n2000-id0589","completed",""
"calibration-n2000-id0590","completed",""
"calibration-n2000-id0591","completed",""
"calibration-n2000-id0592","completed",""
"calibration-n2000-id0593","completed",""
"calibration-n2000-id0594","completed",""
"calibration-n2000-id0595","completed",""
"calibration-n2000-id0596","completed",""
"calibration-n2000-id0597","completed",""
"calibration-n2000-id0598","completed",""
"calibration-n2000-id0599","completed",""
"calibration-n2000-id0600","completed",""
"calibration-n2000-id0601","completed",""
"calibration-n2000-id0602","completed",""
"calibration-n2000-id0603","completed",""
"calibration-n2000-id0604","completed",""
"calibration-n2000-id0605","completed",""
"calibration-n2000-id0606","completed",""
"calibration-n2000-id0607","completed",""
"calibration-n2000-id0608","completed",""
"calibration-n2000-id0609","completed",""
"calibration-n2000-id0610","completed",""
"calibration-n2000-id0611","completed",""
"calibration-n2000-id0612","completed",""
"calibration-n2000-id0613","completed",""
"calibration-n2000-id0614","completed",""
"calibration-n2000-id0615","completed",""
"calibration-n2000-id0616","completed",""
"calibration-n2000-id0617","completed",""
"calibration-n2000-id0618","completed",""
"calibration-n2000-id0619","completed",""
"calibration-n2000-id0620","completed",""
"calibration-n2000-id0621","completed",""
"calibration-n2000-id0622","completed",""
"calibration-n2000-id0623","completed",""
"calibration-n2000-id0624","completed",""
"calibration-n2000-id0625","completed",""
"calibration-n2000-id0626","completed",""
"calibration-n2000-id0627","completed",""
"calibration-n2000-id0628","completed",""
"calibration-n2000-id0629","completed",""
"calibration-n2000-id0630","completed",""
"calibration-n2000-id0631","completed",""
"calibration-n2000-id0632","completed",""
"calibration-n2000-id0633","completed",""
"calibration-n2000-id0634","completed",""
"calibration-n2000-id0635","completed",""
"calibration-n2000-id0636","completed",""
"calibration-n2000-id0637","completed",""
"calibration-n2000-id0638","completed",""
"calibration-n2000-id0639","completed",""
"calibration-n2000-id0640","completed",""
"calibration-n2000-id0641","completed",""
"calibration-n2000-id0642","completed",""
"calibration-n2000-id0643","completed",""
"calibration-n2000-id0644","completed",""
"calibration-n2000-id0645","completed",""
"calibration-n2000-id0646","completed",""
"calibration-n2000-id0647","completed",""
"calibration-n2000-id0648","completed",""
"calibration-n2000-id0649","completed",""
"calibration-n2000-id0650","completed",""
"calibration-n2000-id0651","completed",""
"calibration-n2000-id0652","completed",""
"calibration-n2000-id0653","completed",""
"calibration-n2000-id0654","completed",""
"calibration-n2000-id0655","completed",""
"calibration-n2000-id0656","completed",""
"calibration-n2000-id0657","completed",""
"calibration-n2000-id0658","completed",""
"calibration-n2000-id0659","completed",""
"calibration-n2000-id0660","completed",""
"calibration-n2000-id0661","completed",""
"calibration-n2000-id0662","completed",""
"calibration-n2000-id0663","completed",""
"calibration-n2000-id0664","completed",""
"calibration-n2000-id0665","completed",""
"calibration-n2000-id0666","completed",""
"calibration-n2000-id0667","completed",""
"calibration-n2000-id0668","completed",""
"calibration-n2000-id0669","completed",""
"calibration-n2000-id0670","completed",""
"calibration-n2000-id0671","completed",""
"calibration-n2000-id0672","completed",""
"calibration-n2000-id0673","completed",""
"calibration-n2000-id0674","completed",""
"calibration-n2000-id0675","completed",""
"calibration-n2000-id0676","completed",""
"calibration-n2000-id0677","completed",""
"calibration-n2000-id0678","completed",""
"calibration-n2000-id0679","completed",""
"calibration-n2000-id0680","completed",""
"calibration-n2000-id0681","completed",""
"calibration-n2000-id0682","completed",""
"calibration-n2000-id0683","completed",""
"calibration-n2000-id0684","completed",""
"calibration-n2000-id0685","completed",""
"calibration-n2000-id0686","completed",""
"calibration-n2000-id0687","completed",""
"calibration-n2000-id0688","completed",""
"calibration-n2000-id0689","completed",""
"calibration-n2000-id0690","completed",""
"calibration-n2000-id0691","completed",""
"calibration-n2000-id0692","completed",""
"calibration-n2000-id0693","completed",""
"calibration-n2000-id0694","completed",""
"calibration-n2000-id0695","completed",""
"calibration-n2000-id0696","completed",""
"calibration-n2000-id0697","completed",""
"calibration-n2000-id0698","completed",""
"calibration-n2000-id0699","completed",""
"calibration-n2000-id0700","completed",""
"calibration-n2000-id0701","completed",""
"calibration-n2000-id0702","completed",""
"calibration-n2000-id0703","completed",""
"calibration-n2000-id0704","completed",""
"calibration-n2000-id0705","completed",""
"calibration-n2000-id0706","completed",""
"calibration-n2000-id0707","completed",""
"calibration-n2000-id0708","completed",""
"calibration-n2000-id0709","completed",""
"calibration-n2000-id0710","completed",""
"calibration-n2000-id0711","completed",""
"calibration-n2000-id0712","completed",""
"calibration-n2000-id0713","completed",""
"calibration-n2000-id0714","completed",""
"calibration-n2000-id0715","completed",""
"calibration-n2000-id0716","completed",""
"calibration-n2000-id0717","completed",""
"calibration-n2000-id0718","completed",""
"calibration-n2000-id0719","completed",""
"calibration-n2000-id0720","completed",""
"calibration-n2000-id0721","completed",""
"calibration-n2000-id0722","completed",""
"calibration-n2000-id0723","completed",""
"calibration-n2000-id0724","completed",""
"calibration-n2000-id0725","completed",""
"calibration-n2000-id0726","completed",""
"calibration-n2000-id0727","completed",""
"calibration-n2000-id0728","completed",""
"calibration-n2000-id0729","completed",""
"calibration-n2000-id0730","completed",""
"calibration-n2000-id0731","completed",""
"calibration-n2000-id0732","completed",""
"calibration-n2000-id0733","completed",""
"calibration-n2000-id0734","completed",""
"calibration-n2000-id0735","completed",""
"calibration-n2000-id0736","completed",""
"calibration-n2000-id0737","completed",""
"calibration-n2000-id0738","completed",""
"calibration-n2000-id0739","completed",""
"calibration-n2000-id0740","completed",""
"calibration-n2000-id0741","completed",""
"calibration-n2000-id0742","completed",""
"calibration-n2000-id0743","completed",""
"calibration-n2000-id0744","completed",""
"calibration-n2000-id0745","completed",""
"calibration-n2000-id0746","completed",""
"calibration-n2000-id0747","completed",""
"calibration-n2000-id0748","completed",""
"calibration-n2000-id0749","completed",""
"calibration-n2000-id0750","completed",""
"calibration-n2000-id0751","completed",""
"calibration-n2000-id0752","completed",""
"calibration-n2000-id0753","completed",""
"calibration-n2000-id0754","completed",""
"calibration-n2000-id0755","completed",""
"calibration-n2000-id0756","completed",""
"calibration-n2000-id0757","completed",""
"calibration-n2000-id0758","completed",""
"calibration-n2000-id0759","completed",""
"calibration-n2000-id0760","completed",""
"calibration-n2000-id0761","completed",""
"calibration-n2000-id0762","completed",""
"calibration-n2000-id0763","completed",""
"calibration-n2000-id0764","completed",""
"calibration-n2000-id0765","completed",""
"calibration-n2000-id0766","completed",""
"calibration-n2000-id0767","completed",""
"calibration-n2000-id0768","completed",""
"calibration-n2000-id0769","completed",""
"calibration-n2000-id0770","completed",""
"calibration-n2000-id0771","completed",""
"calibration-n2000-id0772","completed",""
"calibration-n2000-id0773","completed",""
"calibration-n2000-id0774","completed",""
"calibration-n2000-id0775","completed",""
"calibration-n2000-id0776","completed",""
"calibration-n2000-id0777","completed",""
"calibration-n2000-id0778","completed",""
"calibration-n2000-id0779","completed",""
"calibration-n2000-id0780","completed",""
"calibration-n2000-id0781","completed",""
"calibration-n2000-id0782","completed",""
"calibration-n2000-id0783","completed",""
"calibration-n2000-id0784","completed",""
"calibration-n2000-id0785","completed",""
"calibration-n2000-id0786","completed",""
"calibration-n2000-id0787","completed",""
"calibration-n2000-id0788","completed",""
"calibration-n2000-id0789","completed",""
"calibration-n2000-id0790","completed",""
"calibration-n2000-id0791","completed",""
"calibration-n2000-id0792","completed",""
"calibration-n2000-id0793","completed",""
"calibration-n2000-id0794","completed",""
"calibration-n2000-id0795","completed",""
"calibration-n2000-id0796","completed",""
"calibration-n2000-id0797","completed",""
"calibration-n2000-id0798","completed",""
"calibration-n2000-id0799","completed",""
"calibration-n2000-id0800","completed",""
"calibration-n2000-id0801","completed",""
"calibration-n2000-id0802","completed",""
"calibration-n2000-id0803","completed",""
"calibration-n2000-id0804","completed",""
"calibration-n2000-id0805","completed",""
"calibration-n2000-id0806","completed",""
"calibration-n2000-id0807","completed",""
"calibration-n2000-id0808","completed",""
"calibration-n2000-id0809","completed",""
"calibration-n2000-id0810","completed",""
"calibration-n2000-id0811","completed",""
"calibration-n2000-id0812","completed",""
"calibration-n2000-id0813","completed",""
"calibration-n2000-id0814","completed",""
"calibration-n2000-id0815","completed",""
"calibration-n2000-id0816","completed",""
"calibration-n2000-id0817","completed",""
"calibration-n2000-id0818","completed",""
"calibration-n2000-id0819","completed",""
"calibration-n2000-id0820","completed",""
"calibration-n2000-id0821","completed",""
"calibration-n2000-id0822","completed",""
"calibration-n2000-id0823","completed",""
"calibration-n2000-id0824","completed",""
"calibration-n2000-id0825","completed",""
"calibration-n2000-id0826","completed",""
"calibration-n2000-id0827","completed",""
"calibration-n2000-id0828","completed",""
"calibration-n2000-id0829","completed",""
"calibration-n2000-id0830","completed",""
"calibration-n2000-id0831","completed",""
"calibration-n2000-id0832","completed",""
"calibration-n2000-id0833","completed",""
"calibration-n2000-id0834","completed",""
"calibration-n2000-id0835","completed",""
"calibration-n2000-id0836","completed",""
"calibration-n2000-id0837","completed",""
"calibration-n2000-id0838","completed",""
"calibration-n2000-id0839","completed",""
"calibration-n2000-id0840","completed",""
"calibration-n2000-id0841","completed",""
"calibration-n2000-id0842","completed",""
"calibration-n2000-id0843","completed",""
"calibration-n2000-id0844","completed",""
"calibration-n2000-id0845","completed",""
"calibration-n2000-id0846","completed",""
"calibration-n2000-id0847","completed",""
"calibration-n2000-id0848","completed",""
"calibration-n2000-id0849","completed",""
"calibration-n2000-id0850","completed",""
"calibration-n2000-id0851","completed",""
"calibration-n2000-id0852","completed",""
"calibration-n2000-id0853","completed",""
"calibration-n2000-id0854","completed",""
"calibration-n2000-id0855","completed",""
"calibration-n2000-id0856","completed",""
"calibration-n2000-id0857","completed",""
"calibration-n2000-id0858","completed",""
"calibration-n2000-id0859","completed",""
"calibration-n2000-id0860","completed",""
"calibration-n2000-id0861","completed",""
"calibration-n2000-id0862","completed",""
"calibration-n2000-id0863","completed",""
"calibration-n2000-id0864","completed",""
"calibration-n2000-id0865","completed",""
"calibration-n2000-id0866","completed",""
"calibration-n2000-id0867","completed",""
"calibration-n2000-id0868","completed",""
"calibration-n2000-id0869","completed",""
"calibration-n2000-id0870","completed",""
"calibration-n2000-id0871","completed",""
"calibration-n2000-id0872","completed",""
"calibration-n2000-id0873","completed",""
"calibration-n2000-id0874","completed",""
"calibration-n2000-id0875","completed",""
"calibration-n2000-id0876","completed",""
"calibration-n2000-id0877","completed",""
"calibration-n2000-id0878","completed",""
"calibration-n2000-id0879","completed",""
"calibration-n2000-id0880","completed",""
"calibration-n2000-id0881","completed",""
"calibration-n2000-id0882","completed",""
"calibration-n2000-id0883","completed",""
"calibration-n2000-id0884","completed",""
"calibration-n2000-id0885","completed",""
"calibration-n2000-id0886","completed",""
"calibration-n2000-id0887","completed",""
"calibration-n2000-id0888","completed",""
"calibration-n2000-id0889","completed",""
"calibration-n2000-id0890","completed",""
"calibration-n2000-id0891","completed",""
"calibration-n2000-id0892","completed",""
"calibration-n2000-id0893","completed",""
"calibration-n2000-id0894","completed",""
"calibration-n2000-id0895","completed",""
"calibration-n2000-id0896","completed",""
"calibration-n2000-id0897","completed",""
"calibration-n2000-id0898","completed",""
"calibration-n2000-id0899","completed",""
"calibration-n2000-id0900","completed",""
"calibration-n2000-id0901","completed",""
"calibration-n2000-id0902","completed",""
"calibration-n2000-id0903","completed",""
"calibration-n2000-id0904","completed",""
"calibration-n2000-id0905","completed",""
"calibration-n2000-id0906","completed",""
"calibration-n2000-id0907","completed",""
"calibration-n2000-id0908","completed",""
"calibration-n2000-id0909","completed",""
"calibration-n2000-id0910","completed",""
"calibration-n2000-id0911","completed",""
"calibration-n2000-id0912","completed",""
"calibration-n2000-id0913","completed",""
"calibration-n2000-id0914","completed",""
"calibration-n2000-id0915","completed",""
"calibration-n2000-id0916","completed",""
"calibration-n2000-id0917","completed",""
"calibration-n2000-id0918","completed",""
"calibration-n2000-id0919","completed",""
"calibration-n2000-id0920","completed",""
"calibration-n2000-id0921","completed",""
"calibration-n2000-id0922","completed",""
"calibration-n2000-id0923","completed",""
"calibration-n2000-id0924","completed",""
"calibration-n2000-id0925","completed",""
"calibration-n2000-id0926","completed",""
"calibration-n2000-id0927","completed",""
"calibration-n2000-id0928","completed",""
"calibration-n2000-id0929","completed",""
"calibration-n2000-id0930","completed",""
"calibration-n2000-id0931","completed",""
"calibration-n2000-id0932","completed",""
"calibration-n2000-id0933","completed",""
"calibration-n2000-id0934","completed",""
"calibration-n2000-id0935","completed",""
"calibration-n2000-id0936","completed",""
"calibration-n2000-id0937","completed",""
"calibration-n2000-id0938","completed",""
"calibration-n2000-id0939","completed",""
"calibration-n2000-id0940","completed",""
"calibration-n2000-id0941","completed",""
"calibration-n2000-id0942","completed",""
"calibration-n2000-id0943","completed",""
"calibration-n2000-id0944","completed",""
"calibration-n2000-id0945","completed",""
"calibration-n2000-id0946","completed",""
"calibration-n2000-id0947","completed",""
"calibration-n2000-id0948","completed",""
"calibration-n2000-id0949","completed",""
"calibration-n2000-id0950","completed",""
"calibration-n2000-id0951","completed",""
"calibration-n2000-id0952","completed",""
"calibration-n2000-id0953","completed",""
"calibration-n2000-id0954","completed",""
"calibration-n2000-id0955","completed",""
"calibration-n2000-id0956","completed",""
"calibration-n2000-id0957","completed",""
"calibration-n2000-id0958","completed",""
"calibration-n2000-id0959","completed",""
"calibration-n2000-id0960","completed",""
"calibration-n2000-id0961","completed",""
"calibration-n2000-id0962","completed",""
"calibration-n2000-id0963","completed",""
"calibration-n2000-id0964","completed",""
"calibration-n2000-id0965","completed",""
"calibration-n2000-id0966","completed",""
"calibration-n2000-id0967","completed",""
"calibration-n2000-id0968","completed",""
"calibration-n2000-id0969","completed",""
"calibration-n2000-id0970","completed",""
"calibration-n2000-id0971","completed",""
"calibration-n2000-id0972","completed",""
"calibration-n2000-id0973","completed",""
"calibration-n2000-id0974","completed",""
"calibration-n2000-id0975","completed",""
"calibration-n2000-id0976","completed",""
"calibration-n2000-id0977","completed",""
"calibration-n2000-id0978","completed",""
"calibration-n2000-id0979","completed",""
"calibration-n2000-id0980","completed",""
"calibration-n2000-id0981","completed",""
"calibration-n2000-id0982","completed",""
"calibration-n2000-id0983","completed",""
"calibration-n2000-id0984","completed",""
"calibration-n2000-id0985","completed",""
"calibration-n2000-id0986","completed",""
"calibration-n2000-id0987","completed",""
"calibration-n2000-id0988","completed",""
"calibration-n2000-id0989","completed",""
"calibration-n2000-id0990","completed",""
"calibration-n2000-id0991","completed",""
"calibration-n2000-id0992","completed",""
"calibration-n2000-id0993","completed",""
"calibration-n2000-id0994","completed",""
"calibration-n2000-id0995","completed",""
"calibration-n2000-id0996","completed",""
"calibration-n2000-id0997","completed",""
"calibration-n2000-id0998","completed",""
"calibration-n2000-id0999","completed",""
"calibration-n2000-id1000","completed",""
