"model","estimand","M","n","comparison","requested_pairs","joint_valid","coverage_difference","coverage_difference_mcse","mean_variance_difference","mean_variance_difference_outer_mcse","analytic_common_n","analytic_sampling_root_variance","analytic_sampling_root_variance_mcse","analytic_mean_reported_root_variance","analytic_mean_reported_variance_outer_mcse","analytic_mean_reported_variance_inner_mcse","analytic_variance_ratio","analytic_variance_ratio_outer_mcse","analytic_variance_ratio_inner_mcse","analytic_variance_difference","analytic_variance_difference_outer_mcse","comparison_common_n","comparison_sampling_root_variance","comparison_sampling_root_variance_mcse","comparison_mean_reported_root_variance","comparison_mean_reported_variance_outer_mcse","comparison_mean_reported_variance_inner_mcse","comparison_variance_ratio","comparison_variance_ratio_outer_mcse","comparison_variance_ratio_inner_mcse","comparison_variance_difference","comparison_variance_difference_outer_mcse"
"CorCor","PATE",1,2000,"fitted_naive",1000,1000,-0.000999999999999999,0.00100000000000001,-0.0778906924380505,0.00414948595676304,1000,10.5457400452953,0.450938308396008,10.9118761034412,0.0273414473391415,NA,1.03471885866457,0.0442085437644612,NA,0.366136058145919,0.450583576662414,1000,10.5457400452953,0.450938308396008,10.8339854110032,0.0269915049158107,NA,1.02733287227542,0.0438887875262109,NA,0.288245365707869,0.450535811586889
"CorCor","PATE",1,500,"fitted_naive",1000,1000,-0.00699999999999999,0.00299331922119241,-0.468653637563447,0.0298502140099234,1000,11.5306507342065,0.491002957880712,10.897814598588,0.0609019734126119,NA,0.945117049314381,0.0404147344464533,NA,-0.632836135618549,0.492737592530642,1000,11.5306507342065,0.491002957880712,10.4291609610245,0.052761889818229,NA,0.904472887214045,0.0387523468327388,NA,-1.101489773182,0.493446843580167
"CorCor","PATE",3,2000,"fitted_naive",1000,1000,0,0.0014149211999267,-0.0727241015779383,0.0034598795487583,1000,9.06952015665751,0.379049308589151,9.20594088161303,0.0188285950268101,NA,1.01504166952596,0.0424325697604011,NA,0.136420724955514,0.379148440217642,1000,9.06952015665751,0.379049308589151,9.13321678003509,0.0183954704126753,NA,1.00702315252377,0.0420988619115158,NA,0.0636966233775755,0.379157467662756
"CorCor","PATE",3,500,"fitted_naive",1000,1000,-0.01,0.00345136377565621,-0.546409191216842,0.0298456628526923,1000,10.1475044977593,0.416330385564232,9.45499314688843,0.0487658857998241,NA,0.931755501953825,0.0385115357468158,NA,-0.692511350870889,0.419001164154423,1000,10.1475044977593,0.416330385564232,8.90858395567159,0.0361222912426243,NA,0.877908845237635,0.0362319637001537,NA,-1.23892054208773,0.418278191092852
"CorCor","PATT",1,2000,"fitted_naive",1000,1000,-0.002,0.00141350557055782,-0.0232919489464188,0.00221718216678132,1000,12.1160845981659,0.508074837887872,12.0908344243881,0.0210860698789823,NA,0.997915979079449,0.0418274747477982,NA,-0.0252501737777493,0.50784314707667,1000,12.1160845981659,0.508074837887872,12.0675424754417,0.0211744068254953,NA,0.995993580076891,0.0417518067754363,NA,-0.048542122724168,0.507902208823199
"CorCor","PATT",1,500,"fitted_naive",1000,1000,-0.00100000000000001,0.00173262863938065,-0.136065263216769,0.0104055411282869,1000,12.535243377785,0.523036502119406,12.1136145048802,0.0433993295378112,NA,0.966364524389529,0.0402029186313782,NA,-0.421628872904806,0.521483172164943,1000,12.535243377785,0.523036502119406,11.9775492416634,0.0426424495373274,NA,0.955509907601002,0.0397033502833497,NA,-0.557694136121576,0.520880027144604
"CorCor","PATT",3,2000,"fitted_naive",1000,1000,0,0,-0.0224384127189741,0.00154372439770835,1000,9.58420525673897,0.408685834061089,9.57902654509075,0.0153001373959067,NA,0.999459661859331,0.042608892299679,NA,-0.0051787116482167,0.408593043240827,1000,9.58420525673897,0.408685834061089,9.55658813237178,0.0152783786197916,NA,0.997118475280173,0.0425053789164787,NA,-0.0276171243671914,0.408557088885598
"CorCor","PATT",3,500,"fitted_naive",1000,1000,0,0,-0.144863644685577,0.00929081423703543,1000,10.2518217073085,0.422449696431136,9.69664493041907,0.0321135523949479,NA,0.945846036661597,0.0391830416730059,NA,-0.555176776889432,0.424505646632832,1000,10.2518217073085,0.422449696431136,9.55178128573349,0.0308954156705648,NA,0.931715509539543,0.0385709590281859,NA,-0.700040421575009,0.42418719207191
"MisCor","PATE",1,2000,"fitted_naive",1000,1000,-0.000999999999999999,0.00100000000000001,-0.0779201232040074,0.00406399757708383,1000,11.1167276986065,0.463652551048613,10.9181414801077,0.0269011519567934,NA,0.982136270323175,0.041004256996526,NA,-0.198586218498784,0.464101547022525,1000,11.1167276986065,0.463652551048613,10.8402213569037,0.0266855950606443,NA,0.97512700236982,0.0407234729423497,NA,-0.276506341702792,0.464224634252957
"MisCor","PATE",1,500,"fitted_naive",1000,1000,-0.002,0.00282913485079871,-0.442667834801452,0.0250810984369462,1000,11.8401351013587,0.510172243343699,10.8853370659616,0.0583957939129328,NA,0.919359194196399,0.0398521754277597,NA,-0.954798035397069,0.512704907243837,1000,11.8401351013587,0.510172243343699,10.4426692311602,0.0532350905344604,NA,0.8819721347573,0.0382261752679677,NA,-1.39746587019852,0.51244862979002
"MisCor","PATE",3,2000,"fitted_naive",1000,1000,0,0,-0.0707272897375678,0.0035322839050882,1000,9.33530236174218,0.393080848998449,9.21858468348777,0.0187340799205535,NA,0.987497172160942,0.0416290584476877,NA,-0.116717678254412,0.393528827310108,1000,9.33530236174218,0.393080848998449,9.1478573937502,0.0183173488594369,NA,0.979920846617656,0.0413162337148561,NA,-0.187444967991981,0.39358353774984
"MisCor","PATE",3,500,"fitted_naive",1000,1000,-0.00799999999999999,0.00281850030050451,-0.509418296738202,0.0269909953997433,1000,10.257975311603,0.434078353481539,9.40375780544873,0.0465789797030262,NA,0.916726500093243,0.0389947160902206,NA,-0.854217506154288,0.43592851737771,1000,10.257975311603,0.434078353481539,8.89433950871053,0.0362903629462574,NA,0.867065794031494,0.0368150580952731,NA,-1.36363580289249,0.435120144220058
"MisCor","PATT",1,2000,"fitted_naive",1000,1000,0.000999999999999999,0.00100000000000001,-0.0219933600800694,0.00193127679087873,1000,11.9179087283271,0.502146590736741,12.0867262320174,0.0217730289892987,NA,1.01416502740024,0.0427004786842462,NA,0.168817503690303,0.501794083322256,1000,11.9179087283271,0.502146590736741,12.0647328719373,0.0217773968920376,NA,1.01231962309472,0.0426144243058537,NA,0.146824143610234,0.501694312187997
"MisCor","PATT",1,500,"fitted_naive",1000,1000,-0.002,0.00200000000000002,-0.171991719020266,0.0240661815884153,1000,12.4230618660296,0.538981490198875,12.2019778521301,0.0494340480644499,NA,0.982203742017577,0.0425468424788783,NA,-0.221084013899462,0.538112781944466,1000,12.4230618660296,0.538981490198875,12.0299861331099,0.044374950462147,NA,0.968359190579693,0.042017957299592,NA,-0.393075732919728,0.538985810086912
"MisCor","PATT",3,2000,"fitted_naive",1000,1000,0.000999999999999999,0.00100000000000001,-0.0218440522309151,0.00135918849481284,1000,9.7284138446848,0.40545788878919,9.57636501807863,0.0153414702187922,NA,0.984370645715361,0.0410162787903819,NA,-0.152048826606164,0.405355770186263,1000,9.7284138446848,0.40545788878919,9.55452096584772,0.0153439774080851,NA,0.982125258894893,0.0409156538065799,NA,-0.17389287883708,0.405286582042884
"MisCor","PATT",3,500,"fitted_naive",1000,1000,-0.002,0.00141350557055782,-0.161179022835731,0.0169163601120604,1000,10.1381213775887,0.429210286076481,9.71496035220989,0.0355492319378702,NA,0.958260410423347,0.0407407922000812,NA,-0.423161025378846,0.430886440046209,1000,10.1381213775887,0.429210286076481,9.55378132937416,0.031286729320596,NA,0.942362097823536,0.040029216895978,NA,-0.584340048214578,0.430490437803762
"CorCor","PATE",1,2000,"original_refit",250,250,0,0.00801604816056202,-0.129012252743476,0.0492167383734134,250,11.8491476745538,0.976475606938683,10.8376324203441,0.0514036023182923,NA,0.914633922878529,0.0747008507641588,NA,-1.01151525420966,0.968375041929241,250,11.8491476745538,0.976475606938683,10.7086201676006,0.07167138577264,0.0480890594336399,0.903746029817619,0.0738965357845936,0.00405844038359923,-1.14052750695313,0.969321050119789
"CorCor","PATE",1,500,"original_refit",250,250,-0.00799999999999999,0.008,0.0146737674669769,0.0827985179212418,250,12.2873121434736,1.06292820776565,11.0419158795649,0.133507367459066,NA,0.898643718873036,0.0779458724998145,NA,-1.24539626390867,1.0645362372872,250,12.2873121434736,1.06292820776565,11.0565896470319,0.117708559525356,0.0499087201737641,0.899837939976532,0.0781203758541217,0.00406180941698247,-1.23072249644169,1.06563174786839
"CorCor","PATE",3,2000,"original_refit",250,250,0,0.00566820201265136,-0.0691195352562338,0.0419555714858346,250,9.55448973464805,0.829933030997465,9.12521156650848,0.0340203901620324,NA,0.955070529137433,0.0827960265110736,NA,-0.429278168139568,0.828329442434583,250,9.55448973464805,0.829933030997465,9.05609203125224,0.0524075128534684,0.0407202376021814,0.947836282497805,0.0824560823647365,0.0042618955834465,-0.498397703395803,0.831027291545855
"CorCor","PATE",3,500,"original_refit",250,250,0,0.00566820201265136,0.114816501049334,0.0713724541307036,250,10.8825179224873,0.881629326316896,9.45330783171602,0.0968427361313954,NA,0.868669171881815,0.0707501902849104,NA,-1.42921009077124,0.884925975612492,250,10.8825179224873,0.881629326316896,9.56812433276536,0.0874064696814099,0.0431951853013553,0.879219717432683,0.0711560676575906,0.00396922712271378,-1.31439358972191,0.8802447253536
"CorCor","PATT",1,2000,"original_refit",250,250,-0.008,0.00564548367669017,-0.0836314454430007,0.052240722730716,250,12.2596099018179,1.01689359940235,12.0281550549481,0.0422780547654494,NA,0.981120537380602,0.0811619334820666,NA,-0.231454846869774,1.01419515955073,250,12.2596099018179,1.01689359940235,11.9445236095051,0.0685581057266093,0.0537468971713884,0.974298832113243,0.0809234191118912,0.0043840625926783,-0.315086292312774,1.01816404029632
"CorCor","PATT",1,500,"original_refit",250,250,0,0,0.0994099547173989,0.0578460307054706,250,13.9514631635557,1.25763568855692,12.0413815121941,0.0892256351708464,NA,0.863090944012873,0.077408743114653,NA,-1.91008165136158,1.25164447290258,250,13.9514631635557,1.25763568855692,12.1407914669115,0.107322546193817,0.0552448220773175,0.87021635828319,0.078129111200908,0.00395978697213846,-1.81067169664419,1.25255157244379
"CorCor","PATT",3,2000,"original_refit",250,250,0.004,0.004,-0.064651832109627,0.0419278756596222,250,9.64386904156382,0.839189381018092,9.5127100483774,0.0283939101367157,NA,0.986399753810308,0.0856556112641403,NA,-0.131158993186416,0.837458067716548,250,9.64386904156382,0.839189381018092,9.44805821626777,0.0504266952859649,0.0425103451101941,0.979695822864026,0.0853094444264017,0.00440801766666263,-0.195810825296043,0.839720784588239
"CorCor","PATT",3,500,"original_refit",250,250,0.00799999999999999,0.00800000000000001,0.142036947788398,0.0469883274715065,250,11.4424799231383,0.991233688700945,9.67094236523928,0.068665278324613,NA,0.845178879945709,0.0734297885462726,NA,-1.77153755789901,0.993248660706503,250,11.4424799231383,0.991233688700945,9.81297931302768,0.08366551089054,0.0443802648352783,0.857592006186043,0.0746448891159991,0.00387855300017046,-1.62950061011061,0.994699500002466
"MisCor","PATE",1,2000,"original_refit",250,250,-0.012,0.00892989204232337,-0.136258205692472,0.0515443601679555,250,11.2303278513565,0.941364809950488,10.8654376878807,0.0516088682890974,NA,0.967508503019195,0.080676749183511,NA,-0.364890163475799,0.936565348829493,250,11.2303278513565,0.941364809950488,10.7291794821882,0.070875955117545,0.0480089313384712,0.955375446220144,0.079938990176303,0.0042749358677603,-0.50114836916827,0.939624268392433
"MisCor","PATE",1,500,"original_refit",250,250,0.004,0.004,0.129186266608745,0.0665574302172786,250,13.279148942246,1.06620763171923,10.892622319887,0.109123009550281,NA,0.820280152535487,0.0660178319422262,NA,-2.386526622359,1.06705793674207,250,13.279148942246,1.06620763171923,11.0218085864957,0.106645925433967,0.0497123691674655,0.83000865751503,0.0670087448616231,0.00374364120650169,-2.25734035575026,1.06997948210846
"MisCor","PATE",3,2000,"original_refit",250,250,0.004,0.00693747173372439,-0.0776403957411036,0.0446114948711321,250,9.7718006520772,0.80566972494016,9.14564254838786,0.0336362324884652,NA,0.935921932304643,0.0767950594102875,NA,-0.626158103689335,0.802004038627084,250,9.7718006520772,0.80566972494016,9.06800215264676,0.0543564933981751,0.0407459887332363,0.927976580316256,0.0762009952065064,0.00416975235005177,-0.703798499430437,0.802505600807952
"MisCor","PATE",3,500,"original_refit",250,250,0.008,0.00564548367669016,0.209025082661834,0.060666365230197,250,10.8861322199552,0.871874245796139,9.34581751364597,0.0871380327734463,NA,0.858506706037828,0.0690045627319358,NA,-1.54031470630918,0.873842071755535,250,10.8861322199552,0.871874245796139,9.55484259630781,0.0856253169278201,0.043196277608138,0.877707748101113,0.0704230851990476,0.00396800964156542,-1.33128962364735,0.872673540052579
"MisCor","PATT",1,2000,"original_refit",250,250,-0.004,0.004,-0.0562990491678616,0.0570391913662384,250,12.1023806182106,1.04988564832878,12.0067212446252,0.0401485169022917,NA,0.992095821755813,0.085924616566633,NA,-0.0956593735853364,1.04818478243539,250,12.1023806182106,1.04988564832878,11.9504221954574,0.0697784641517049,0.0536650502323386,0.987443923014242,0.0859202350558178,0.00443425569937771,-0.151958422753198,1.05299249350987
"MisCor","PATT",1,500,"original_refit",250,250,0.00799999999999999,0.00800000000000001,-0.0244407215723676,0.103557715621163,250,14.2719657565753,1.18389152175617,12.2299367031109,0.124952619950262,NA,0.856920266745764,0.0703457703191668,NA,-2.04202905346438,1.17225979893317,250,14.2719657565753,1.18389152175617,12.2054959815385,0.111443682360571,0.0555661863453051,0.855207768132102,0.0706101645913098,0.00389338002157867,-2.06646977503675,1.17827379412147
"MisCor","PATT",3,2000,"original_refit",250,250,0,0.00566820201265136,-0.0716307631714543,0.0448996829470452,250,9.97098232385403,0.782089139122372,9.5051524904875,0.0279218950868305,NA,0.953281450288794,0.0745853291493917,NA,-0.465829833366529,0.780202692019055,250,9.97098232385403,0.782089139122372,9.43352172731605,0.0532880853043158,0.0422430922279081,0.94609752789831,0.0742274055873776,0.00423660285976518,-0.537460596537983,0.782173276247343
"MisCor","PATT",3,500,"original_refit",250,250,0.004,0.00693747173372439,0.0912826146353924,0.069976939910785,250,11.5210315528676,0.962851692565159,9.69877609301849,0.0866148522060202,NA,0.841832265497484,0.0706229028956726,NA,-1.82225545984907,0.965211796729766,250,11.5210315528676,0.962851692565159,9.79005870765388,0.0806420077290274,0.0443228028640021,0.849755394100727,0.0713849867081527,0.00384712103778331,-1.73097284521367,0.966498949250884
