"branch","model","estimand","M","n","requested","point_successes","interval_successes","mean_estimate","mean_estimate_mcse","signed_bias","bias_mcse","signed_relative_bias_percent","relative_bias_mcse_percent","rmse","rmse_mcse","empirical_sd","all_point_sampling_root_variance","all_point_sampling_root_variance_mcse","empirical_sd_mcse","mean_reported_se","mean_reported_se_mcse","mean_interval_length","mean_interval_length_mcse","coverage","coverage_mcse","coverage_lower","coverage_upper","success_and_cover","success_and_cover_mcse","success_and_cover_lower","success_and_cover_upper","point_summary_scope","interval_summary_scope","common_n","sampling_root_variance","sampling_root_variance_mcse","mean_reported_root_variance","mean_reported_variance_outer_mcse","mean_reported_variance_inner_mcse","variance_ratio","variance_ratio_outer_mcse","variance_ratio_inner_mcse","variance_difference","variance_difference_outer_mcse"
"actual_fitted","CorCor","PATE",1,2000,1000,1000,1000,1.30514343018396,0.00229627307231689,0.00514343018395785,0.00229627307231689,0.395648475689065,0.176636390178222,0.0727602365765962,0.0015430451302714,0.0726145303823391,10.5457400452953,0.450938308396008,0.0015525071429288,0.0738068651018322,9.21586065938244e-05,0.289317594822795,0.000361255099578586,0.957,0.00641490451994416,0.942513742038028,0.968708829543907,0.957,0.00641490451994416,0.942513742038028,0.968708829543907,"all_requested","all_requested",1000,10.5457400452953,0.450938308396008,10.9118761034412,0.0273414473391415,NA,1.03471885866457,0.0442085437644612,NA,0.366136058145919,0.450583576662414
"actual_fitted","CorCor","PATE",1,500,1000,1000,1000,1.3020333175081,0.00480221839032889,0.00203331750809721,0.00480221839032889,0.156409039084401,0.369401414640684,0.151797149337639,0.00322504317270843,0.151859479349868,11.5306507342065,0.491002957880713,0.00323327170607173,0.14709187891466,0.00039971004822694,0.57658957018212,0.00156683459756714,0.943,0.00733150734842434,0.926777270539338,0.956546418063041,0.943,0.00733150734842434,0.926777270539338,0.956546418063041,"all_requested","all_requested",1000,11.5306507342065,0.491002957880712,10.897814598588,0.0609019734126119,NA,0.945117049314381,0.0404147344464533,NA,-0.632836135618549,0.492737592530642
"actual_fitted","CorCor","PATE",3,2000,1000,1000,1000,1.30500008556801,0.00212949761172178,0.00500008556801401,0.00212949761172178,0.384621966770309,0.163807508593983,0.0674924156771551,0.00140586743465485,0.067340627249297,9.06952015665751,0.379049308589151,0.00140720885768519,0.067809933049749,6.91968843509922e-05,0.265810053143161,0.000271246802340654,0.952,0.00675988165576884,0.936859884598491,0.964399734657117,0.952,0.00675988165576884,0.936859884598491,0.964399734657117,"all_requested","all_requested",1000,9.06952015665751,0.379049308589151,9.20594088161303,0.0188285950268101,NA,1.01504166952596,0.0424325697604011,NA,0.136420724955514,0.379148440217642
"actual_fitted","CorCor","PATE",3,500,1000,1000,1000,1.30252959918561,0.00450499822369761,0.00252959918561047,0.00450499822369761,0.194584552739267,0.346538324899816,0.142411772190936,0.00291535296568687,0.142460552418972,10.1475044977593,0.416330385564232,0.00292242574168755,0.137085468015381,0.000343042899958793,0.537365160227927,0.00134470345814283,0.944,0.00727076337120113,0.927892253716747,0.957424450313383,0.944,0.00727076337120113,0.927892253716747,0.957424450313383,"all_requested","all_requested",1000,10.1475044977593,0.416330385564232,9.45499314688843,0.0487658857998241,NA,0.931755501953825,0.0385115357468158,NA,-0.692511350870889,0.419001164154423
"actual_fitted","CorCor","PATT",1,2000,1000,1000,1000,1.30630591520591,0.00246130906208118,0.00612295340057866,0.00246130906208118,0.470930136792196,0.189304823581414,0.0780350870770932,0.00163881700647963,0.077833426617893,12.1160845981659,0.508074837887873,0.00163193007158146,0.0777227241119848,6.78230696381454e-05,0.304667480079666,0.000265861547623431,0.958,0.00634318531969546,0.943649708424255,0.96956529373686,0.958,0.00634318531969546,0.943649708424255,0.96956529373686,"all_requested","all_requested",1000,12.1160845981659,0.508074837887872,12.0908344243881,0.0210860698789823,NA,0.997915979079449,0.0418274747477982,NA,-0.0252501737777493,0.50784314707667
"actual_fitted","CorCor","PATT",1,500,1000,1000,1000,1.30384232640331,0.00500704371416607,0.0036593645979765,0.00500704371416607,0.281449973232644,0.385103009442124,0.158299738528133,0.00330073302164955,0.158336624807939,12.535243377785,0.523036502119406,0.00330331976416603,0.155404718559609,0.000276909982317943,0.609175302808835,0.00108546718460558,0.948,0.00702111102319284,0.932364985949493,0.96092346505602,0.948,0.00702111102319284,0.932364985949493,0.96092346505602,"all_requested","all_requested",1000,12.535243377785,0.523036502119406,12.1136145048802,0.0433993295378112,NA,0.966364524389529,0.0402029186313782,NA,-0.421628872904806,0.521483172164943
"actual_fitted","CorCor","PATT",3,2000,1000,1000,1000,1.30437904836528,0.00218908716783263,0.00419608655994563,0.00218908716783263,0.322730468188822,0.168367624568241,0.0693175134302989,0.00148218958681037,0.0692250144699839,9.58420525673897,0.408685834061089,0.00147593264223258,0.0691843428068689,5.51636288960004e-05,0.271197640391071,0.000216237451785386,0.955,0.00655553201502365,0.940247167306592,0.966990374568851,0.955,0.00655553201502365,0.940247167306592,0.966990374568851,"all_requested","all_requested",1000,9.58420525673897,0.408685834061089,9.57902654509075,0.0153001373959067,NA,0.999459661859331,0.042608892299679,NA,-0.0051787116482167,0.408593043240827
"actual_fitted","CorCor","PATT",3,500,1000,1000,1000,1.30249436153359,0.0045280948990295,0.00231139972825547,0.0045280948990295,0.177774959075456,0.34826597733154,0.143137983567976,0.00294309683176802,0.143190933423234,10.2518217073085,0.422449696431135,0.0029502545051682,0.13907051950308,0.000229637103232256,0.545146419074622,0.000900160903698657,0.944,0.00727076337120113,0.927892253716747,0.957424450313383,0.944,0.00727076337120113,0.927892253716747,0.957424450313383,"all_requested","all_requested",1000,10.2518217073085,0.422449696431136,9.69664493041907,0.0321135523949479,NA,0.945846036661597,0.0391830416730059,NA,-0.555176776889432,0.424505646632832
"actual_fitted","MisCor","PATE",1,2000,1000,1000,1000,1.30604273512812,0.00235761825775574,0.00604273512811661,0.00235761825775574,0.464825779085893,0.181355250596596,0.0747617558199545,0.00156098954504094,0.0745544354770608,11.1167276986065,0.463652551048613,0.00155474502650909,0.0738299751333672,9.0629606563223e-05,0.289408184481775,0.000355261529593903,0.952,0.00675988165576884,0.936859884598491,0.964399734657117,0.952,0.00675988165576884,0.936859884598491,0.964399734657117,"all_requested","all_requested",1000,11.1167276986065,0.463652551048613,10.9181414801077,0.0269011519567934,NA,0.982136270323175,0.041004256996526,NA,-0.198586218498784,0.464101547022525
"actual_fitted","MisCor","PATE",1,500,1000,1000,1000,1.30064696084716,0.00486623778731757,0.000646960847159568,0.00486623778731757,0.0497662190122745,0.374325983639813,0.153808349873641,0.0033106426511008,0.153883950439016,11.8401351013587,0.510172243343699,0.0033153050846968,0.147042183957885,0.00038654842970497,0.576394769531134,0.00151524200100451,0.933,0.00790638982089803,0.915689962897559,0.947702163599955,0.933,0.00790638982089803,0.915689962897559,0.947702163599955,"all_requested","all_requested",1000,11.8401351013587,0.510172243343699,10.8853370659616,0.0583957939129328,NA,0.919359194196399,0.0398521754277597,NA,-0.954798035397069,0.512704907243837
"actual_fitted","MisCor","PATE",3,2000,1000,1000,1000,1.30593190664355,0.00216047475821197,0.0059319066435526,0.00216047475821197,0.456300511042508,0.166190366016306,0.0685432056889524,0.00145261632552524,0.0683202106325141,9.33530236174218,0.393080848998449,0.00143837689228149,0.0678569416497478,6.87934897417104e-05,0.265994323469083,0.000269665524529154,0.948,0.00702111102319284,0.932364985949493,0.96092346505602,0.948,0.00702111102319284,0.932364985949493,0.96092346505602,"all_requested","all_requested",1000,9.33530236174218,0.393080848998449,9.21858468348777,0.0187340799205535,NA,0.987497172160942,0.0416290584476877,NA,-0.116717678254412,0.393528827310108
"actual_fitted","MisCor","PATE",3,500,1000,1000,1000,1.30107404310502,0.00452945367822721,0.00107404310501631,0.00452945367822721,0.0826187003858702,0.348419513709786,0.143166295758374,0.00302555029760239,0.143233901794254,10.257975311603,0.434078353481539,0.00303055595109783,0.136742707014552,0.000330237408504585,0.536021561794069,0.00129450685403365,0.942,0.00739161687318817,0.925663504617648,0.955667139747179,0.942,0.00739161687318817,0.925663504617648,0.955667139747179,"all_requested","all_requested",1000,10.257975311603,0.434078353481539,9.40375780544873,0.0465789797030262,NA,0.916726500093243,0.0389947160902206,NA,-0.854217506154288,0.43592851737771
"actual_fitted","MisCor","PATT",1,2000,1000,1000,1000,1.30416433288509,0.00244109695918936,0.00398137107975547,0.00244109695918936,0.306216217002817,0.187750265224199,0.0772583116918437,0.00163246843943968,0.0771942638034947,11.9179087283271,0.502146590736741,0.0016262432141817,0.0777076416882747,6.99316071965023e-05,0.304608358065123,0.0002741268629723,0.961,0.00612200947402077,0.947069064214555,0.972122851204664,0.961,0.00612200947402077,0.947069064214555,0.972122851204664,"all_requested","all_requested",1000,11.9179087283271,0.502146590736741,12.0867262320174,0.0217730289892987,NA,1.01416502740024,0.0427004786842462,NA,0.168817503690303,0.501794083322256
"actual_fitted","MisCor","PATT",1,500,1000,1000,1000,1.29975972437143,0.00498458862214919,-0.000423237433904435,0.00498458862214919,-0.0325521443010422,0.383375937739408,0.157548267963353,0.00341866697565761,0.157626532449519,12.4230618660296,0.538981490198876,0.00341935765396279,0.155921670708372,0.000304106541460064,0.611201717995446,0.00119207573744952,0.946,0.00714730718522718,0.930125994422933,0.959176648874369,0.946,0.00714730718522718,0.930125994422933,0.959176648874369,"all_requested","all_requested",1000,12.4230618660296,0.538981490198875,12.2019778521301,0.0494340480644499,NA,0.982203742017577,0.0425468424788783,NA,-0.221084013899462,0.538112781944466
"actual_fitted","MisCor","PATT",3,2000,1000,1000,1000,1.30538834981074,0.00220549471147459,0.00520538800541045,0.00220549471147459,0.40035811561341,0.169629565704524,0.0699030670264684,0.00146232920092018,0.0697438665571561,9.7284138446848,0.40545788878919,0.00145338188432997,0.0691745628792407,5.53662797216356e-05,0.271159303779226,0.000217031828424752,0.95,0.00689202437604511,0.934609512084506,0.962664602395338,0.95,0.00689202437604511,0.934609512084506,0.962664602395338,"all_requested","all_requested",1000,9.7284138446848,0.40545788878919,9.57636501807863,0.0153414702187922,NA,0.984370645715361,0.0410162787903819,NA,-0.152048826606164,0.405355770186263
"actual_fitted","MisCor","PATT",3,500,1000,1000,1000,1.30106156969909,0.00450291491760365,0.000878607893754974,0.00450291491760365,0.0675757120009486,0.3463293282471,0.1423261692882,0.00301004991640929,0.14239467249577,10.1381213775887,0.429210286076481,0.00301422994662411,0.139172923311599,0.000246736702425646,0.545547834627778,0.00096719010083689,0.948,0.00702111102319284,0.932364985949493,0.96092346505602,0.948,0.00702111102319284,0.932364985949493,0.96092346505602,"all_requested","all_requested",1000,10.1381213775887,0.429210286076481,9.71496035220989,0.0355492319378702,NA,0.958260410423347,0.0407407922000812,NA,-0.423161025378846,0.430886440046209
"fitted_naive","CorCor","PATE",1,2000,1000,1000,1000,1.30514343018396,0.00229627307231689,0.00514343018395785,0.00229627307231689,0.395648475689065,0.176636390178222,0.0727602365765962,0.0015430451302714,0.0726145303823391,10.5457400452953,0.450938308396008,0.0015525071429288,0.0735436705129293,9.12664371487418e-05,0.288285890992444,0.000357757859617644,0.956,0.00648567652600714,0.941379580793669,0.967850502989129,0.956,0.00648567652600714,0.941379580793669,0.967850502989129,"all_requested","all_requested",1000,10.5457400452953,0.450938308396008,10.8339854110032,0.0269915049158107,NA,1.02733287227542,0.0438887875262109,NA,0.288245365707869,0.450535811586889
"fitted_naive","CorCor","PATE",1,500,1000,1000,1000,1.3020333175081,0.00480221839032889,0.00203331750809721,0.00480221839032889,0.156409039084401,0.369401414640684,0.151797149337639,0.00322504317270843,0.151859479349868,11.5306507342065,0.491002957880713,0.00323327170607173,0.143981338668623,0.000357524630062712,0.56439647647273,0.00140147079701784,0.936,0.0077397674383666,0.919004925632949,0.950366910708151,0.936,0.0077397674383666,0.919004925632949,0.950366910708151,"all_requested","all_requested",1000,11.5306507342065,0.491002957880712,10.4291609610245,0.052761889818229,NA,0.904472887214045,0.0387523468327388,NA,-1.101489773182,0.493446843580167
"fitted_naive","CorCor","PATE",3,2000,1000,1000,1000,1.30500008556801,0.00212949761172178,0.00500008556801401,0.00212949761172178,0.384621966770309,0.163807508593983,0.0674924156771551,0.00140586743465485,0.067340627249297,9.06952015665751,0.379049308589151,0.00140720885768519,0.0675426436409431,6.78548767179879e-05,0.264762297913743,0.000265986229085324,0.952,0.00675988165576884,0.936859884598491,0.964399734657117,0.952,0.00675988165576884,0.936859884598491,0.964399734657117,"all_requested","all_requested",1000,9.06952015665751,0.379049308589151,9.13321678003509,0.0183954704126753,NA,1.00702315252377,0.0420988619115158,NA,0.0636966233775755,0.379157467662756
"fitted_naive","CorCor","PATE",3,500,1000,1000,1000,1.30252959918561,0.00450499822369761,0.00252959918561047,0.00450499822369761,0.194584552739267,0.346538324899816,0.142411772190936,0.00291535296568687,0.142460552418972,10.1475044977593,0.416330385564232,0.00292242574168755,0.133211102154149,0.000268406811456799,0.522177925126037,0.00105213536732112,0.934,0.00785136930732467,0.916793949538597,0.948591433981081,0.934,0.00785136930732467,0.916793949538597,0.948591433981081,"all_requested","all_requested",1000,10.1475044977593,0.416330385564232,8.90858395567159,0.0361222912426243,NA,0.877908845237635,0.0362319637001537,NA,-1.23892054208773,0.418278191092852
"fitted_naive","CorCor","PATT",1,2000,1000,1000,1000,1.30630591520591,0.00246130906208118,0.00612295340057866,0.00246130906208118,0.470930136792196,0.189304823581414,0.0780350870770932,0.00163881700647963,0.077833426617893,12.1160845981659,0.508074837887873,0.00163193007158146,0.0776474551213998,6.8180638678069e-05,0.304372431058268,0.000267263192503908,0.956,0.00648567652600714,0.941379580793669,0.967850502989129,0.956,0.00648567652600714,0.941379580793669,0.967850502989129,"all_requested","all_requested",1000,12.1160845981659,0.508074837887872,12.0675424754417,0.0211744068254953,NA,0.995993580076891,0.0417518067754363,NA,-0.048542122724168,0.507902208823199
"fitted_naive","CorCor","PATT",1,500,1000,1000,1000,1.30384232640331,0.00500704371416607,0.0036593645979765,0.00500704371416607,0.281449973232644,0.385103009442124,0.158299738528133,0.00330073302164955,0.158336624807939,12.535243377785,0.523036502119406,0.00330331976416603,0.154532664252171,0.000273548883097513,0.605756912738553,0.00107229191776456,0.947,0.00708456067798138,0.931244816710037,0.960050747639981,0.947,0.00708456067798138,0.931244816710037,0.960050747639981,"all_requested","all_requested",1000,12.535243377785,0.523036502119406,11.9775492416634,0.0426424495373274,NA,0.955509907601002,0.0397033502833497,NA,-0.557694136121576,0.520880027144604
"fitted_naive","CorCor","PATT",3,2000,1000,1000,1000,1.30437904836528,0.00218908716783263,0.00419608655994563,0.00218908716783263,0.322730468188822,0.168367624568241,0.0693175134302989,0.00148218958681037,0.0692250144699839,9.58420525673897,0.408685834061089,0.00147593264223258,0.0691032237349525,5.51504959196604e-05,0.270879659472241,0.000216185971464115,0.955,0.00655553201502365,0.940247167306592,0.966990374568851,0.955,0.00655553201502365,0.940247167306592,0.966990374568851,"all_requested","all_requested",1000,9.58420525673897,0.408685834061089,9.55658813237178,0.0152783786197916,NA,0.997118475280173,0.0425053789164787,NA,-0.0276171243671914,0.408557088885598
"fitted_naive","CorCor","PATT",3,500,1000,1000,1000,1.30249436153359,0.0045280948990295,0.00231139972825547,0.0045280948990295,0.177774959075456,0.34826597733154,0.143137983567976,0.00294309683176802,0.143190933423234,10.2518217073085,0.422449696431135,0.0029502545051682,0.138036121728943,0.000222803300716335,0.541091654308632,0.000873372890081328,0.944,0.00727076337120113,0.927892253716747,0.957424450313383,0.944,0.00727076337120113,0.927892253716747,0.957424450313383,"all_requested","all_requested",1000,10.2518217073085,0.422449696431136,9.55178128573349,0.0308954156705648,NA,0.931715509539543,0.0385709590281859,NA,-0.700040421575009,0.42418719207191
"fitted_naive","MisCor","PATE",1,2000,1000,1000,1000,1.30604273512812,0.00235761825775574,0.00604273512811661,0.00235761825775574,0.464825779085893,0.181355250596596,0.0747617558199545,0.00156098954504094,0.0745544354770608,11.1167276986065,0.463652551048613,0.00155474502650909,0.0735662101791961,9.01749957140563e-05,0.288374244860656,0.000353479487811208,0.951,0.00682634602111555,0.93573394685983,0.963532940827952,0.951,0.00682634602111555,0.93573394685983,0.963532940827952,"all_requested","all_requested",1000,11.1167276986065,0.463652551048613,10.8402213569037,0.0266855950606443,NA,0.97512700236982,0.0407234729423497,NA,-0.276506341702792,0.464224634252957
"fitted_naive","MisCor","PATE",1,500,1000,1000,1000,1.30064696084716,0.00486623778731757,0.000646960847159568,0.00486623778731757,0.0497662190122745,0.374325983639813,0.153808349873641,0.0033106426511008,0.153883950439016,11.8401351013587,0.510172243343699,0.0033153050846968,0.144068500004834,0.000360188151084565,0.564738142632366,0.00141191160756764,0.931,0.00801492358042171,0.913484890654288,0.945920664206744,0.931,0.00801492358042171,0.913484890654288,0.945920664206744,"all_requested","all_requested",1000,11.8401351013587,0.510172243343699,10.4426692311602,0.0532350905344604,NA,0.8819721347573,0.0382261752679677,NA,-1.39746587019852,0.51244862979002
"fitted_naive","MisCor","PATE",3,2000,1000,1000,1000,1.30593190664355,0.00216047475821197,0.0059319066435526,0.00216047475821197,0.456300511042508,0.166190366016306,0.0685432056889524,0.00145261632552524,0.0683202106325141,9.33530236174218,0.393080848998449,0.00143837689228149,0.0675971603625612,6.75067771282775e-05,0.264975999535597,0.000264621703767592,0.948,0.00702111102319284,0.932364985949493,0.96092346505602,0.948,0.00702111102319284,0.932364985949493,0.96092346505602,"all_requested","all_requested",1000,9.33530236174218,0.393080848998449,9.1478573937502,0.0183173488594369,NA,0.979920846617656,0.0413162337148561,NA,-0.187444967991981,0.39358353774984
"fitted_naive","MisCor","PATE",3,500,1000,1000,1000,1.30107404310502,0.00452945367822721,0.00107404310501631,0.00452945367822721,0.0826187003858702,0.348419513709786,0.143166295758374,0.00302555029760239,0.143233901794254,10.257975311603,0.434078353481539,0.00303055595109783,0.133100615189935,0.000270144834697038,0.521744824184797,0.00105894829323144,0.934,0.00785136930732467,0.916793949538597,0.948591433981081,0.934,0.00785136930732467,0.916793949538597,0.948591433981081,"all_requested","all_requested",1000,10.257975311603,0.434078353481539,8.89433950871053,0.0362903629462574,NA,0.867065794031494,0.0368150580952731,NA,-1.36363580289249,0.435120144220058
"fitted_naive","MisCor","PATT",1,2000,1000,1000,1000,1.30416433288509,0.00244109695918936,0.00398137107975547,0.00244109695918936,0.306216217002817,0.187750265224199,0.0772583116918437,0.00163246843943968,0.0771942638034947,11.9179087283271,0.502146590736741,0.0016262432141817,0.0776367776791749,7.00149244994428e-05,0.304330576253852,0.000274453460798398,0.962,0.00604615580348373,0.948212896378036,0.972971184017016,0.962,0.00604615580348373,0.948212896378036,0.972971184017016,"all_requested","all_requested",1000,11.9179087283271,0.502146590736741,12.0647328719373,0.0217773968920376,NA,1.01231962309472,0.0426144243058537,NA,0.146824143610234,0.501694312187997
"fitted_naive","MisCor","PATT",1,500,1000,1000,1000,1.29975972437143,0.00498458862214919,-0.000423237433904435,0.00498458862214919,-0.0325521443010422,0.383375937739408,0.157548267963353,0.00341866697565761,0.157626532449519,12.4230618660296,0.538981490198876,0.00341935765396279,0.15485317726986,0.000283806803919673,0.607013300681043,0.00111250222849996,0.944,0.00727076337120113,0.927892253716747,0.957424450313383,0.944,0.00727076337120113,0.927892253716747,0.957424450313383,"all_requested","all_requested",1000,12.4230618660296,0.538981490198875,12.0299861331099,0.044374950462147,NA,0.968359190579693,0.042017957299592,NA,-0.393075732919728,0.538985810086912
"fitted_naive","MisCor","PATT",3,2000,1000,1000,1000,1.30538834981074,0.00220549471147459,0.00520538800541045,0.00220549471147459,0.40035811561341,0.169629565704524,0.0699030670264684,0.00146232920092018,0.0697438665571561,9.7284138446848,0.40545788878919,0.00145338188432997,0.0690955128282383,5.54406312212577e-05,0.270849433273344,0.000217323280947664,0.951,0.00682634602111555,0.93573394685983,0.963532940827952,0.951,0.00682634602111555,0.93573394685983,0.963532940827952,"all_requested","all_requested",1000,9.7284138446848,0.40545788878919,9.55452096584772,0.0153439774080851,NA,0.982125258894893,0.0409156538065799,NA,-0.17389287883708,0.405286582042884
"fitted_naive","MisCor","PATT",3,500,1000,1000,1000,1.30106156969909,0.00450291491760365,0.000878607893754974,0.00450291491760365,0.0675757120009486,0.3463293282471,0.1423261692882,0.00301004991640929,0.14239467249577,10.1381213775887,0.429210286076481,0.00301422994662411,0.138045782531118,0.000225777677548635,0.54112952395728,0.000885032233016842,0.946,0.00714730718522718,0.930125994422933,0.959176648874369,0.946,0.00714730718522718,0.930125994422933,0.959176648874369,"all_requested","all_requested",1000,10.1381213775887,0.429210286076481,9.55378132937416,0.031286729320596,NA,0.942362097823536,0.040029216895978,NA,-0.584340048214578,0.430490437803762
"known_map_oracle","shared","PATE",1,2000,1000,1000,1000,1.30453932368636,0.00230968262086194,0.00453932368636037,0.00230968262086194,0.349178745104644,0.177667893912457,0.073143042285867,0.00149882046493438,0.0730385775403087,10.6692676182234,0.437764315267926,0.00149840101632022,0.0738286164933196,9.12140717899938e-05,0.289402858710652,0.000357552591183276,0.955,0.00655553201502365,0.940247167306592,0.966990374568851,0.955,0.00655553201502365,0.940247167306592,0.966990374568851,"all_requested","all_requested",1000,10.6692676182234,0.437764315267926,10.9179526004066,0.0270206566607664,NA,1.0233085335453,0.0419033659082178,NA,0.248684982183176,0.436893592970064
"known_map_oracle","shared","PATE",1,500,1000,1000,1000,1.30089654029149,0.00464787500229568,0.0008965402914883,0.00464787500229568,0.0689646378067923,0.357528846330437,0.146907940831741,0.00323573461354875,0.146978712870147,10.8013710184825,0.476172717027835,0.00323973933183457,0.14687177437158,0.000361856446236901,0.57572677622758,0.00141845120439595,0.949,0.00695693898205238,0.933486538405065,0.961794763225314,0.949,0.00695693898205238,0.933486538405065,0.961794763225314,"all_requested","all_requested",1000,10.8013710184825,0.476172717027835,10.8510636273259,0.0541691725903476,NA,1.00460058345912,0.0443267740081402,NA,0.0496926088433991,0.476613356155154
"known_map_oracle","shared","PATE",3,2000,1000,1000,1000,1.30576587551094,0.00214501614594262,0.00576587551094472,0.00214501614594262,0.443528885457286,0.165001241995586,0.0680421817146972,0.0014456240250805,0.0678313663901481,9.20218853270903,0.392543142636687,0.00144676115021361,0.0677968560588206,6.72083057137587e-05,0.265758792280669,0.000263451717321849,0.951,0.00682634602111555,0.93573394685983,0.963532940827952,0.951,0.00682634602111555,0.93573394685983,0.963532940827952,"all_requested","all_requested",1000,9.20218853270903,0.392543142636687,9.20185226172199,0.0182686051810029,NA,0.999963457498632,0.0426237722456354,NA,-0.000336270987041587,0.392246317145396
"known_map_oracle","shared","PATE",3,500,1000,1000,1000,1.30226301284988,0.00444371041963506,0.00226301284987507,0.00444371041963506,0.174077911528851,0.341823878433467,0.140470413106954,0.00308587904099228,0.140522461882694,9.87328114678662,0.434536758446667,0.00309229394806228,0.135147095014588,0.000264156583844117,0.529766877687612,0.00103547478122721,0.943,0.00733150734842434,0.926777270539338,0.956546418063041,0.943,0.00733150734842434,0.926777270539338,0.956546418063041,"all_requested","all_requested",1000,9.87328114678662,0.434536758446667,9.16722310648479,0.0360626836422133,NA,0.928488004159426,0.0408929286671567,NA,-0.706058040301826,0.434706784420645
"known_map_oracle","shared","PATT",1,2000,1000,1000,1000,1.30515583134493,0.00246590505634749,0.00497286953959772,0.00246590505634749,0.382474596705435,0.189658311852013,0.0780982489600827,0.00162644226645493,0.0779787647178392,12.1613754938403,0.505180799845165,0.00161961016461702,0.0775594935600943,6.84723298805089e-05,0.304027628073902,0.000268406601006685,0.959,0.00627048642451286,0.944787540684701,0.970419831465964,0.959,0.00627048642451286,0.944787540684701,0.970419831465964,"all_requested","all_requested",1000,12.1613754938403,0.505180799845165,12.0403176255952,0.0213183850757492,NA,0.990045709195777,0.0410023472068162,NA,-0.121057868245041,0.50366914363366
"known_map_oracle","shared","PATT",1,500,1000,1000,1000,1.29303592145956,0.00502271115684972,-0.00714704034577501,0.00502271115684972,-0.54969497030258,0.386308027746771,0.158913435314581,0.00363176280023098,0.158832072847843,12.6138136825713,0.57498907074979,0.0036201068237686,0.154784989355534,0.000279995399004365,0.606746008968523,0.00109756179577096,0.942,0.00739161687318817,0.925663504617648,0.955667139747179,0.942,0.00739161687318817,0.925663504617648,0.955667139747179,"all_requested","all_requested",1000,12.6138136825713,0.57498907074979,12.0183559779164,0.043806179389381,NA,0.952793205953434,0.0436220448042237,NA,-0.595457704654903,0.577301641915437
"known_map_oracle","shared","PATT",3,2000,1000,1000,1000,1.30513681694936,0.00215592946777976,0.00495385514403382,0.00215592946777976,0.381012156716413,0.165817391175947,0.068322211022179,0.00143448000866114,0.0681764759285864,9.29606374008224,0.389580085885979,0.00142857224790431,0.0690411207765632,5.6058522441287e-05,0.270636220348688,0.000219745370022903,0.961,0.00612200947402077,0.947069064214555,0.972122851204664,0.961,0.00612200947402077,0.947069064214555,0.972122851204664,"all_requested","all_requested",1000,9.29606374008224,0.389580085885979,9.5396315469287,0.015510046206468,NA,1.02620117650401,0.0430265261415414,NA,0.243567806846464,0.389777750766593
"known_map_oracle","shared","PATT",3,500,1000,1000,1000,1.2985895061062,0.00454693654508465,-0.0015934556991305,0.00454693654508465,-0.122556266767098,0.349715130766761,0.143723680770242,0.00309547623620491,0.143786758587244,10.3373159725132,0.445058409032294,0.00309526700097528,0.137606642509788,0.000222870268782964,0.539408126705325,0.000873635400078738,0.943,0.00733150734842434,0.926777270539338,0.956546418063041,0.943,0.00733150734842434,0.926777270539338,0.956546418063041,"all_requested","all_requested",1000,10.3373159725132,0.445058409032294,9.4926047741836,0.0308397281811079,NA,0.918285249229524,0.0396812408070416,NA,-0.84471119832957,0.446470816786389
"oracle_means_fitted_map","CorCor","PATE",1,2000,1000,1000,1000,1.30512614837955,0.00228831259492179,0.00512614837955123,0.00228831259492179,0.394319106119325,0.176024045763215,0.0725080378630867,0.00153027272876053,0.0723627979840312,10.4727490641554,0.445639437841742,0.0015396013222847,0.0740060563201343,9.23990495820166e-05,0.290098410050612,0.000362197618772967,0.959,0.00627048642451286,0.944787540684701,0.970419831465964,0.959,0.00627048642451286,0.944787540684701,0.970419831465964,"all_requested","all_requested",1000,10.4727490641554,0.445639437841742,10.9708508376764,0.027513564197805,NA,1.04756170232568,0.0444680544031122,NA,0.498101773520933,0.444545997782853
"oracle_means_fitted_map","CorCor","PATE",1,500,1000,1000,1000,1.30215748624462,0.00479906625187727,0.00215748624461886,0.00479906625187727,0.165960480355297,0.369158942452097,0.151699243900268,0.00320907807732052,0.151759799979795,11.5155184449537,0.488427331510694,0.00321842366407786,0.147875916229379,0.000375482778152924,0.579662939980889,0.00147186544398954,0.942,0.00739161687318817,0.925663504617648,0.955667139747179,0.942,0.00739161687318817,0.925663504617648,0.955667139747179,"all_requested","all_requested",1000,11.5155184449537,0.488427331510694,11.0040664650255,0.0569053493166791,NA,0.95558584857703,0.0404459599612243,NA,-0.511451979928172,0.487294921959518
"oracle_means_fitted_map","CorCor","PATE",3,2000,1000,1000,1000,1.30499551183753,0.00212298412534854,0.00499551183753396,0.00212298412534854,0.384270141348766,0.163306471180657,0.0672867719050659,0.00139461937766605,0.067134652724818,9.01412319296382,0.374970659989711,0.00139633797439416,0.0679372513489747,6.88612008706465e-05,0.266309131705271,0.000269930947277288,0.955,0.00655553201502365,0.940247167306592,0.966990374568851,0.955,0.00655553201502365,0.940247167306592,0.966990374568851,"all_requested","all_requested",1000,9.01412319296382,0.374970659989711,9.24041448794825,0.0187801292258371,NA,1.02510408279766,0.04262900904948,NA,0.22629129498443,0.374861364912049
"oracle_means_fitted_map","CorCor","PATE",3,500,1000,1000,1000,1.30295741743875,0.00448083898118805,0.00295741743874512,0.00448083898118805,0.22749364913424,0.34467992162985,0.141656579004528,0.00289791790969273,0.141696570090226,10.0389589876672,0.411895525371695,0.00290688423233829,0.136308751793358,0.000276860090806086,0.534320488585183,0.00108527161347284,0.946,0.00714730718522718,0.930125994422933,0.959176648874369,0.946,0.00714730718522718,0.930125994422933,0.959176648874369,"all_requested","all_requested",1000,10.0389589876672,0.411895525371695,9.32832533691731,0.0381167562706639,NA,0.929212416185494,0.0381468853641334,NA,-0.710633650749875,0.411977803819641
"oracle_means_fitted_map","CorCor","PATT",1,2000,1000,1000,1000,1.30636663390357,0.00245862239246877,0.00618367209824249,0.00245862239246877,0.475600148586499,0.189098185770326,0.0779552246183584,0.00163776120535477,0.0777484666649374,12.0896481374978,0.506923241584738,0.00163001041476921,0.0777073814891771,6.79482295641184e-05,0.304607338103403,0.000266352165517862,0.956,0.00648567652600714,0.941379580793669,0.967850502989129,0.956,0.00648567652600714,0.941379580793669,0.967850502989129,"all_requested","all_requested",1000,12.0896481374978,0.506923241584738,12.086098965687,0.0211202000165923,NA,0.999706428857945,0.0418952171031267,NA,-0.00354917181076608,0.506647122206864
"oracle_means_fitted_map","CorCor","PATT",1,500,1000,1000,1000,1.30371977894765,0.00501520485886778,0.00353681714231931,0.00501520485886778,0.2720245724039,0.385730701462513,0.158554837744336,0.0033220097451361,0.158594702863655,12.5761398882055,0.527182690610024,0.00332408763401919,0.155094360102591,0.000272255918045775,0.607958720012727,0.00106722358789521,0.947,0.00708456067798138,0.931244816710037,0.960050747639981,0.947,0.00708456067798138,0.931244816710037,0.960050747639981,"all_requested","all_requested",1000,12.5761398882055,0.527182690610023,12.064154848629,0.0426358723762207,NA,0.959289174251583,0.0399586700400298,NA,-0.511985039576455,0.523914661211203
"oracle_means_fitted_map","CorCor","PATT",3,2000,1000,1000,1000,1.30443090616677,0.0021874079494302,0.00424794436144155,0.0021874079494302,0.326718968501418,0.168238472098799,0.0692676967640119,0.00147764450227405,0.0691719129215785,9.56950707446088,0.407177711120517,0.00147161504548147,0.0691001551785825,5.49054964070209e-05,0.270867630952301,0.000215225591022113,0.956,0.00648567652600714,0.941379580793669,0.967850502989129,0.956,0.00648567652600714,0.941379580793669,0.967850502989129,"all_requested","all_requested",1000,9.56950707446088,0.407177711120517,9.55568608925268,0.0152110798876607,NA,0.998555726527954,0.0424803655471616,NA,-0.0138209852082021,0.407103823586486
"oracle_means_fitted_map","CorCor","PATT",3,500,1000,1000,1000,1.3023419078616,0.00452784310372156,0.00215894605626686,0.00452784310372156,0.166049403790765,0.348246611187287,0.143127645326893,0.00295160487350342,0.143182970956462,10.2506815859595,0.423600522380889,0.00295845601995293,0.138060394282524,0.000219593412245747,0.541186800970293,0.000860790358487838,0.943,0.00733150734842434,0.926777270539338,0.956546418063041,0.943,0.00733150734842434,0.926777270539338,0.956546418063041,"all_requested","all_requested",1000,10.2506815859595,0.423600522380889,9.5544227574405,0.0304688804919655,NA,0.932076826045145,0.0386726092121141,NA,-0.696258828518951,0.42511355076029
"oracle_means_fitted_map","MisCor","PATE",1,2000,1000,1000,1000,1.30576639690082,0.00235352122264523,0.00576639690081994,0.00235352122264523,0.443568992370765,0.181040094049633,0.0746108197013935,0.00156398826379751,0.0744248758510319,11.078124290883,0.46382818946557,0.00155804152899752,0.074032690970405,9.10390590728123e-05,0.290202815961155,0.000356866553938257,0.951,0.00682634602111555,0.93573394685983,0.963532940827952,0.951,0.00682634602111555,0.93573394685983,0.963532940827952,"all_requested","all_requested",1000,11.078124290883,0.46382818946557,10.9782383089721,0.0271094609075807,NA,0.990983493298311,0.0414854453315775,NA,-0.0998859819108926,0.463755820402612
"oracle_means_fitted_map","MisCor","PATE",1,500,1000,1000,1000,1.30008716900294,0.00486336015621328,8.71690029397306e-05,0.00486336015621328,0.00670530791844082,0.374104627401021,0.153716060759665,0.00327839260160158,0.153792951753463,11.8261360045214,0.50450909575336,0.0032804435443967,0.148188953835098,0.000380170646189688,0.580890024846923,0.00149024154902221,0.943,0.00733150734842434,0.926777270539338,0.956546418063041,0.943,0.00733150734842434,0.926777270539338,0.956546418063041,"all_requested","all_requested",1000,11.8261360045214,0.50450909575336,11.0521756146225,0.0576425009211302,NA,0.934555091400689,0.0397120606945134,NA,-0.773960389898924,0.502426519595036
"oracle_means_fitted_map","MisCor","PATE",3,2000,1000,1000,1000,1.30575888385402,0.00215698240088294,0.00575888385401648,0.00215698240088294,0.442991065693575,0.165921723144841,0.068418456924174,0.00144793644649199,0.0682097725968846,9.30514615543742,0.391349408251587,0.00143435974550317,0.0679907979759556,6.82095859501387e-05,0.266519030626024,0.000267376663725329,0.954,0.00662449998113065,0.939116447286257,0.966128501452322,0.954,0.00662449998113065,0.939116447286257,0.966128501452322,"all_requested","all_requested",1000,9.30514615543742,0.391349408251587,9.25479300895017,0.0186144786879357,NA,0.994588677528958,0.0418563137871036,NA,-0.050353146487252,0.391594428490743
"oracle_means_fitted_map","MisCor","PATE",3,500,1000,1000,1000,1.30067919644602,0.0045157506801043,0.000679196446022648,0.0045157506801043,0.0522458804632806,0.3473654369311,0.14273077281536,0.00297099428484849,0.14280057494584,10.1960021024312,0.424813592734773,0.00297487312565718,0.136216370648454,0.000282921736857307,0.533958361151458,0.00110903282936768,0.944,0.00727076337120113,0.927892253716747,0.957424450313383,0.944,0.00727076337120113,0.927892253716747,0.957424450313383,"all_requested","all_requested",1000,10.1960021024312,0.424813592734773,9.31743214855712,0.039049425494077,NA,0.913831917152643,0.037935828885079,NA,-0.878569953874125,0.42322955595892
"oracle_means_fitted_map","MisCor","PATT",1,2000,1000,1000,1000,1.30404578297737,0.00244073797558817,0.00386282117203736,0.00244073797558817,0.297098276589762,0.187722654986892,0.077240960966445,0.00164358529667617,0.0771829117452706,11.9144037309565,0.505389784626832,0.00163698729809128,0.0776935737938067,6.99362328409428e-05,0.304553212932132,0.00027414499516531,0.959,0.00627048642451286,0.944787540684701,0.970419831465964,0.959,0.00627048642451286,0.944787540684701,0.970419831465964,"all_requested","all_requested",1000,11.9144037309565,0.505389784626831,12.082355188882,0.0217636800324152,NA,1.01409650551703,0.0429657299145226,NA,0.167951457925538,0.504793339532042
"oracle_means_fitted_map","MisCor","PATT",1,500,1000,1000,1000,1.29936362492455,0.00498269120779021,-0.000819336880780543,0.00498269120779021,-0.0630170448967334,0.383230003327504,0.15748985927177,0.00344171194323348,0.157566530939124,12.4136058360949,0.542276379817803,0.00344157085001327,0.155382301361115,0.000284039033915997,0.60908742900547,0.00111341255335781,0.946,0.00714730718522718,0.930125994422933,0.959176648874369,0.946,0.00714730718522718,0.930125994422933,0.959176648874369,"all_requested","all_requested",1000,12.4136058360949,0.542276379817803,12.1121285354458,0.0445822687493974,NA,0.975713962193603,0.0425478482338301,NA,-0.301477300649111,0.541296286207892
"oracle_means_fitted_map","MisCor","PATT",3,2000,1000,1000,1000,1.30530312569087,0.00220239610905426,0.00512016388554222,0.00220239610905426,0.393803336603701,0.16939124521338,0.0697990984954029,0.00146187597179252,0.0696458801450403,9.70109724235465,0.404744256294981,0.00145286503470157,0.0690928801224979,5.53459124469524e-05,0.270839113256479,0.000216951990175071,0.951,0.00682634602111555,0.93573394685983,0.963532940827952,0.951,0.00682634602111555,0.93573394685983,0.963532940827952,"all_requested","all_requested",1000,9.70109724235465,0.404744256294981,9.55377238095285,0.0153174036433818,NA,0.984813587811636,0.0410695686363447,NA,-0.147324861401799,0.404562021244493
"oracle_means_fitted_map","MisCor","PATT",3,500,1000,1000,1000,1.30065581791159,0.00450438514070057,0.000472856106264539,0.00450438514070057,0.0363684281486022,0.346442406416874,0.14237071188684,0.00301930128510061,0.142441165032318,10.144742747882,0.430500628649045,0.00302230488322228,0.138045225977511,0.000223270981707588,0.54112734230723,0.000875206165879548,0.95,0.00689202437604511,0.934609512084506,0.962664602395338,0.95,0.00689202437604511,0.934609512084506,0.962664602395338,"all_requested","all_requested",1000,10.144742747882,0.430500628649045,9.55314224826176,0.0309336988601745,NA,0.941684031392142,0.0400756744666999,NA,-0.591600499620284,0.431593921323641
"original_refit","CorCor","PATE",1,2000,250,250,250,1.30432181713436,0.00486808949682599,0.00432181713436407,0.00486808949682599,0.332447471874159,0.374468422832769,0.0769386355823306,0.00312961799748288,0.0769712533175658,11.8491476745538,0.976475606938684,0.0031715593966944,0.0729809134833346,0.000242783618106953,0.286079923972339,0.00095169429505191,0.94,0.0150199866844149,0.902969219100901,0.966033038343429,0.94,0.0150199866844149,0.902969219100901,0.966033038343429,"all_requested","all_requested",250,11.8491476745538,0.976475606938683,10.7086201676006,0.07167138577264,0.0480890594336399,0.903746029817619,0.0738965357845936,0.00405844038359923,-1.14052750695313,0.969321050119789
"original_refit","CorCor","PATE",1,500,250,250,250,1.30447731255379,0.00991455985648322,0.00447731255379447,0.00991455985648322,0.34440865798419,0.76265845049871,0.156513169150406,0.0067465041748752,0.156762955722796,12.2873121434736,1.06292820776565,0.00678048077662704,0.148005421380654,0.000781700941204813,0.580170590845513,0.00306421138288499,0.916,0.0175435458217545,0.874463172626875,0.947250850013738,0.916,0.0175435458217545,0.874463172626875,0.947250850013738,"all_requested","all_requested",250,12.2873121434736,1.06292820776565,11.0565896470319,0.117708559525356,0.0499087201737641,0.899837939976532,0.0781203758541217,0.00406180941698247,-1.23072249644169,1.06563174786839
"original_refit","CorCor","PATE",3,2000,250,250,250,1.30537677888786,0.00437138187182224,0.00537677888786229,0.00437138187182224,0.413598375989407,0.336260143986326,0.0691884790919969,0.00295873026160859,0.0691176161866425,9.55448973464805,0.829933030997465,0.0030018867720942,0.0671375005724382,0.000192776648935093,0.263174166268032,0.000755670577946207,0.932,0.0159218089424537,0.893356163958629,0.959891505084629,0.932,0.0159218089424537,0.893356163958629,0.959891505084629,"all_requested","all_requested",250,9.55448973464805,0.829933030997465,9.05609203125224,0.0524075128534684,0.0407202376021814,0.947836282497805,0.0824560823647365,0.0042618955834465,-0.498397703395803,0.831027291545855
"original_refit","CorCor","PATE",3,500,250,250,250,1.30323233640667,0.00933060251966067,0.00323233640667405,0.00933060251966067,0.24864126205185,0.717738655358513,0.147269900863145,0.00595773897465673,0.147529779519169,10.8825179224873,0.881629326316895,0.00597594146205813,0.137799810530412,0.000632139099195309,0.5401653314321,0.00247793973528479,0.932,0.0159218089424537,0.893356163958629,0.959891505084629,0.932,0.0159218089424537,0.893356163958629,0.959891505084629,"all_requested","all_requested",250,10.8825179224873,0.881629326316896,9.56812433276536,0.0874064696814099,0.0431951853013553,0.879219717432683,0.0711560676575906,0.00396922712271378,-1.31439358972191,0.8802447253536
"original_refit","CorCor","PATT",1,2000,250,250,250,1.30688080622802,0.00495168858104342,0.00669784442269312,0.00495168858104342,0.515146300132486,0.380845521477062,0.0784228719890819,0.00325301497344286,0.0782930708997224,12.2596099018179,1.01689359940235,0.00324707406324878,0.0771047948953826,0.000220844801808089,0.302245242060595,0.000865695715433482,0.948,0.0140422220463857,0.912719815069645,0.97202510754156,0.948,0.0140422220463857,0.912719815069645,0.97202510754156,"all_requested","all_requested",250,12.2596099018179,1.01689359940235,11.9445236095051,0.0685581057266093,0.0537468971713884,0.974298832113243,0.0809234191118912,0.0043840625926783,-0.315086292312774,1.01816404029632
"original_refit","CorCor","PATT",1,500,250,250,250,1.29780931959534,0.010564644116507,-0.0023736422099903,0.010564644116507,-0.182562168534685,0.812550573792919,0.166724169810931,0.00752958179748192,0.167041690386297,13.9514631635557,1.25763568855692,0.00752887309538441,0.155256963060597,0.00068254854762076,0.608596111895671,0.00267554114207362,0.916,0.0175435458217545,0.874463172626875,0.947250850013738,0.916,0.0175435458217545,0.874463172626875,0.947250850013738,"all_requested","all_requested",250,13.9514631635557,1.25763568855692,12.1407914669115,0.107322546193817,0.0552448220773175,0.87021635828319,0.078129111200908,0.00395978697213846,-1.81067169664419,1.25255157244379
"original_refit","CorCor","PATT",3,2000,250,250,250,1.30433609991704,0.00439178074169552,0.00415313811170668,0.00439178074169552,0.319427206301794,0.337781748470034,0.0694254660688259,0.00300982935616476,0.0694401506391073,9.64386904156382,0.839189381018092,0.00302126857910889,0.0685850045600386,0.000182426589550276,0.268848277634382,0.000715099090682024,0.952,0.0135197633115377,0.917655370912285,0.974955003076054,0.952,0.0135197633115377,0.917655370912285,0.974955003076054,"all_requested","all_requested",250,9.64386904156382,0.839189381018092,9.44805821626777,0.0504266952859649,0.0425103451101941,0.979695822864026,0.0853094444264017,0.00440801766666263,-0.195810825296043,0.839720784588239
"original_refit","CorCor","PATT",3,500,250,250,250,1.30108448427938,0.00956764544624781,0.000901522474046236,0.00956764544624781,0.0693381239817552,0.735869160518989,0.150977590223393,0.00653451046524574,0.151277757275406,11.4424799231383,0.991233688700945,0.00655240867232301,0.139602292742414,0.000594386798481145,0.547230931868698,0.00232995343581822,0.916,0.0175435458217545,0.874463172626875,0.947250850013738,0.916,0.0175435458217545,0.874463172626875,0.947250850013738,"all_requested","all_requested",250,11.4424799231383,0.991233688700945,9.81297931302768,0.08366551089054,0.0443802648352783,0.857592006186043,0.0746448891159991,0.00387855300017046,-1.62950061011061,0.994699500002466
"original_refit","MisCor","PATE",1,2000,250,250,250,1.30561815892292,0.0047392674225784,0.00561815892291965,0.0047392674225784,0.432166070993819,0.364559032506031,0.0749951130385087,0.00311796334105474,0.0749343974799173,11.2303278513565,0.941364809950488,0.00314062980957036,0.0730538574669473,0.00023946529477176,0.286365859133878,0.000938686706599833,0.952,0.0135197633115377,0.917655370912285,0.974955003076054,0.952,0.0135197633115377,0.917655370912285,0.974955003076054,"all_requested","all_requested",250,11.2303278513565,0.941364809950488,10.7291794821882,0.070875955117545,0.0480089313384712,0.955375446220144,0.079938990176303,0.0042749358677603,-0.50114836916827,0.939624268392433
"original_refit","MisCor","PATE",1,500,250,250,250,1.30838546557862,0.0103069487016269,0.00838546557862495,0.0103069487016269,0.645035813740381,0.792842207817452,0.162856933306274,0.00649029983312924,0.162967168118281,13.279148942246,1.06620763171923,0.00654246891585781,0.147845034877085,0.00072315594131764,0.579541887304311,0.00283471920037747,0.928,0.0163482109112893,0.888594370420985,0.956772540478312,0.928,0.0163482109112893,0.888594370420985,0.956772540478312,"all_requested","all_requested",250,13.279148942246,1.06620763171923,11.0218085864957,0.106645925433967,0.0497123691674655,0.83000865751503,0.0670087448616231,0.00374364120650169,-2.25734035575026,1.06997948210846
"original_refit","MisCor","PATE",3,2000,250,250,250,1.30567288908298,0.00442081455211078,0.00567288908297852,0.00442081455211078,0.43637608330604,0.340062657854675,0.0699895591876547,0.00284929338538286,0.0698992154894359,9.7718006520772,0.805669724940159,0.00288154065570994,0.0671765765294511,0.000199851660724804,0.263327341204846,0.000783404114542268,0.928,0.0163482109112893,0.888594370420985,0.956772540478312,0.928,0.0163482109112893,0.888594370420985,0.956772540478312,"all_requested","all_requested",250,9.7718006520772,0.80566972494016,9.06800215264676,0.0543564933981751,0.0407459887332363,0.927976580316256,0.0762009952065064,0.00416975235005177,-0.703798499430437,0.802505600807952
"original_refit","MisCor","PATE",3,500,250,250,250,1.30243361015054,0.00933215182900714,0.00243361015053613,0.00933215182900714,0.187200780810472,0.717857833000549,0.147278979628851,0.00589610081430602,0.147554276250844,10.8861322199552,0.871874245796139,0.00590883753388444,0.13771812927739,0.00061932763484255,0.53984514680383,0.00242771971784354,0.932,0.0159218089424537,0.893356163958629,0.959891505084629,0.932,0.0159218089424537,0.893356163958629,0.959891505084629,"all_requested","all_requested",250,10.8861322199552,0.871874245796139,9.55484259630781,0.0856253169278201,0.043196277608138,0.877707748101113,0.0704230851990476,0.00396800964156542,-1.33128962364735,0.872673540052579
"original_refit","MisCor","PATT",1,2000,250,250,250,1.3022528659376,0.0049198334561671,0.002069904132266,0.0049198334561671,0.159200988866359,0.378395472075393,0.0776612519277512,0.00335548412421648,0.0777893971509311,12.1023806182106,1.04988564832878,0.00337412837347145,0.0771213855008135,0.000224301949324773,0.302310276038848,0.000879247484677367,0.944,0.0145415267424023,0.907825733673323,0.969049595380838,0.944,0.0145415267424023,0.907825733673323,0.969049595380838,"all_requested","all_requested",250,12.1023806182106,1.04988564832878,11.9504221954574,0.0697784641517049,0.0536650502323386,0.987443923014242,0.0859202350558178,0.00443425569937771,-0.151958422753198,1.05299249350987
"original_refit","MisCor","PATT",1,500,250,250,250,1.30238668725018,0.0106853042096424,0.00220372544485317,0.0106853042096424,0.169493487423744,0.821830813319202,0.168625656982958,0.00699225787798683,0.168949493971277,14.2719657565753,1.18389152175617,0.00700736944472555,0.155643448627547,0.000708322389944838,0.610111107479202,0.00277657274747044,0.936,0.0154795348767332,0.898146969385651,0.96297926176893,0.936,0.0154795348767332,0.898146969385651,0.96297926176893,"all_requested","all_requested",250,14.2719657565753,1.18389152175617,12.2054959815385,0.111443682360571,0.0555661863453051,0.855207768132102,0.0706101645913098,0.00389338002157867,-2.06646977503675,1.17827379412147
"original_refit","MisCor","PATT",3,2000,250,250,250,1.30337019091973,0.00446564269145081,0.00318722911440345,0.00446564269145081,0.245136969798306,0.343462637385294,0.0705386959526969,0.00275080215954,0.0706080106073455,9.97098232385403,0.782089139122372,0.00276912326375971,0.0685247872429196,0.000193186564966275,0.268612230088784,0.000757277419261813,0.948,0.0140422220463857,0.912719815069645,0.97202510754156,0.948,0.0140422220463857,0.912719815069645,0.97202510754156,"all_requested","all_requested",250,9.97098232385403,0.782089139122372,9.43352172731605,0.0532880853043158,0.0422430922279081,0.94609752789831,0.0742274055873776,0.00423660285976518,-0.537460596537983,0.782173276247343
"original_refit","MisCor","PATT",3,500,250,250,250,1.29968069702725,0.00960042980407338,-0.000502264778081962,0.00960042980407338,-0.0386303153353554,0.738390679319701,0.151493059653634,0.00633150318509966,0.15179612348718,11.5210315528676,0.962851692565159,0.00634305850798936,0.139459156174331,0.00057451987453692,0.546669846832069,0.00225207652498967,0.94,0.0150199866844149,0.902969219100901,0.966033038343429,0.94,0.0150199866844149,0.902969219100901,0.966033038343429,"all_requested","all_requested",250,11.5210315528676,0.962851692565159,9.79005870765388,0.0806420077290274,0.0443228028640021,0.849755394100727,0.0713849867081527,0.00384712103778331,-1.73097284521367,0.966498949250884
