"scenario","branch","n","m","d","M","seed","replications","first","last","stage","requested_records","task_id","result_file"
"same_sample_d5_m3_n2000","same_sample",2000,2000,5,3,936029,1000,1,5,"timing",30,1,"task0001_same_sample_d5_m3_n2000_r0001-0005.csv"
"independent_training_d5_m3_n2000","independent_training",2000,2000,5,3,936033,1000,1,5,"timing",30,2,"task0002_independent_training_d5_m3_n2000_r0001-0005.csv"
"estimated_weights_d5_m3_n2000","estimated_weights",2000,2000,5,3,936037,1000,1,5,"timing",30,3,"task0003_estimated_weights_d5_m3_n2000_r0001-0005.csv"
"gaussian_same_sample_d1_m3_n2000","gaussian_same_sample",2000,2000,1,3,936039,1000,1,5,"timing",30,4,"task0004_gaussian_same_sample_d1_m3_n2000_r0001-0005.csv"
"same_sample_d2_m3_n200","same_sample",200,200,2,3,936001,1000,1,250,"main",1500,5,"task0005_same_sample_d2_m3_n200_r0001-0250.csv"
"same_sample_d2_m3_n200","same_sample",200,200,2,3,936001,1000,251,500,"main",1500,6,"task0006_same_sample_d2_m3_n200_r0251-0500.csv"
"same_sample_d2_m3_n200","same_sample",200,200,2,3,936001,1000,501,750,"main",1500,7,"task0007_same_sample_d2_m3_n200_r0501-0750.csv"
"same_sample_d2_m3_n200","same_sample",200,200,2,3,936001,1000,751,1000,"main",1500,8,"task0008_same_sample_d2_m3_n200_r0751-1000.csv"
"same_sample_d3_m3_n200","same_sample",200,200,3,3,936002,1000,1,250,"main",1500,9,"task0009_same_sample_d3_m3_n200_r0001-0250.csv"
"same_sample_d3_m3_n200","same_sample",200,200,3,3,936002,1000,251,500,"main",1500,10,"task0010_same_sample_d3_m3_n200_r0251-0500.csv"
"same_sample_d3_m3_n200","same_sample",200,200,3,3,936002,1000,501,750,"main",1500,11,"task0011_same_sample_d3_m3_n200_r0501-0750.csv"
"same_sample_d3_m3_n200","same_sample",200,200,3,3,936002,1000,751,1000,"main",1500,12,"task0012_same_sample_d3_m3_n200_r0751-1000.csv"
"same_sample_d5_m3_n200","same_sample",200,200,5,3,936003,1000,1,250,"main",1500,13,"task0013_same_sample_d5_m3_n200_r0001-0250.csv"
"same_sample_d5_m3_n200","same_sample",200,200,5,3,936003,1000,251,500,"main",1500,14,"task0014_same_sample_d5_m3_n200_r0251-0500.csv"
"same_sample_d5_m3_n200","same_sample",200,200,5,3,936003,1000,501,750,"main",1500,15,"task0015_same_sample_d5_m3_n200_r0501-0750.csv"
"same_sample_d5_m3_n200","same_sample",200,200,5,3,936003,1000,751,1000,"main",1500,16,"task0016_same_sample_d5_m3_n200_r0751-1000.csv"
"independent_training_d1_m3_n200","independent_training",200,200,1,3,936004,1000,1,250,"main",1500,17,"task0017_independent_training_d1_m3_n200_r0001-0250.csv"
"independent_training_d1_m3_n200","independent_training",200,200,1,3,936004,1000,251,500,"main",1500,18,"task0018_independent_training_d1_m3_n200_r0251-0500.csv"
"independent_training_d1_m3_n200","independent_training",200,200,1,3,936004,1000,501,750,"main",1500,19,"task0019_independent_training_d1_m3_n200_r0501-0750.csv"
"independent_training_d1_m3_n200","independent_training",200,200,1,3,936004,1000,751,1000,"main",1500,20,"task0020_independent_training_d1_m3_n200_r0751-1000.csv"
"independent_training_d2_m3_n200","independent_training",200,200,2,3,936005,1000,1,250,"main",1500,21,"task0021_independent_training_d2_m3_n200_r0001-0250.csv"
"independent_training_d2_m3_n200","independent_training",200,200,2,3,936005,1000,251,500,"main",1500,22,"task0022_independent_training_d2_m3_n200_r0251-0500.csv"
"independent_training_d2_m3_n200","independent_training",200,200,2,3,936005,1000,501,750,"main",1500,23,"task0023_independent_training_d2_m3_n200_r0501-0750.csv"
"independent_training_d2_m3_n200","independent_training",200,200,2,3,936005,1000,751,1000,"main",1500,24,"task0024_independent_training_d2_m3_n200_r0751-1000.csv"
"independent_training_d3_m3_n200","independent_training",200,200,3,3,936006,1000,1,250,"main",1500,25,"task0025_independent_training_d3_m3_n200_r0001-0250.csv"
"independent_training_d3_m3_n200","independent_training",200,200,3,3,936006,1000,251,500,"main",1500,26,"task0026_independent_training_d3_m3_n200_r0251-0500.csv"
"independent_training_d3_m3_n200","independent_training",200,200,3,3,936006,1000,501,750,"main",1500,27,"task0027_independent_training_d3_m3_n200_r0501-0750.csv"
"independent_training_d3_m3_n200","independent_training",200,200,3,3,936006,1000,751,1000,"main",1500,28,"task0028_independent_training_d3_m3_n200_r0751-1000.csv"
"independent_training_d5_m3_n200","independent_training",200,200,5,3,936007,1000,1,250,"main",1500,29,"task0029_independent_training_d5_m3_n200_r0001-0250.csv"
"independent_training_d5_m3_n200","independent_training",200,200,5,3,936007,1000,251,500,"main",1500,30,"task0030_independent_training_d5_m3_n200_r0251-0500.csv"
"independent_training_d5_m3_n200","independent_training",200,200,5,3,936007,1000,501,750,"main",1500,31,"task0031_independent_training_d5_m3_n200_r0501-0750.csv"
"independent_training_d5_m3_n200","independent_training",200,200,5,3,936007,1000,751,1000,"main",1500,32,"task0032_independent_training_d5_m3_n200_r0751-1000.csv"
"estimated_weights_d1_m3_n200","estimated_weights",200,200,1,3,936008,1000,1,250,"main",1500,33,"task0033_estimated_weights_d1_m3_n200_r0001-0250.csv"
"estimated_weights_d1_m3_n200","estimated_weights",200,200,1,3,936008,1000,251,500,"main",1500,34,"task0034_estimated_weights_d1_m3_n200_r0251-0500.csv"
"estimated_weights_d1_m3_n200","estimated_weights",200,200,1,3,936008,1000,501,750,"main",1500,35,"task0035_estimated_weights_d1_m3_n200_r0501-0750.csv"
"estimated_weights_d1_m3_n200","estimated_weights",200,200,1,3,936008,1000,751,1000,"main",1500,36,"task0036_estimated_weights_d1_m3_n200_r0751-1000.csv"
"estimated_weights_d2_m3_n200","estimated_weights",200,200,2,3,936009,1000,1,250,"main",1500,37,"task0037_estimated_weights_d2_m3_n200_r0001-0250.csv"
"estimated_weights_d2_m3_n200","estimated_weights",200,200,2,3,936009,1000,251,500,"main",1500,38,"task0038_estimated_weights_d2_m3_n200_r0251-0500.csv"
"estimated_weights_d2_m3_n200","estimated_weights",200,200,2,3,936009,1000,501,750,"main",1500,39,"task0039_estimated_weights_d2_m3_n200_r0501-0750.csv"
"estimated_weights_d2_m3_n200","estimated_weights",200,200,2,3,936009,1000,751,1000,"main",1500,40,"task0040_estimated_weights_d2_m3_n200_r0751-1000.csv"
"estimated_weights_d3_m3_n200","estimated_weights",200,200,3,3,936010,1000,1,250,"main",1500,41,"task0041_estimated_weights_d3_m3_n200_r0001-0250.csv"
"estimated_weights_d3_m3_n200","estimated_weights",200,200,3,3,936010,1000,251,500,"main",1500,42,"task0042_estimated_weights_d3_m3_n200_r0251-0500.csv"
"estimated_weights_d3_m3_n200","estimated_weights",200,200,3,3,936010,1000,501,750,"main",1500,43,"task0043_estimated_weights_d3_m3_n200_r0501-0750.csv"
"estimated_weights_d3_m3_n200","estimated_weights",200,200,3,3,936010,1000,751,1000,"main",1500,44,"task0044_estimated_weights_d3_m3_n200_r0751-1000.csv"
"estimated_weights_d5_m3_n200","estimated_weights",200,200,5,3,936011,1000,1,250,"main",1500,45,"task0045_estimated_weights_d5_m3_n200_r0001-0250.csv"
"estimated_weights_d5_m3_n200","estimated_weights",200,200,5,3,936011,1000,251,500,"main",1500,46,"task0046_estimated_weights_d5_m3_n200_r0251-0500.csv"
"estimated_weights_d5_m3_n200","estimated_weights",200,200,5,3,936011,1000,501,750,"main",1500,47,"task0047_estimated_weights_d5_m3_n200_r0501-0750.csv"
"estimated_weights_d5_m3_n200","estimated_weights",200,200,5,3,936011,1000,751,1000,"main",1500,48,"task0048_estimated_weights_d5_m3_n200_r0751-1000.csv"
"gaussian_same_sample_d1_m1_n200","gaussian_same_sample",200,200,1,1,936012,1000,1,250,"main",1500,49,"task0049_gaussian_same_sample_d1_m1_n200_r0001-0250.csv"
"gaussian_same_sample_d1_m1_n200","gaussian_same_sample",200,200,1,1,936012,1000,251,500,"main",1500,50,"task0050_gaussian_same_sample_d1_m1_n200_r0251-0500.csv"
"gaussian_same_sample_d1_m1_n200","gaussian_same_sample",200,200,1,1,936012,1000,501,750,"main",1500,51,"task0051_gaussian_same_sample_d1_m1_n200_r0501-0750.csv"
"gaussian_same_sample_d1_m1_n200","gaussian_same_sample",200,200,1,1,936012,1000,751,1000,"main",1500,52,"task0052_gaussian_same_sample_d1_m1_n200_r0751-1000.csv"
"gaussian_same_sample_d1_m3_n200","gaussian_same_sample",200,200,1,3,936013,1000,1,250,"main",1500,53,"task0053_gaussian_same_sample_d1_m3_n200_r0001-0250.csv"
"gaussian_same_sample_d1_m3_n200","gaussian_same_sample",200,200,1,3,936013,1000,251,500,"main",1500,54,"task0054_gaussian_same_sample_d1_m3_n200_r0251-0500.csv"
"gaussian_same_sample_d1_m3_n200","gaussian_same_sample",200,200,1,3,936013,1000,501,750,"main",1500,55,"task0055_gaussian_same_sample_d1_m3_n200_r0501-0750.csv"
"gaussian_same_sample_d1_m3_n200","gaussian_same_sample",200,200,1,3,936013,1000,751,1000,"main",1500,56,"task0056_gaussian_same_sample_d1_m3_n200_r0751-1000.csv"
"same_sample_d2_m3_n800","same_sample",800,800,2,3,936014,1000,1,100,"main",600,57,"task0057_same_sample_d2_m3_n800_r0001-0100.csv"
"same_sample_d2_m3_n800","same_sample",800,800,2,3,936014,1000,101,200,"main",600,58,"task0058_same_sample_d2_m3_n800_r0101-0200.csv"
"same_sample_d2_m3_n800","same_sample",800,800,2,3,936014,1000,201,300,"main",600,59,"task0059_same_sample_d2_m3_n800_r0201-0300.csv"
"same_sample_d2_m3_n800","same_sample",800,800,2,3,936014,1000,301,400,"main",600,60,"task0060_same_sample_d2_m3_n800_r0301-0400.csv"
"same_sample_d2_m3_n800","same_sample",800,800,2,3,936014,1000,401,500,"main",600,61,"task0061_same_sample_d2_m3_n800_r0401-0500.csv"
"same_sample_d2_m3_n800","same_sample",800,800,2,3,936014,1000,501,600,"main",600,62,"task0062_same_sample_d2_m3_n800_r0501-0600.csv"
"same_sample_d2_m3_n800","same_sample",800,800,2,3,936014,1000,601,700,"main",600,63,"task0063_same_sample_d2_m3_n800_r0601-0700.csv"
"same_sample_d2_m3_n800","same_sample",800,800,2,3,936014,1000,701,800,"main",600,64,"task0064_same_sample_d2_m3_n800_r0701-0800.csv"
"same_sample_d2_m3_n800","same_sample",800,800,2,3,936014,1000,801,900,"main",600,65,"task0065_same_sample_d2_m3_n800_r0801-0900.csv"
"same_sample_d2_m3_n800","same_sample",800,800,2,3,936014,1000,901,1000,"main",600,66,"task0066_same_sample_d2_m3_n800_r0901-1000.csv"
"same_sample_d3_m3_n800","same_sample",800,800,3,3,936015,1000,1,100,"main",600,67,"task0067_same_sample_d3_m3_n800_r0001-0100.csv"
"same_sample_d3_m3_n800","same_sample",800,800,3,3,936015,1000,101,200,"main",600,68,"task0068_same_sample_d3_m3_n800_r0101-0200.csv"
"same_sample_d3_m3_n800","same_sample",800,800,3,3,936015,1000,201,300,"main",600,69,"task0069_same_sample_d3_m3_n800_r0201-0300.csv"
"same_sample_d3_m3_n800","same_sample",800,800,3,3,936015,1000,301,400,"main",600,70,"task0070_same_sample_d3_m3_n800_r0301-0400.csv"
"same_sample_d3_m3_n800","same_sample",800,800,3,3,936015,1000,401,500,"main",600,71,"task0071_same_sample_d3_m3_n800_r0401-0500.csv"
"same_sample_d3_m3_n800","same_sample",800,800,3,3,936015,1000,501,600,"main",600,72,"task0072_same_sample_d3_m3_n800_r0501-0600.csv"
"same_sample_d3_m3_n800","same_sample",800,800,3,3,936015,1000,601,700,"main",600,73,"task0073_same_sample_d3_m3_n800_r0601-0700.csv"
"same_sample_d3_m3_n800","same_sample",800,800,3,3,936015,1000,701,800,"main",600,74,"task0074_same_sample_d3_m3_n800_r0701-0800.csv"
"same_sample_d3_m3_n800","same_sample",800,800,3,3,936015,1000,801,900,"main",600,75,"task0075_same_sample_d3_m3_n800_r0801-0900.csv"
"same_sample_d3_m3_n800","same_sample",800,800,3,3,936015,1000,901,1000,"main",600,76,"task0076_same_sample_d3_m3_n800_r0901-1000.csv"
"same_sample_d5_m3_n800","same_sample",800,800,5,3,936016,1000,1,100,"main",600,77,"task0077_same_sample_d5_m3_n800_r0001-0100.csv"
"same_sample_d5_m3_n800","same_sample",800,800,5,3,936016,1000,101,200,"main",600,78,"task0078_same_sample_d5_m3_n800_r0101-0200.csv"
"same_sample_d5_m3_n800","same_sample",800,800,5,3,936016,1000,201,300,"main",600,79,"task0079_same_sample_d5_m3_n800_r0201-0300.csv"
"same_sample_d5_m3_n800","same_sample",800,800,5,3,936016,1000,301,400,"main",600,80,"task0080_same_sample_d5_m3_n800_r0301-0400.csv"
"same_sample_d5_m3_n800","same_sample",800,800,5,3,936016,1000,401,500,"main",600,81,"task0081_same_sample_d5_m3_n800_r0401-0500.csv"
"same_sample_d5_m3_n800","same_sample",800,800,5,3,936016,1000,501,600,"main",600,82,"task0082_same_sample_d5_m3_n800_r0501-0600.csv"
"same_sample_d5_m3_n800","same_sample",800,800,5,3,936016,1000,601,700,"main",600,83,"task0083_same_sample_d5_m3_n800_r0601-0700.csv"
"same_sample_d5_m3_n800","same_sample",800,800,5,3,936016,1000,701,800,"main",600,84,"task0084_same_sample_d5_m3_n800_r0701-0800.csv"
"same_sample_d5_m3_n800","same_sample",800,800,5,3,936016,1000,801,900,"main",600,85,"task0085_same_sample_d5_m3_n800_r0801-0900.csv"
"same_sample_d5_m3_n800","same_sample",800,800,5,3,936016,1000,901,1000,"main",600,86,"task0086_same_sample_d5_m3_n800_r0901-1000.csv"
"independent_training_d1_m3_n800","independent_training",800,800,1,3,936017,1000,1,100,"main",600,87,"task0087_independent_training_d1_m3_n800_r0001-0100.csv"
"independent_training_d1_m3_n800","independent_training",800,800,1,3,936017,1000,101,200,"main",600,88,"task0088_independent_training_d1_m3_n800_r0101-0200.csv"
"independent_training_d1_m3_n800","independent_training",800,800,1,3,936017,1000,201,300,"main",600,89,"task0089_independent_training_d1_m3_n800_r0201-0300.csv"
"independent_training_d1_m3_n800","independent_training",800,800,1,3,936017,1000,301,400,"main",600,90,"task0090_independent_training_d1_m3_n800_r0301-0400.csv"
"independent_training_d1_m3_n800","independent_training",800,800,1,3,936017,1000,401,500,"main",600,91,"task0091_independent_training_d1_m3_n800_r0401-0500.csv"
"independent_training_d1_m3_n800","independent_training",800,800,1,3,936017,1000,501,600,"main",600,92,"task0092_independent_training_d1_m3_n800_r0501-0600.csv"
"independent_training_d1_m3_n800","independent_training",800,800,1,3,936017,1000,601,700,"main",600,93,"task0093_independent_training_d1_m3_n800_r0601-0700.csv"
"independent_training_d1_m3_n800","independent_training",800,800,1,3,936017,1000,701,800,"main",600,94,"task0094_independent_training_d1_m3_n800_r0701-0800.csv"
"independent_training_d1_m3_n800","independent_training",800,800,1,3,936017,1000,801,900,"main",600,95,"task0095_independent_training_d1_m3_n800_r0801-0900.csv"
"independent_training_d1_m3_n800","independent_training",800,800,1,3,936017,1000,901,1000,"main",600,96,"task0096_independent_training_d1_m3_n800_r0901-1000.csv"
"independent_training_d2_m3_n800","independent_training",800,800,2,3,936018,1000,1,100,"main",600,97,"task0097_independent_training_d2_m3_n800_r0001-0100.csv"
"independent_training_d2_m3_n800","independent_training",800,800,2,3,936018,1000,101,200,"main",600,98,"task0098_independent_training_d2_m3_n800_r0101-0200.csv"
"independent_training_d2_m3_n800","independent_training",800,800,2,3,936018,1000,201,300,"main",600,99,"task0099_independent_training_d2_m3_n800_r0201-0300.csv"
"independent_training_d2_m3_n800","independent_training",800,800,2,3,936018,1000,301,400,"main",600,100,"task0100_independent_training_d2_m3_n800_r0301-0400.csv"
"independent_training_d2_m3_n800","independent_training",800,800,2,3,936018,1000,401,500,"main",600,101,"task0101_independent_training_d2_m3_n800_r0401-0500.csv"
"independent_training_d2_m3_n800","independent_training",800,800,2,3,936018,1000,501,600,"main",600,102,"task0102_independent_training_d2_m3_n800_r0501-0600.csv"
"independent_training_d2_m3_n800","independent_training",800,800,2,3,936018,1000,601,700,"main",600,103,"task0103_independent_training_d2_m3_n800_r0601-0700.csv"
"independent_training_d2_m3_n800","independent_training",800,800,2,3,936018,1000,701,800,"main",600,104,"task0104_independent_training_d2_m3_n800_r0701-0800.csv"
"independent_training_d2_m3_n800","independent_training",800,800,2,3,936018,1000,801,900,"main",600,105,"task0105_independent_training_d2_m3_n800_r0801-0900.csv"
"independent_training_d2_m3_n800","independent_training",800,800,2,3,936018,1000,901,1000,"main",600,106,"task0106_independent_training_d2_m3_n800_r0901-1000.csv"
"independent_training_d3_m3_n800","independent_training",800,800,3,3,936019,1000,1,100,"main",600,107,"task0107_independent_training_d3_m3_n800_r0001-0100.csv"
"independent_training_d3_m3_n800","independent_training",800,800,3,3,936019,1000,101,200,"main",600,108,"task0108_independent_training_d3_m3_n800_r0101-0200.csv"
"independent_training_d3_m3_n800","independent_training",800,800,3,3,936019,1000,201,300,"main",600,109,"task0109_independent_training_d3_m3_n800_r0201-0300.csv"
"independent_training_d3_m3_n800","independent_training",800,800,3,3,936019,1000,301,400,"main",600,110,"task0110_independent_training_d3_m3_n800_r0301-0400.csv"
"independent_training_d3_m3_n800","independent_training",800,800,3,3,936019,1000,401,500,"main",600,111,"task0111_independent_training_d3_m3_n800_r0401-0500.csv"
"independent_training_d3_m3_n800","independent_training",800,800,3,3,936019,1000,501,600,"main",600,112,"task0112_independent_training_d3_m3_n800_r0501-0600.csv"
"independent_training_d3_m3_n800","independent_training",800,800,3,3,936019,1000,601,700,"main",600,113,"task0113_independent_training_d3_m3_n800_r0601-0700.csv"
"independent_training_d3_m3_n800","independent_training",800,800,3,3,936019,1000,701,800,"main",600,114,"task0114_independent_training_d3_m3_n800_r0701-0800.csv"
"independent_training_d3_m3_n800","independent_training",800,800,3,3,936019,1000,801,900,"main",600,115,"task0115_independent_training_d3_m3_n800_r0801-0900.csv"
"independent_training_d3_m3_n800","independent_training",800,800,3,3,936019,1000,901,1000,"main",600,116,"task0116_independent_training_d3_m3_n800_r0901-1000.csv"
"independent_training_d5_m3_n800","independent_training",800,800,5,3,936020,1000,1,100,"main",600,117,"task0117_independent_training_d5_m3_n800_r0001-0100.csv"
"independent_training_d5_m3_n800","independent_training",800,800,5,3,936020,1000,101,200,"main",600,118,"task0118_independent_training_d5_m3_n800_r0101-0200.csv"
"independent_training_d5_m3_n800","independent_training",800,800,5,3,936020,1000,201,300,"main",600,119,"task0119_independent_training_d5_m3_n800_r0201-0300.csv"
"independent_training_d5_m3_n800","independent_training",800,800,5,3,936020,1000,301,400,"main",600,120,"task0120_independent_training_d5_m3_n800_r0301-0400.csv"
"independent_training_d5_m3_n800","independent_training",800,800,5,3,936020,1000,401,500,"main",600,121,"task0121_independent_training_d5_m3_n800_r0401-0500.csv"
"independent_training_d5_m3_n800","independent_training",800,800,5,3,936020,1000,501,600,"main",600,122,"task0122_independent_training_d5_m3_n800_r0501-0600.csv"
"independent_training_d5_m3_n800","independent_training",800,800,5,3,936020,1000,601,700,"main",600,123,"task0123_independent_training_d5_m3_n800_r0601-0700.csv"
"independent_training_d5_m3_n800","independent_training",800,800,5,3,936020,1000,701,800,"main",600,124,"task0124_independent_training_d5_m3_n800_r0701-0800.csv"
"independent_training_d5_m3_n800","independent_training",800,800,5,3,936020,1000,801,900,"main",600,125,"task0125_independent_training_d5_m3_n800_r0801-0900.csv"
"independent_training_d5_m3_n800","independent_training",800,800,5,3,936020,1000,901,1000,"main",600,126,"task0126_independent_training_d5_m3_n800_r0901-1000.csv"
"estimated_weights_d1_m3_n800","estimated_weights",800,800,1,3,936021,1000,1,100,"main",600,127,"task0127_estimated_weights_d1_m3_n800_r0001-0100.csv"
"estimated_weights_d1_m3_n800","estimated_weights",800,800,1,3,936021,1000,101,200,"main",600,128,"task0128_estimated_weights_d1_m3_n800_r0101-0200.csv"
"estimated_weights_d1_m3_n800","estimated_weights",800,800,1,3,936021,1000,201,300,"main",600,129,"task0129_estimated_weights_d1_m3_n800_r0201-0300.csv"
"estimated_weights_d1_m3_n800","estimated_weights",800,800,1,3,936021,1000,301,400,"main",600,130,"task0130_estimated_weights_d1_m3_n800_r0301-0400.csv"
"estimated_weights_d1_m3_n800","estimated_weights",800,800,1,3,936021,1000,401,500,"main",600,131,"task0131_estimated_weights_d1_m3_n800_r0401-0500.csv"
"estimated_weights_d1_m3_n800","estimated_weights",800,800,1,3,936021,1000,501,600,"main",600,132,"task0132_estimated_weights_d1_m3_n800_r0501-0600.csv"
"estimated_weights_d1_m3_n800","estimated_weights",800,800,1,3,936021,1000,601,700,"main",600,133,"task0133_estimated_weights_d1_m3_n800_r0601-0700.csv"
"estimated_weights_d1_m3_n800","estimated_weights",800,800,1,3,936021,1000,701,800,"main",600,134,"task0134_estimated_weights_d1_m3_n800_r0701-0800.csv"
"estimated_weights_d1_m3_n800","estimated_weights",800,800,1,3,936021,1000,801,900,"main",600,135,"task0135_estimated_weights_d1_m3_n800_r0801-0900.csv"
"estimated_weights_d1_m3_n800","estimated_weights",800,800,1,3,936021,1000,901,1000,"main",600,136,"task0136_estimated_weights_d1_m3_n800_r0901-1000.csv"
"estimated_weights_d2_m3_n800","estimated_weights",800,800,2,3,936022,1000,1,100,"main",600,137,"task0137_estimated_weights_d2_m3_n800_r0001-0100.csv"
"estimated_weights_d2_m3_n800","estimated_weights",800,800,2,3,936022,1000,101,200,"main",600,138,"task0138_estimated_weights_d2_m3_n800_r0101-0200.csv"
"estimated_weights_d2_m3_n800","estimated_weights",800,800,2,3,936022,1000,201,300,"main",600,139,"task0139_estimated_weights_d2_m3_n800_r0201-0300.csv"
"estimated_weights_d2_m3_n800","estimated_weights",800,800,2,3,936022,1000,301,400,"main",600,140,"task0140_estimated_weights_d2_m3_n800_r0301-0400.csv"
"estimated_weights_d2_m3_n800","estimated_weights",800,800,2,3,936022,1000,401,500,"main",600,141,"task0141_estimated_weights_d2_m3_n800_r0401-0500.csv"
"estimated_weights_d2_m3_n800","estimated_weights",800,800,2,3,936022,1000,501,600,"main",600,142,"task0142_estimated_weights_d2_m3_n800_r0501-0600.csv"
"estimated_weights_d2_m3_n800","estimated_weights",800,800,2,3,936022,1000,601,700,"main",600,143,"task0143_estimated_weights_d2_m3_n800_r0601-0700.csv"
"estimated_weights_d2_m3_n800","estimated_weights",800,800,2,3,936022,1000,701,800,"main",600,144,"task0144_estimated_weights_d2_m3_n800_r0701-0800.csv"
"estimated_weights_d2_m3_n800","estimated_weights",800,800,2,3,936022,1000,801,900,"main",600,145,"task0145_estimated_weights_d2_m3_n800_r0801-0900.csv"
"estimated_weights_d2_m3_n800","estimated_weights",800,800,2,3,936022,1000,901,1000,"main",600,146,"task0146_estimated_weights_d2_m3_n800_r0901-1000.csv"
"estimated_weights_d3_m3_n800","estimated_weights",800,800,3,3,936023,1000,1,100,"main",600,147,"task0147_estimated_weights_d3_m3_n800_r0001-0100.csv"
"estimated_weights_d3_m3_n800","estimated_weights",800,800,3,3,936023,1000,101,200,"main",600,148,"task0148_estimated_weights_d3_m3_n800_r0101-0200.csv"
"estimated_weights_d3_m3_n800","estimated_weights",800,800,3,3,936023,1000,201,300,"main",600,149,"task0149_estimated_weights_d3_m3_n800_r0201-0300.csv"
"estimated_weights_d3_m3_n800","estimated_weights",800,800,3,3,936023,1000,301,400,"main",600,150,"task0150_estimated_weights_d3_m3_n800_r0301-0400.csv"
"estimated_weights_d3_m3_n800","estimated_weights",800,800,3,3,936023,1000,401,500,"main",600,151,"task0151_estimated_weights_d3_m3_n800_r0401-0500.csv"
"estimated_weights_d3_m3_n800","estimated_weights",800,800,3,3,936023,1000,501,600,"main",600,152,"task0152_estimated_weights_d3_m3_n800_r0501-0600.csv"
"estimated_weights_d3_m3_n800","estimated_weights",800,800,3,3,936023,1000,601,700,"main",600,153,"task0153_estimated_weights_d3_m3_n800_r0601-0700.csv"
"estimated_weights_d3_m3_n800","estimated_weights",800,800,3,3,936023,1000,701,800,"main",600,154,"task0154_estimated_weights_d3_m3_n800_r0701-0800.csv"
"estimated_weights_d3_m3_n800","estimated_weights",800,800,3,3,936023,1000,801,900,"main",600,155,"task0155_estimated_weights_d3_m3_n800_r0801-0900.csv"
"estimated_weights_d3_m3_n800","estimated_weights",800,800,3,3,936023,1000,901,1000,"main",600,156,"task0156_estimated_weights_d3_m3_n800_r0901-1000.csv"
"estimated_weights_d5_m3_n800","estimated_weights",800,800,5,3,936024,1000,1,100,"main",600,157,"task0157_estimated_weights_d5_m3_n800_r0001-0100.csv"
"estimated_weights_d5_m3_n800","estimated_weights",800,800,5,3,936024,1000,101,200,"main",600,158,"task0158_estimated_weights_d5_m3_n800_r0101-0200.csv"
"estimated_weights_d5_m3_n800","estimated_weights",800,800,5,3,936024,1000,201,300,"main",600,159,"task0159_estimated_weights_d5_m3_n800_r0201-0300.csv"
"estimated_weights_d5_m3_n800","estimated_weights",800,800,5,3,936024,1000,301,400,"main",600,160,"task0160_estimated_weights_d5_m3_n800_r0301-0400.csv"
"estimated_weights_d5_m3_n800","estimated_weights",800,800,5,3,936024,1000,401,500,"main",600,161,"task0161_estimated_weights_d5_m3_n800_r0401-0500.csv"
"estimated_weights_d5_m3_n800","estimated_weights",800,800,5,3,936024,1000,501,600,"main",600,162,"task0162_estimated_weights_d5_m3_n800_r0501-0600.csv"
"estimated_weights_d5_m3_n800","estimated_weights",800,800,5,3,936024,1000,601,700,"main",600,163,"task0163_estimated_weights_d5_m3_n800_r0601-0700.csv"
"estimated_weights_d5_m3_n800","estimated_weights",800,800,5,3,936024,1000,701,800,"main",600,164,"task0164_estimated_weights_d5_m3_n800_r0701-0800.csv"
"estimated_weights_d5_m3_n800","estimated_weights",800,800,5,3,936024,1000,801,900,"main",600,165,"task0165_estimated_weights_d5_m3_n800_r0801-0900.csv"
"estimated_weights_d5_m3_n800","estimated_weights",800,800,5,3,936024,1000,901,1000,"main",600,166,"task0166_estimated_weights_d5_m3_n800_r0901-1000.csv"
"gaussian_same_sample_d1_m1_n800","gaussian_same_sample",800,800,1,1,936025,1000,1,100,"main",600,167,"task0167_gaussian_same_sample_d1_m1_n800_r0001-0100.csv"
"gaussian_same_sample_d1_m1_n800","gaussian_same_sample",800,800,1,1,936025,1000,101,200,"main",600,168,"task0168_gaussian_same_sample_d1_m1_n800_r0101-0200.csv"
"gaussian_same_sample_d1_m1_n800","gaussian_same_sample",800,800,1,1,936025,1000,201,300,"main",600,169,"task0169_gaussian_same_sample_d1_m1_n800_r0201-0300.csv"
"gaussian_same_sample_d1_m1_n800","gaussian_same_sample",800,800,1,1,936025,1000,301,400,"main",600,170,"task0170_gaussian_same_sample_d1_m1_n800_r0301-0400.csv"
"gaussian_same_sample_d1_m1_n800","gaussian_same_sample",800,800,1,1,936025,1000,401,500,"main",600,171,"task0171_gaussian_same_sample_d1_m1_n800_r0401-0500.csv"
"gaussian_same_sample_d1_m1_n800","gaussian_same_sample",800,800,1,1,936025,1000,501,600,"main",600,172,"task0172_gaussian_same_sample_d1_m1_n800_r0501-0600.csv"
"gaussian_same_sample_d1_m1_n800","gaussian_same_sample",800,800,1,1,936025,1000,601,700,"main",600,173,"task0173_gaussian_same_sample_d1_m1_n800_r0601-0700.csv"
"gaussian_same_sample_d1_m1_n800","gaussian_same_sample",800,800,1,1,936025,1000,701,800,"main",600,174,"task0174_gaussian_same_sample_d1_m1_n800_r0701-0800.csv"
"gaussian_same_sample_d1_m1_n800","gaussian_same_sample",800,800,1,1,936025,1000,801,900,"main",600,175,"task0175_gaussian_same_sample_d1_m1_n800_r0801-0900.csv"
"gaussian_same_sample_d1_m1_n800","gaussian_same_sample",800,800,1,1,936025,1000,901,1000,"main",600,176,"task0176_gaussian_same_sample_d1_m1_n800_r0901-1000.csv"
"gaussian_same_sample_d1_m3_n800","gaussian_same_sample",800,800,1,3,936026,1000,1,100,"main",600,177,"task0177_gaussian_same_sample_d1_m3_n800_r0001-0100.csv"
"gaussian_same_sample_d1_m3_n800","gaussian_same_sample",800,800,1,3,936026,1000,101,200,"main",600,178,"task0178_gaussian_same_sample_d1_m3_n800_r0101-0200.csv"
"gaussian_same_sample_d1_m3_n800","gaussian_same_sample",800,800,1,3,936026,1000,201,300,"main",600,179,"task0179_gaussian_same_sample_d1_m3_n800_r0201-0300.csv"
"gaussian_same_sample_d1_m3_n800","gaussian_same_sample",800,800,1,3,936026,1000,301,400,"main",600,180,"task0180_gaussian_same_sample_d1_m3_n800_r0301-0400.csv"
"gaussian_same_sample_d1_m3_n800","gaussian_same_sample",800,800,1,3,936026,1000,401,500,"main",600,181,"task0181_gaussian_same_sample_d1_m3_n800_r0401-0500.csv"
"gaussian_same_sample_d1_m3_n800","gaussian_same_sample",800,800,1,3,936026,1000,501,600,"main",600,182,"task0182_gaussian_same_sample_d1_m3_n800_r0501-0600.csv"
"gaussian_same_sample_d1_m3_n800","gaussian_same_sample",800,800,1,3,936026,1000,601,700,"main",600,183,"task0183_gaussian_same_sample_d1_m3_n800_r0601-0700.csv"
"gaussian_same_sample_d1_m3_n800","gaussian_same_sample",800,800,1,3,936026,1000,701,800,"main",600,184,"task0184_gaussian_same_sample_d1_m3_n800_r0701-0800.csv"
"gaussian_same_sample_d1_m3_n800","gaussian_same_sample",800,800,1,3,936026,1000,801,900,"main",600,185,"task0185_gaussian_same_sample_d1_m3_n800_r0801-0900.csv"
"gaussian_same_sample_d1_m3_n800","gaussian_same_sample",800,800,1,3,936026,1000,901,1000,"main",600,186,"task0186_gaussian_same_sample_d1_m3_n800_r0901-1000.csv"
"same_sample_d2_m3_n2000","same_sample",2000,2000,2,3,936027,1000,1,50,"main",300,187,"task0187_same_sample_d2_m3_n2000_r0001-0050.csv"
"same_sample_d2_m3_n2000","same_sample",2000,2000,2,3,936027,1000,51,100,"main",300,188,"task0188_same_sample_d2_m3_n2000_r0051-0100.csv"
"same_sample_d2_m3_n2000","same_sample",2000,2000,2,3,936027,1000,101,150,"main",300,189,"task0189_same_sample_d2_m3_n2000_r0101-0150.csv"
"same_sample_d2_m3_n2000","same_sample",2000,2000,2,3,936027,1000,151,200,"main",300,190,"task0190_same_sample_d2_m3_n2000_r0151-0200.csv"
"same_sample_d2_m3_n2000","same_sample",2000,2000,2,3,936027,1000,201,250,"main",300,191,"task0191_same_sample_d2_m3_n2000_r0201-0250.csv"
"same_sample_d2_m3_n2000","same_sample",2000,2000,2,3,936027,1000,251,300,"main",300,192,"task0192_same_sample_d2_m3_n2000_r0251-0300.csv"
"same_sample_d2_m3_n2000","same_sample",2000,2000,2,3,936027,1000,301,350,"main",300,193,"task0193_same_sample_d2_m3_n2000_r0301-0350.csv"
"same_sample_d2_m3_n2000","same_sample",2000,2000,2,3,936027,1000,351,400,"main",300,194,"task0194_same_sample_d2_m3_n2000_r0351-0400.csv"
"same_sample_d2_m3_n2000","same_sample",2000,2000,2,3,936027,1000,401,450,"main",300,195,"task0195_same_sample_d2_m3_n2000_r0401-0450.csv"
"same_sample_d2_m3_n2000","same_sample",2000,2000,2,3,936027,1000,451,500,"main",300,196,"task0196_same_sample_d2_m3_n2000_r0451-0500.csv"
"same_sample_d2_m3_n2000","same_sample",2000,2000,2,3,936027,1000,501,550,"main",300,197,"task0197_same_sample_d2_m3_n2000_r0501-0550.csv"
"same_sample_d2_m3_n2000","same_sample",2000,2000,2,3,936027,1000,551,600,"main",300,198,"task0198_same_sample_d2_m3_n2000_r0551-0600.csv"
"same_sample_d2_m3_n2000","same_sample",2000,2000,2,3,936027,1000,601,650,"main",300,199,"task0199_same_sample_d2_m3_n2000_r0601-0650.csv"
"same_sample_d2_m3_n2000","same_sample",2000,2000,2,3,936027,1000,651,700,"main",300,200,"task0200_same_sample_d2_m3_n2000_r0651-0700.csv"
"same_sample_d2_m3_n2000","same_sample",2000,2000,2,3,936027,1000,701,750,"main",300,201,"task0201_same_sample_d2_m3_n2000_r0701-0750.csv"
"same_sample_d2_m3_n2000","same_sample",2000,2000,2,3,936027,1000,751,800,"main",300,202,"task0202_same_sample_d2_m3_n2000_r0751-0800.csv"
"same_sample_d2_m3_n2000","same_sample",2000,2000,2,3,936027,1000,801,850,"main",300,203,"task0203_same_sample_d2_m3_n2000_r0801-0850.csv"
"same_sample_d2_m3_n2000","same_sample",2000,2000,2,3,936027,1000,851,900,"main",300,204,"task0204_same_sample_d2_m3_n2000_r0851-0900.csv"
"same_sample_d2_m3_n2000","same_sample",2000,2000,2,3,936027,1000,901,950,"main",300,205,"task0205_same_sample_d2_m3_n2000_r0901-0950.csv"
"same_sample_d2_m3_n2000","same_sample",2000,2000,2,3,936027,1000,951,1000,"main",300,206,"task0206_same_sample_d2_m3_n2000_r0951-1000.csv"
"same_sample_d3_m3_n2000","same_sample",2000,2000,3,3,936028,1000,1,50,"main",300,207,"task0207_same_sample_d3_m3_n2000_r0001-0050.csv"
"same_sample_d3_m3_n2000","same_sample",2000,2000,3,3,936028,1000,51,100,"main",300,208,"task0208_same_sample_d3_m3_n2000_r0051-0100.csv"
"same_sample_d3_m3_n2000","same_sample",2000,2000,3,3,936028,1000,101,150,"main",300,209,"task0209_same_sample_d3_m3_n2000_r0101-0150.csv"
"same_sample_d3_m3_n2000","same_sample",2000,2000,3,3,936028,1000,151,200,"main",300,210,"task0210_same_sample_d3_m3_n2000_r0151-0200.csv"
"same_sample_d3_m3_n2000","same_sample",2000,2000,3,3,936028,1000,201,250,"main",300,211,"task0211_same_sample_d3_m3_n2000_r0201-0250.csv"
"same_sample_d3_m3_n2000","same_sample",2000,2000,3,3,936028,1000,251,300,"main",300,212,"task0212_same_sample_d3_m3_n2000_r0251-0300.csv"
"same_sample_d3_m3_n2000","same_sample",2000,2000,3,3,936028,1000,301,350,"main",300,213,"task0213_same_sample_d3_m3_n2000_r0301-0350.csv"
"same_sample_d3_m3_n2000","same_sample",2000,2000,3,3,936028,1000,351,400,"main",300,214,"task0214_same_sample_d3_m3_n2000_r0351-0400.csv"
"same_sample_d3_m3_n2000","same_sample",2000,2000,3,3,936028,1000,401,450,"main",300,215,"task0215_same_sample_d3_m3_n2000_r0401-0450.csv"
"same_sample_d3_m3_n2000","same_sample",2000,2000,3,3,936028,1000,451,500,"main",300,216,"task0216_same_sample_d3_m3_n2000_r0451-0500.csv"
"same_sample_d3_m3_n2000","same_sample",2000,2000,3,3,936028,1000,501,550,"main",300,217,"task0217_same_sample_d3_m3_n2000_r0501-0550.csv"
"same_sample_d3_m3_n2000","same_sample",2000,2000,3,3,936028,1000,551,600,"main",300,218,"task0218_same_sample_d3_m3_n2000_r0551-0600.csv"
"same_sample_d3_m3_n2000","same_sample",2000,2000,3,3,936028,1000,601,650,"main",300,219,"task0219_same_sample_d3_m3_n2000_r0601-0650.csv"
"same_sample_d3_m3_n2000","same_sample",2000,2000,3,3,936028,1000,651,700,"main",300,220,"task0220_same_sample_d3_m3_n2000_r0651-0700.csv"
"same_sample_d3_m3_n2000","same_sample",2000,2000,3,3,936028,1000,701,750,"main",300,221,"task0221_same_sample_d3_m3_n2000_r0701-0750.csv"
"same_sample_d3_m3_n2000","same_sample",2000,2000,3,3,936028,1000,751,800,"main",300,222,"task0222_same_sample_d3_m3_n2000_r0751-0800.csv"
"same_sample_d3_m3_n2000","same_sample",2000,2000,3,3,936028,1000,801,850,"main",300,223,"task0223_same_sample_d3_m3_n2000_r0801-0850.csv"
"same_sample_d3_m3_n2000","same_sample",2000,2000,3,3,936028,1000,851,900,"main",300,224,"task0224_same_sample_d3_m3_n2000_r0851-0900.csv"
"same_sample_d3_m3_n2000","same_sample",2000,2000,3,3,936028,1000,901,950,"main",300,225,"task0225_same_sample_d3_m3_n2000_r0901-0950.csv"
"same_sample_d3_m3_n2000","same_sample",2000,2000,3,3,936028,1000,951,1000,"main",300,226,"task0226_same_sample_d3_m3_n2000_r0951-1000.csv"
"same_sample_d5_m3_n2000","same_sample",2000,2000,5,3,936029,1000,6,55,"main",300,227,"task0227_same_sample_d5_m3_n2000_r0006-0055.csv"
"same_sample_d5_m3_n2000","same_sample",2000,2000,5,3,936029,1000,56,105,"main",300,228,"task0228_same_sample_d5_m3_n2000_r0056-0105.csv"
"same_sample_d5_m3_n2000","same_sample",2000,2000,5,3,936029,1000,106,155,"main",300,229,"task0229_same_sample_d5_m3_n2000_r0106-0155.csv"
"same_sample_d5_m3_n2000","same_sample",2000,2000,5,3,936029,1000,156,205,"main",300,230,"task0230_same_sample_d5_m3_n2000_r0156-0205.csv"
"same_sample_d5_m3_n2000","same_sample",2000,2000,5,3,936029,1000,206,255,"main",300,231,"task0231_same_sample_d5_m3_n2000_r0206-0255.csv"
"same_sample_d5_m3_n2000","same_sample",2000,2000,5,3,936029,1000,256,305,"main",300,232,"task0232_same_sample_d5_m3_n2000_r0256-0305.csv"
"same_sample_d5_m3_n2000","same_sample",2000,2000,5,3,936029,1000,306,355,"main",300,233,"task0233_same_sample_d5_m3_n2000_r0306-0355.csv"
"same_sample_d5_m3_n2000","same_sample",2000,2000,5,3,936029,1000,356,405,"main",300,234,"task0234_same_sample_d5_m3_n2000_r0356-0405.csv"
"same_sample_d5_m3_n2000","same_sample",2000,2000,5,3,936029,1000,406,455,"main",300,235,"task0235_same_sample_d5_m3_n2000_r0406-0455.csv"
"same_sample_d5_m3_n2000","same_sample",2000,2000,5,3,936029,1000,456,505,"main",300,236,"task0236_same_sample_d5_m3_n2000_r0456-0505.csv"
"same_sample_d5_m3_n2000","same_sample",2000,2000,5,3,936029,1000,506,555,"main",300,237,"task0237_same_sample_d5_m3_n2000_r0506-0555.csv"
"same_sample_d5_m3_n2000","same_sample",2000,2000,5,3,936029,1000,556,605,"main",300,238,"task0238_same_sample_d5_m3_n2000_r0556-0605.csv"
"same_sample_d5_m3_n2000","same_sample",2000,2000,5,3,936029,1000,606,655,"main",300,239,"task0239_same_sample_d5_m3_n2000_r0606-0655.csv"
"same_sample_d5_m3_n2000","same_sample",2000,2000,5,3,936029,1000,656,705,"main",300,240,"task0240_same_sample_d5_m3_n2000_r0656-0705.csv"
"same_sample_d5_m3_n2000","same_sample",2000,2000,5,3,936029,1000,706,755,"main",300,241,"task0241_same_sample_d5_m3_n2000_r0706-0755.csv"
"same_sample_d5_m3_n2000","same_sample",2000,2000,5,3,936029,1000,756,805,"main",300,242,"task0242_same_sample_d5_m3_n2000_r0756-0805.csv"
"same_sample_d5_m3_n2000","same_sample",2000,2000,5,3,936029,1000,806,855,"main",300,243,"task0243_same_sample_d5_m3_n2000_r0806-0855.csv"
"same_sample_d5_m3_n2000","same_sample",2000,2000,5,3,936029,1000,856,905,"main",300,244,"task0244_same_sample_d5_m3_n2000_r0856-0905.csv"
"same_sample_d5_m3_n2000","same_sample",2000,2000,5,3,936029,1000,906,955,"main",300,245,"task0245_same_sample_d5_m3_n2000_r0906-0955.csv"
"same_sample_d5_m3_n2000","same_sample",2000,2000,5,3,936029,1000,956,1000,"main",270,246,"task0246_same_sample_d5_m3_n2000_r0956-1000.csv"
"independent_training_d1_m3_n2000","independent_training",2000,2000,1,3,936030,1000,1,50,"main",300,247,"task0247_independent_training_d1_m3_n2000_r0001-0050.csv"
"independent_training_d1_m3_n2000","independent_training",2000,2000,1,3,936030,1000,51,100,"main",300,248,"task0248_independent_training_d1_m3_n2000_r0051-0100.csv"
"independent_training_d1_m3_n2000","independent_training",2000,2000,1,3,936030,1000,101,150,"main",300,249,"task0249_independent_training_d1_m3_n2000_r0101-0150.csv"
"independent_training_d1_m3_n2000","independent_training",2000,2000,1,3,936030,1000,151,200,"main",300,250,"task0250_independent_training_d1_m3_n2000_r0151-0200.csv"
"independent_training_d1_m3_n2000","independent_training",2000,2000,1,3,936030,1000,201,250,"main",300,251,"task0251_independent_training_d1_m3_n2000_r0201-0250.csv"
"independent_training_d1_m3_n2000","independent_training",2000,2000,1,3,936030,1000,251,300,"main",300,252,"task0252_independent_training_d1_m3_n2000_r0251-0300.csv"
"independent_training_d1_m3_n2000","independent_training",2000,2000,1,3,936030,1000,301,350,"main",300,253,"task0253_independent_training_d1_m3_n2000_r0301-0350.csv"
"independent_training_d1_m3_n2000","independent_training",2000,2000,1,3,936030,1000,351,400,"main",300,254,"task0254_independent_training_d1_m3_n2000_r0351-0400.csv"
"independent_training_d1_m3_n2000","independent_training",2000,2000,1,3,936030,1000,401,450,"main",300,255,"task0255_independent_training_d1_m3_n2000_r0401-0450.csv"
"independent_training_d1_m3_n2000","independent_training",2000,2000,1,3,936030,1000,451,500,"main",300,256,"task0256_independent_training_d1_m3_n2000_r0451-0500.csv"
"independent_training_d1_m3_n2000","independent_training",2000,2000,1,3,936030,1000,501,550,"main",300,257,"task0257_independent_training_d1_m3_n2000_r0501-0550.csv"
"independent_training_d1_m3_n2000","independent_training",2000,2000,1,3,936030,1000,551,600,"main",300,258,"task0258_independent_training_d1_m3_n2000_r0551-0600.csv"
"independent_training_d1_m3_n2000","independent_training",2000,2000,1,3,936030,1000,601,650,"main",300,259,"task0259_independent_training_d1_m3_n2000_r0601-0650.csv"
"independent_training_d1_m3_n2000","independent_training",2000,2000,1,3,936030,1000,651,700,"main",300,260,"task0260_independent_training_d1_m3_n2000_r0651-0700.csv"
"independent_training_d1_m3_n2000","independent_training",2000,2000,1,3,936030,1000,701,750,"main",300,261,"task0261_independent_training_d1_m3_n2000_r0701-0750.csv"
"independent_training_d1_m3_n2000","independent_training",2000,2000,1,3,936030,1000,751,800,"main",300,262,"task0262_independent_training_d1_m3_n2000_r0751-0800.csv"
"independent_training_d1_m3_n2000","independent_training",2000,2000,1,3,936030,1000,801,850,"main",300,263,"task0263_independent_training_d1_m3_n2000_r0801-0850.csv"
"independent_training_d1_m3_n2000","independent_training",2000,2000,1,3,936030,1000,851,900,"main",300,264,"task0264_independent_training_d1_m3_n2000_r0851-0900.csv"
"independent_training_d1_m3_n2000","independent_training",2000,2000,1,3,936030,1000,901,950,"main",300,265,"task0265_independent_training_d1_m3_n2000_r0901-0950.csv"
"independent_training_d1_m3_n2000","independent_training",2000,2000,1,3,936030,1000,951,1000,"main",300,266,"task0266_independent_training_d1_m3_n2000_r0951-1000.csv"
"independent_training_d2_m3_n2000","independent_training",2000,2000,2,3,936031,1000,1,50,"main",300,267,"task0267_independent_training_d2_m3_n2000_r0001-0050.csv"
"independent_training_d2_m3_n2000","independent_training",2000,2000,2,3,936031,1000,51,100,"main",300,268,"task0268_independent_training_d2_m3_n2000_r0051-0100.csv"
"independent_training_d2_m3_n2000","independent_training",2000,2000,2,3,936031,1000,101,150,"main",300,269,"task0269_independent_training_d2_m3_n2000_r0101-0150.csv"
"independent_training_d2_m3_n2000","independent_training",2000,2000,2,3,936031,1000,151,200,"main",300,270,"task0270_independent_training_d2_m3_n2000_r0151-0200.csv"
"independent_training_d2_m3_n2000","independent_training",2000,2000,2,3,936031,1000,201,250,"main",300,271,"task0271_independent_training_d2_m3_n2000_r0201-0250.csv"
"independent_training_d2_m3_n2000","independent_training",2000,2000,2,3,936031,1000,251,300,"main",300,272,"task0272_independent_training_d2_m3_n2000_r0251-0300.csv"
"independent_training_d2_m3_n2000","independent_training",2000,2000,2,3,936031,1000,301,350,"main",300,273,"task0273_independent_training_d2_m3_n2000_r0301-0350.csv"
"independent_training_d2_m3_n2000","independent_training",2000,2000,2,3,936031,1000,351,400,"main",300,274,"task0274_independent_training_d2_m3_n2000_r0351-0400.csv"
"independent_training_d2_m3_n2000","independent_training",2000,2000,2,3,936031,1000,401,450,"main",300,275,"task0275_independent_training_d2_m3_n2000_r0401-0450.csv"
"independent_training_d2_m3_n2000","independent_training",2000,2000,2,3,936031,1000,451,500,"main",300,276,"task0276_independent_training_d2_m3_n2000_r0451-0500.csv"
"independent_training_d2_m3_n2000","independent_training",2000,2000,2,3,936031,1000,501,550,"main",300,277,"task0277_independent_training_d2_m3_n2000_r0501-0550.csv"
"independent_training_d2_m3_n2000","independent_training",2000,2000,2,3,936031,1000,551,600,"main",300,278,"task0278_independent_training_d2_m3_n2000_r0551-0600.csv"
"independent_training_d2_m3_n2000","independent_training",2000,2000,2,3,936031,1000,601,650,"main",300,279,"task0279_independent_training_d2_m3_n2000_r0601-0650.csv"
"independent_training_d2_m3_n2000","independent_training",2000,2000,2,3,936031,1000,651,700,"main",300,280,"task0280_independent_training_d2_m3_n2000_r0651-0700.csv"
"independent_training_d2_m3_n2000","independent_training",2000,2000,2,3,936031,1000,701,750,"main",300,281,"task0281_independent_training_d2_m3_n2000_r0701-0750.csv"
"independent_training_d2_m3_n2000","independent_training",2000,2000,2,3,936031,1000,751,800,"main",300,282,"task0282_independent_training_d2_m3_n2000_r0751-0800.csv"
"independent_training_d2_m3_n2000","independent_training",2000,2000,2,3,936031,1000,801,850,"main",300,283,"task0283_independent_training_d2_m3_n2000_r0801-0850.csv"
"independent_training_d2_m3_n2000","independent_training",2000,2000,2,3,936031,1000,851,900,"main",300,284,"task0284_independent_training_d2_m3_n2000_r0851-0900.csv"
"independent_training_d2_m3_n2000","independent_training",2000,2000,2,3,936031,1000,901,950,"main",300,285,"task0285_independent_training_d2_m3_n2000_r0901-0950.csv"
"independent_training_d2_m3_n2000","independent_training",2000,2000,2,3,936031,1000,951,1000,"main",300,286,"task0286_independent_training_d2_m3_n2000_r0951-1000.csv"
"independent_training_d3_m3_n2000","independent_training",2000,2000,3,3,936032,1000,1,50,"main",300,287,"task0287_independent_training_d3_m3_n2000_r0001-0050.csv"
"independent_training_d3_m3_n2000","independent_training",2000,2000,3,3,936032,1000,51,100,"main",300,288,"task0288_independent_training_d3_m3_n2000_r0051-0100.csv"
"independent_training_d3_m3_n2000","independent_training",2000,2000,3,3,936032,1000,101,150,"main",300,289,"task0289_independent_training_d3_m3_n2000_r0101-0150.csv"
"independent_training_d3_m3_n2000","independent_training",2000,2000,3,3,936032,1000,151,200,"main",300,290,"task0290_independent_training_d3_m3_n2000_r0151-0200.csv"
"independent_training_d3_m3_n2000","independent_training",2000,2000,3,3,936032,1000,201,250,"main",300,291,"task0291_independent_training_d3_m3_n2000_r0201-0250.csv"
"independent_training_d3_m3_n2000","independent_training",2000,2000,3,3,936032,1000,251,300,"main",300,292,"task0292_independent_training_d3_m3_n2000_r0251-0300.csv"
"independent_training_d3_m3_n2000","independent_training",2000,2000,3,3,936032,1000,301,350,"main",300,293,"task0293_independent_training_d3_m3_n2000_r0301-0350.csv"
"independent_training_d3_m3_n2000","independent_training",2000,2000,3,3,936032,1000,351,400,"main",300,294,"task0294_independent_training_d3_m3_n2000_r0351-0400.csv"
"independent_training_d3_m3_n2000","independent_training",2000,2000,3,3,936032,1000,401,450,"main",300,295,"task0295_independent_training_d3_m3_n2000_r0401-0450.csv"
"independent_training_d3_m3_n2000","independent_training",2000,2000,3,3,936032,1000,451,500,"main",300,296,"task0296_independent_training_d3_m3_n2000_r0451-0500.csv"
"independent_training_d3_m3_n2000","independent_training",2000,2000,3,3,936032,1000,501,550,"main",300,297,"task0297_independent_training_d3_m3_n2000_r0501-0550.csv"
"independent_training_d3_m3_n2000","independent_training",2000,2000,3,3,936032,1000,551,600,"main",300,298,"task0298_independent_training_d3_m3_n2000_r0551-0600.csv"
"independent_training_d3_m3_n2000","independent_training",2000,2000,3,3,936032,1000,601,650,"main",300,299,"task0299_independent_training_d3_m3_n2000_r0601-0650.csv"
"independent_training_d3_m3_n2000","independent_training",2000,2000,3,3,936032,1000,651,700,"main",300,300,"task0300_independent_training_d3_m3_n2000_r0651-0700.csv"
"independent_training_d3_m3_n2000","independent_training",2000,2000,3,3,936032,1000,701,750,"main",300,301,"task0301_independent_training_d3_m3_n2000_r0701-0750.csv"
"independent_training_d3_m3_n2000","independent_training",2000,2000,3,3,936032,1000,751,800,"main",300,302,"task0302_independent_training_d3_m3_n2000_r0751-0800.csv"
"independent_training_d3_m3_n2000","independent_training",2000,2000,3,3,936032,1000,801,850,"main",300,303,"task0303_independent_training_d3_m3_n2000_r0801-0850.csv"
"independent_training_d3_m3_n2000","independent_training",2000,2000,3,3,936032,1000,851,900,"main",300,304,"task0304_independent_training_d3_m3_n2000_r0851-0900.csv"
"independent_training_d3_m3_n2000","independent_training",2000,2000,3,3,936032,1000,901,950,"main",300,305,"task0305_independent_training_d3_m3_n2000_r0901-0950.csv"
"independent_training_d3_m3_n2000","independent_training",2000,2000,3,3,936032,1000,951,1000,"main",300,306,"task0306_independent_training_d3_m3_n2000_r0951-1000.csv"
"independent_training_d5_m3_n2000","independent_training",2000,2000,5,3,936033,1000,6,55,"main",300,307,"task0307_independent_training_d5_m3_n2000_r0006-0055.csv"
"independent_training_d5_m3_n2000","independent_training",2000,2000,5,3,936033,1000,56,105,"main",300,308,"task0308_independent_training_d5_m3_n2000_r0056-0105.csv"
"independent_training_d5_m3_n2000","independent_training",2000,2000,5,3,936033,1000,106,155,"main",300,309,"task0309_independent_training_d5_m3_n2000_r0106-0155.csv"
"independent_training_d5_m3_n2000","independent_training",2000,2000,5,3,936033,1000,156,205,"main",300,310,"task0310_independent_training_d5_m3_n2000_r0156-0205.csv"
"independent_training_d5_m3_n2000","independent_training",2000,2000,5,3,936033,1000,206,255,"main",300,311,"task0311_independent_training_d5_m3_n2000_r0206-0255.csv"
"independent_training_d5_m3_n2000","independent_training",2000,2000,5,3,936033,1000,256,305,"main",300,312,"task0312_independent_training_d5_m3_n2000_r0256-0305.csv"
"independent_training_d5_m3_n2000","independent_training",2000,2000,5,3,936033,1000,306,355,"main",300,313,"task0313_independent_training_d5_m3_n2000_r0306-0355.csv"
"independent_training_d5_m3_n2000","independent_training",2000,2000,5,3,936033,1000,356,405,"main",300,314,"task0314_independent_training_d5_m3_n2000_r0356-0405.csv"
"independent_training_d5_m3_n2000","independent_training",2000,2000,5,3,936033,1000,406,455,"main",300,315,"task0315_independent_training_d5_m3_n2000_r0406-0455.csv"
"independent_training_d5_m3_n2000","independent_training",2000,2000,5,3,936033,1000,456,505,"main",300,316,"task0316_independent_training_d5_m3_n2000_r0456-0505.csv"
"independent_training_d5_m3_n2000","independent_training",2000,2000,5,3,936033,1000,506,555,"main",300,317,"task0317_independent_training_d5_m3_n2000_r0506-0555.csv"
"independent_training_d5_m3_n2000","independent_training",2000,2000,5,3,936033,1000,556,605,"main",300,318,"task0318_independent_training_d5_m3_n2000_r0556-0605.csv"
"independent_training_d5_m3_n2000","independent_training",2000,2000,5,3,936033,1000,606,655,"main",300,319,"task0319_independent_training_d5_m3_n2000_r0606-0655.csv"
"independent_training_d5_m3_n2000","independent_training",2000,2000,5,3,936033,1000,656,705,"main",300,320,"task0320_independent_training_d5_m3_n2000_r0656-0705.csv"
"independent_training_d5_m3_n2000","independent_training",2000,2000,5,3,936033,1000,706,755,"main",300,321,"task0321_independent_training_d5_m3_n2000_r0706-0755.csv"
"independent_training_d5_m3_n2000","independent_training",2000,2000,5,3,936033,1000,756,805,"main",300,322,"task0322_independent_training_d5_m3_n2000_r0756-0805.csv"
"independent_training_d5_m3_n2000","independent_training",2000,2000,5,3,936033,1000,806,855,"main",300,323,"task0323_independent_training_d5_m3_n2000_r0806-0855.csv"
"independent_training_d5_m3_n2000","independent_training",2000,2000,5,3,936033,1000,856,905,"main",300,324,"task0324_independent_training_d5_m3_n2000_r0856-0905.csv"
"independent_training_d5_m3_n2000","independent_training",2000,2000,5,3,936033,1000,906,955,"main",300,325,"task0325_independent_training_d5_m3_n2000_r0906-0955.csv"
"independent_training_d5_m3_n2000","independent_training",2000,2000,5,3,936033,1000,956,1000,"main",270,326,"task0326_independent_training_d5_m3_n2000_r0956-1000.csv"
"estimated_weights_d1_m3_n2000","estimated_weights",2000,2000,1,3,936034,1000,1,50,"main",300,327,"task0327_estimated_weights_d1_m3_n2000_r0001-0050.csv"
"estimated_weights_d1_m3_n2000","estimated_weights",2000,2000,1,3,936034,1000,51,100,"main",300,328,"task0328_estimated_weights_d1_m3_n2000_r0051-0100.csv"
"estimated_weights_d1_m3_n2000","estimated_weights",2000,2000,1,3,936034,1000,101,150,"main",300,329,"task0329_estimated_weights_d1_m3_n2000_r0101-0150.csv"
"estimated_weights_d1_m3_n2000","estimated_weights",2000,2000,1,3,936034,1000,151,200,"main",300,330,"task0330_estimated_weights_d1_m3_n2000_r0151-0200.csv"
"estimated_weights_d1_m3_n2000","estimated_weights",2000,2000,1,3,936034,1000,201,250,"main",300,331,"task0331_estimated_weights_d1_m3_n2000_r0201-0250.csv"
"estimated_weights_d1_m3_n2000","estimated_weights",2000,2000,1,3,936034,1000,251,300,"main",300,332,"task0332_estimated_weights_d1_m3_n2000_r0251-0300.csv"
"estimated_weights_d1_m3_n2000","estimated_weights",2000,2000,1,3,936034,1000,301,350,"main",300,333,"task0333_estimated_weights_d1_m3_n2000_r0301-0350.csv"
"estimated_weights_d1_m3_n2000","estimated_weights",2000,2000,1,3,936034,1000,351,400,"main",300,334,"task0334_estimated_weights_d1_m3_n2000_r0351-0400.csv"
"estimated_weights_d1_m3_n2000","estimated_weights",2000,2000,1,3,936034,1000,401,450,"main",300,335,"task0335_estimated_weights_d1_m3_n2000_r0401-0450.csv"
"estimated_weights_d1_m3_n2000","estimated_weights",2000,2000,1,3,936034,1000,451,500,"main",300,336,"task0336_estimated_weights_d1_m3_n2000_r0451-0500.csv"
"estimated_weights_d1_m3_n2000","estimated_weights",2000,2000,1,3,936034,1000,501,550,"main",300,337,"task0337_estimated_weights_d1_m3_n2000_r0501-0550.csv"
"estimated_weights_d1_m3_n2000","estimated_weights",2000,2000,1,3,936034,1000,551,600,"main",300,338,"task0338_estimated_weights_d1_m3_n2000_r0551-0600.csv"
"estimated_weights_d1_m3_n2000","estimated_weights",2000,2000,1,3,936034,1000,601,650,"main",300,339,"task0339_estimated_weights_d1_m3_n2000_r0601-0650.csv"
"estimated_weights_d1_m3_n2000","estimated_weights",2000,2000,1,3,936034,1000,651,700,"main",300,340,"task0340_estimated_weights_d1_m3_n2000_r0651-0700.csv"
"estimated_weights_d1_m3_n2000","estimated_weights",2000,2000,1,3,936034,1000,701,750,"main",300,341,"task0341_estimated_weights_d1_m3_n2000_r0701-0750.csv"
"estimated_weights_d1_m3_n2000","estimated_weights",2000,2000,1,3,936034,1000,751,800,"main",300,342,"task0342_estimated_weights_d1_m3_n2000_r0751-0800.csv"
"estimated_weights_d1_m3_n2000","estimated_weights",2000,2000,1,3,936034,1000,801,850,"main",300,343,"task0343_estimated_weights_d1_m3_n2000_r0801-0850.csv"
"estimated_weights_d1_m3_n2000","estimated_weights",2000,2000,1,3,936034,1000,851,900,"main",300,344,"task0344_estimated_weights_d1_m3_n2000_r0851-0900.csv"
"estimated_weights_d1_m3_n2000","estimated_weights",2000,2000,1,3,936034,1000,901,950,"main",300,345,"task0345_estimated_weights_d1_m3_n2000_r0901-0950.csv"
"estimated_weights_d1_m3_n2000","estimated_weights",2000,2000,1,3,936034,1000,951,1000,"main",300,346,"task0346_estimated_weights_d1_m3_n2000_r0951-1000.csv"
"estimated_weights_d2_m3_n2000","estimated_weights",2000,2000,2,3,936035,1000,1,50,"main",300,347,"task0347_estimated_weights_d2_m3_n2000_r0001-0050.csv"
"estimated_weights_d2_m3_n2000","estimated_weights",2000,2000,2,3,936035,1000,51,100,"main",300,348,"task0348_estimated_weights_d2_m3_n2000_r0051-0100.csv"
"estimated_weights_d2_m3_n2000","estimated_weights",2000,2000,2,3,936035,1000,101,150,"main",300,349,"task0349_estimated_weights_d2_m3_n2000_r0101-0150.csv"
"estimated_weights_d2_m3_n2000","estimated_weights",2000,2000,2,3,936035,1000,151,200,"main",300,350,"task0350_estimated_weights_d2_m3_n2000_r0151-0200.csv"
"estimated_weights_d2_m3_n2000","estimated_weights",2000,2000,2,3,936035,1000,201,250,"main",300,351,"task0351_estimated_weights_d2_m3_n2000_r0201-0250.csv"
"estimated_weights_d2_m3_n2000","estimated_weights",2000,2000,2,3,936035,1000,251,300,"main",300,352,"task0352_estimated_weights_d2_m3_n2000_r0251-0300.csv"
"estimated_weights_d2_m3_n2000","estimated_weights",2000,2000,2,3,936035,1000,301,350,"main",300,353,"task0353_estimated_weights_d2_m3_n2000_r0301-0350.csv"
"estimated_weights_d2_m3_n2000","estimated_weights",2000,2000,2,3,936035,1000,351,400,"main",300,354,"task0354_estimated_weights_d2_m3_n2000_r0351-0400.csv"
"estimated_weights_d2_m3_n2000","estimated_weights",2000,2000,2,3,936035,1000,401,450,"main",300,355,"task0355_estimated_weights_d2_m3_n2000_r0401-0450.csv"
"estimated_weights_d2_m3_n2000","estimated_weights",2000,2000,2,3,936035,1000,451,500,"main",300,356,"task0356_estimated_weights_d2_m3_n2000_r0451-0500.csv"
"estimated_weights_d2_m3_n2000","estimated_weights",2000,2000,2,3,936035,1000,501,550,"main",300,357,"task0357_estimated_weights_d2_m3_n2000_r0501-0550.csv"
"estimated_weights_d2_m3_n2000","estimated_weights",2000,2000,2,3,936035,1000,551,600,"main",300,358,"task0358_estimated_weights_d2_m3_n2000_r0551-0600.csv"
"estimated_weights_d2_m3_n2000","estimated_weights",2000,2000,2,3,936035,1000,601,650,"main",300,359,"task0359_estimated_weights_d2_m3_n2000_r0601-0650.csv"
"estimated_weights_d2_m3_n2000","estimated_weights",2000,2000,2,3,936035,1000,651,700,"main",300,360,"task0360_estimated_weights_d2_m3_n2000_r0651-0700.csv"
"estimated_weights_d2_m3_n2000","estimated_weights",2000,2000,2,3,936035,1000,701,750,"main",300,361,"task0361_estimated_weights_d2_m3_n2000_r0701-0750.csv"
"estimated_weights_d2_m3_n2000","estimated_weights",2000,2000,2,3,936035,1000,751,800,"main",300,362,"task0362_estimated_weights_d2_m3_n2000_r0751-0800.csv"
"estimated_weights_d2_m3_n2000","estimated_weights",2000,2000,2,3,936035,1000,801,850,"main",300,363,"task0363_estimated_weights_d2_m3_n2000_r0801-0850.csv"
"estimated_weights_d2_m3_n2000","estimated_weights",2000,2000,2,3,936035,1000,851,900,"main",300,364,"task0364_estimated_weights_d2_m3_n2000_r0851-0900.csv"
"estimated_weights_d2_m3_n2000","estimated_weights",2000,2000,2,3,936035,1000,901,950,"main",300,365,"task0365_estimated_weights_d2_m3_n2000_r0901-0950.csv"
"estimated_weights_d2_m3_n2000","estimated_weights",2000,2000,2,3,936035,1000,951,1000,"main",300,366,"task0366_estimated_weights_d2_m3_n2000_r0951-1000.csv"
"estimated_weights_d3_m3_n2000","estimated_weights",2000,2000,3,3,936036,1000,1,50,"main",300,367,"task0367_estimated_weights_d3_m3_n2000_r0001-0050.csv"
"estimated_weights_d3_m3_n2000","estimated_weights",2000,2000,3,3,936036,1000,51,100,"main",300,368,"task0368_estimated_weights_d3_m3_n2000_r0051-0100.csv"
"estimated_weights_d3_m3_n2000","estimated_weights",2000,2000,3,3,936036,1000,101,150,"main",300,369,"task0369_estimated_weights_d3_m3_n2000_r0101-0150.csv"
"estimated_weights_d3_m3_n2000","estimated_weights",2000,2000,3,3,936036,1000,151,200,"main",300,370,"task0370_estimated_weights_d3_m3_n2000_r0151-0200.csv"
"estimated_weights_d3_m3_n2000","estimated_weights",2000,2000,3,3,936036,1000,201,250,"main",300,371,"task0371_estimated_weights_d3_m3_n2000_r0201-0250.csv"
"estimated_weights_d3_m3_n2000","estimated_weights",2000,2000,3,3,936036,1000,251,300,"main",300,372,"task0372_estimated_weights_d3_m3_n2000_r0251-0300.csv"
"estimated_weights_d3_m3_n2000","estimated_weights",2000,2000,3,3,936036,1000,301,350,"main",300,373,"task0373_estimated_weights_d3_m3_n2000_r0301-0350.csv"
"estimated_weights_d3_m3_n2000","estimated_weights",2000,2000,3,3,936036,1000,351,400,"main",300,374,"task0374_estimated_weights_d3_m3_n2000_r0351-0400.csv"
"estimated_weights_d3_m3_n2000","estimated_weights",2000,2000,3,3,936036,1000,401,450,"main",300,375,"task0375_estimated_weights_d3_m3_n2000_r0401-0450.csv"
"estimated_weights_d3_m3_n2000","estimated_weights",2000,2000,3,3,936036,1000,451,500,"main",300,376,"task0376_estimated_weights_d3_m3_n2000_r0451-0500.csv"
"estimated_weights_d3_m3_n2000","estimated_weights",2000,2000,3,3,936036,1000,501,550,"main",300,377,"task0377_estimated_weights_d3_m3_n2000_r0501-0550.csv"
"estimated_weights_d3_m3_n2000","estimated_weights",2000,2000,3,3,936036,1000,551,600,"main",300,378,"task0378_estimated_weights_d3_m3_n2000_r0551-0600.csv"
"estimated_weights_d3_m3_n2000","estimated_weights",2000,2000,3,3,936036,1000,601,650,"main",300,379,"task0379_estimated_weights_d3_m3_n2000_r0601-0650.csv"
"estimated_weights_d3_m3_n2000","estimated_weights",2000,2000,3,3,936036,1000,651,700,"main",300,380,"task0380_estimated_weights_d3_m3_n2000_r0651-0700.csv"
"estimated_weights_d3_m3_n2000","estimated_weights",2000,2000,3,3,936036,1000,701,750,"main",300,381,"task0381_estimated_weights_d3_m3_n2000_r0701-0750.csv"
"estimated_weights_d3_m3_n2000","estimated_weights",2000,2000,3,3,936036,1000,751,800,"main",300,382,"task0382_estimated_weights_d3_m3_n2000_r0751-0800.csv"
"estimated_weights_d3_m3_n2000","estimated_weights",2000,2000,3,3,936036,1000,801,850,"main",300,383,"task0383_estimated_weights_d3_m3_n2000_r0801-0850.csv"
"estimated_weights_d3_m3_n2000","estimated_weights",2000,2000,3,3,936036,1000,851,900,"main",300,384,"task0384_estimated_weights_d3_m3_n2000_r0851-0900.csv"
"estimated_weights_d3_m3_n2000","estimated_weights",2000,2000,3,3,936036,1000,901,950,"main",300,385,"task0385_estimated_weights_d3_m3_n2000_r0901-0950.csv"
"estimated_weights_d3_m3_n2000","estimated_weights",2000,2000,3,3,936036,1000,951,1000,"main",300,386,"task0386_estimated_weights_d3_m3_n2000_r0951-1000.csv"
"estimated_weights_d5_m3_n2000","estimated_weights",2000,2000,5,3,936037,1000,6,55,"main",300,387,"task0387_estimated_weights_d5_m3_n2000_r0006-0055.csv"
"estimated_weights_d5_m3_n2000","estimated_weights",2000,2000,5,3,936037,1000,56,105,"main",300,388,"task0388_estimated_weights_d5_m3_n2000_r0056-0105.csv"
"estimated_weights_d5_m3_n2000","estimated_weights",2000,2000,5,3,936037,1000,106,155,"main",300,389,"task0389_estimated_weights_d5_m3_n2000_r0106-0155.csv"
"estimated_weights_d5_m3_n2000","estimated_weights",2000,2000,5,3,936037,1000,156,205,"main",300,390,"task0390_estimated_weights_d5_m3_n2000_r0156-0205.csv"
"estimated_weights_d5_m3_n2000","estimated_weights",2000,2000,5,3,936037,1000,206,255,"main",300,391,"task0391_estimated_weights_d5_m3_n2000_r0206-0255.csv"
"estimated_weights_d5_m3_n2000","estimated_weights",2000,2000,5,3,936037,1000,256,305,"main",300,392,"task0392_estimated_weights_d5_m3_n2000_r0256-0305.csv"
"estimated_weights_d5_m3_n2000","estimated_weights",2000,2000,5,3,936037,1000,306,355,"main",300,393,"task0393_estimated_weights_d5_m3_n2000_r0306-0355.csv"
"estimated_weights_d5_m3_n2000","estimated_weights",2000,2000,5,3,936037,1000,356,405,"main",300,394,"task0394_estimated_weights_d5_m3_n2000_r0356-0405.csv"
"estimated_weights_d5_m3_n2000","estimated_weights",2000,2000,5,3,936037,1000,406,455,"main",300,395,"task0395_estimated_weights_d5_m3_n2000_r0406-0455.csv"
"estimated_weights_d5_m3_n2000","estimated_weights",2000,2000,5,3,936037,1000,456,505,"main",300,396,"task0396_estimated_weights_d5_m3_n2000_r0456-0505.csv"
"estimated_weights_d5_m3_n2000","estimated_weights",2000,2000,5,3,936037,1000,506,555,"main",300,397,"task0397_estimated_weights_d5_m3_n2000_r0506-0555.csv"
"estimated_weights_d5_m3_n2000","estimated_weights",2000,2000,5,3,936037,1000,556,605,"main",300,398,"task0398_estimated_weights_d5_m3_n2000_r0556-0605.csv"
"estimated_weights_d5_m3_n2000","estimated_weights",2000,2000,5,3,936037,1000,606,655,"main",300,399,"task0399_estimated_weights_d5_m3_n2000_r0606-0655.csv"
"estimated_weights_d5_m3_n2000","estimated_weights",2000,2000,5,3,936037,1000,656,705,"main",300,400,"task0400_estimated_weights_d5_m3_n2000_r0656-0705.csv"
"estimated_weights_d5_m3_n2000","estimated_weights",2000,2000,5,3,936037,1000,706,755,"main",300,401,"task0401_estimated_weights_d5_m3_n2000_r0706-0755.csv"
"estimated_weights_d5_m3_n2000","estimated_weights",2000,2000,5,3,936037,1000,756,805,"main",300,402,"task0402_estimated_weights_d5_m3_n2000_r0756-0805.csv"
"estimated_weights_d5_m3_n2000","estimated_weights",2000,2000,5,3,936037,1000,806,855,"main",300,403,"task0403_estimated_weights_d5_m3_n2000_r0806-0855.csv"
"estimated_weights_d5_m3_n2000","estimated_weights",2000,2000,5,3,936037,1000,856,905,"main",300,404,"task0404_estimated_weights_d5_m3_n2000_r0856-0905.csv"
"estimated_weights_d5_m3_n2000","estimated_weights",2000,2000,5,3,936037,1000,906,955,"main",300,405,"task0405_estimated_weights_d5_m3_n2000_r0906-0955.csv"
"estimated_weights_d5_m3_n2000","estimated_weights",2000,2000,5,3,936037,1000,956,1000,"main",270,406,"task0406_estimated_weights_d5_m3_n2000_r0956-1000.csv"
"gaussian_same_sample_d1_m1_n2000","gaussian_same_sample",2000,2000,1,1,936038,1000,1,50,"main",300,407,"task0407_gaussian_same_sample_d1_m1_n2000_r0001-0050.csv"
"gaussian_same_sample_d1_m1_n2000","gaussian_same_sample",2000,2000,1,1,936038,1000,51,100,"main",300,408,"task0408_gaussian_same_sample_d1_m1_n2000_r0051-0100.csv"
"gaussian_same_sample_d1_m1_n2000","gaussian_same_sample",2000,2000,1,1,936038,1000,101,150,"main",300,409,"task0409_gaussian_same_sample_d1_m1_n2000_r0101-0150.csv"
"gaussian_same_sample_d1_m1_n2000","gaussian_same_sample",2000,2000,1,1,936038,1000,151,200,"main",300,410,"task0410_gaussian_same_sample_d1_m1_n2000_r0151-0200.csv"
"gaussian_same_sample_d1_m1_n2000","gaussian_same_sample",2000,2000,1,1,936038,1000,201,250,"main",300,411,"task0411_gaussian_same_sample_d1_m1_n2000_r0201-0250.csv"
"gaussian_same_sample_d1_m1_n2000","gaussian_same_sample",2000,2000,1,1,936038,1000,251,300,"main",300,412,"task0412_gaussian_same_sample_d1_m1_n2000_r0251-0300.csv"
"gaussian_same_sample_d1_m1_n2000","gaussian_same_sample",2000,2000,1,1,936038,1000,301,350,"main",300,413,"task0413_gaussian_same_sample_d1_m1_n2000_r0301-0350.csv"
"gaussian_same_sample_d1_m1_n2000","gaussian_same_sample",2000,2000,1,1,936038,1000,351,400,"main",300,414,"task0414_gaussian_same_sample_d1_m1_n2000_r0351-0400.csv"
"gaussian_same_sample_d1_m1_n2000","gaussian_same_sample",2000,2000,1,1,936038,1000,401,450,"main",300,415,"task0415_gaussian_same_sample_d1_m1_n2000_r0401-0450.csv"
"gaussian_same_sample_d1_m1_n2000","gaussian_same_sample",2000,2000,1,1,936038,1000,451,500,"main",300,416,"task0416_gaussian_same_sample_d1_m1_n2000_r0451-0500.csv"
"gaussian_same_sample_d1_m1_n2000","gaussian_same_sample",2000,2000,1,1,936038,1000,501,550,"main",300,417,"task0417_gaussian_same_sample_d1_m1_n2000_r0501-0550.csv"
"gaussian_same_sample_d1_m1_n2000","gaussian_same_sample",2000,2000,1,1,936038,1000,551,600,"main",300,418,"task0418_gaussian_same_sample_d1_m1_n2000_r0551-0600.csv"
"gaussian_same_sample_d1_m1_n2000","gaussian_same_sample",2000,2000,1,1,936038,1000,601,650,"main",300,419,"task0419_gaussian_same_sample_d1_m1_n2000_r0601-0650.csv"
"gaussian_same_sample_d1_m1_n2000","gaussian_same_sample",2000,2000,1,1,936038,1000,651,700,"main",300,420,"task0420_gaussian_same_sample_d1_m1_n2000_r0651-0700.csv"
"gaussian_same_sample_d1_m1_n2000","gaussian_same_sample",2000,2000,1,1,936038,1000,701,750,"main",300,421,"task0421_gaussian_same_sample_d1_m1_n2000_r0701-0750.csv"
"gaussian_same_sample_d1_m1_n2000","gaussian_same_sample",2000,2000,1,1,936038,1000,751,800,"main",300,422,"task0422_gaussian_same_sample_d1_m1_n2000_r0751-0800.csv"
"gaussian_same_sample_d1_m1_n2000","gaussian_same_sample",2000,2000,1,1,936038,1000,801,850,"main",300,423,"task0423_gaussian_same_sample_d1_m1_n2000_r0801-0850.csv"
"gaussian_same_sample_d1_m1_n2000","gaussian_same_sample",2000,2000,1,1,936038,1000,851,900,"main",300,424,"task0424_gaussian_same_sample_d1_m1_n2000_r0851-0900.csv"
"gaussian_same_sample_d1_m1_n2000","gaussian_same_sample",2000,2000,1,1,936038,1000,901,950,"main",300,425,"task0425_gaussian_same_sample_d1_m1_n2000_r0901-0950.csv"
"gaussian_same_sample_d1_m1_n2000","gaussian_same_sample",2000,2000,1,1,936038,1000,951,1000,"main",300,426,"task0426_gaussian_same_sample_d1_m1_n2000_r0951-1000.csv"
"gaussian_same_sample_d1_m3_n2000","gaussian_same_sample",2000,2000,1,3,936039,1000,6,55,"main",300,427,"task0427_gaussian_same_sample_d1_m3_n2000_r0006-0055.csv"
"gaussian_same_sample_d1_m3_n2000","gaussian_same_sample",2000,2000,1,3,936039,1000,56,105,"main",300,428,"task0428_gaussian_same_sample_d1_m3_n2000_r0056-0105.csv"
"gaussian_same_sample_d1_m3_n2000","gaussian_same_sample",2000,2000,1,3,936039,1000,106,155,"main",300,429,"task0429_gaussian_same_sample_d1_m3_n2000_r0106-0155.csv"
"gaussian_same_sample_d1_m3_n2000","gaussian_same_sample",2000,2000,1,3,936039,1000,156,205,"main",300,430,"task0430_gaussian_same_sample_d1_m3_n2000_r0156-0205.csv"
"gaussian_same_sample_d1_m3_n2000","gaussian_same_sample",2000,2000,1,3,936039,1000,206,255,"main",300,431,"task0431_gaussian_same_sample_d1_m3_n2000_r0206-0255.csv"
"gaussian_same_sample_d1_m3_n2000","gaussian_same_sample",2000,2000,1,3,936039,1000,256,305,"main",300,432,"task0432_gaussian_same_sample_d1_m3_n2000_r0256-0305.csv"
"gaussian_same_sample_d1_m3_n2000","gaussian_same_sample",2000,2000,1,3,936039,1000,306,355,"main",300,433,"task0433_gaussian_same_sample_d1_m3_n2000_r0306-0355.csv"
"gaussian_same_sample_d1_m3_n2000","gaussian_same_sample",2000,2000,1,3,936039,1000,356,405,"main",300,434,"task0434_gaussian_same_sample_d1_m3_n2000_r0356-0405.csv"
"gaussian_same_sample_d1_m3_n2000","gaussian_same_sample",2000,2000,1,3,936039,1000,406,455,"main",300,435,"task0435_gaussian_same_sample_d1_m3_n2000_r0406-0455.csv"
"gaussian_same_sample_d1_m3_n2000","gaussian_same_sample",2000,2000,1,3,936039,1000,456,505,"main",300,436,"task0436_gaussian_same_sample_d1_m3_n2000_r0456-0505.csv"
"gaussian_same_sample_d1_m3_n2000","gaussian_same_sample",2000,2000,1,3,936039,1000,506,555,"main",300,437,"task0437_gaussian_same_sample_d1_m3_n2000_r0506-0555.csv"
"gaussian_same_sample_d1_m3_n2000","gaussian_same_sample",2000,2000,1,3,936039,1000,556,605,"main",300,438,"task0438_gaussian_same_sample_d1_m3_n2000_r0556-0605.csv"
"gaussian_same_sample_d1_m3_n2000","gaussian_same_sample",2000,2000,1,3,936039,1000,606,655,"main",300,439,"task0439_gaussian_same_sample_d1_m3_n2000_r0606-0655.csv"
"gaussian_same_sample_d1_m3_n2000","gaussian_same_sample",2000,2000,1,3,936039,1000,656,705,"main",300,440,"task0440_gaussian_same_sample_d1_m3_n2000_r0656-0705.csv"
"gaussian_same_sample_d1_m3_n2000","gaussian_same_sample",2000,2000,1,3,936039,1000,706,755,"main",300,441,"task0441_gaussian_same_sample_d1_m3_n2000_r0706-0755.csv"
"gaussian_same_sample_d1_m3_n2000","gaussian_same_sample",2000,2000,1,3,936039,1000,756,805,"main",300,442,"task0442_gaussian_same_sample_d1_m3_n2000_r0756-0805.csv"
"gaussian_same_sample_d1_m3_n2000","gaussian_same_sample",2000,2000,1,3,936039,1000,806,855,"main",300,443,"task0443_gaussian_same_sample_d1_m3_n2000_r0806-0855.csv"
"gaussian_same_sample_d1_m3_n2000","gaussian_same_sample",2000,2000,1,3,936039,1000,856,905,"main",300,444,"task0444_gaussian_same_sample_d1_m3_n2000_r0856-0905.csv"
"gaussian_same_sample_d1_m3_n2000","gaussian_same_sample",2000,2000,1,3,936039,1000,906,955,"main",300,445,"task0445_gaussian_same_sample_d1_m3_n2000_r0906-0955.csv"
"gaussian_same_sample_d1_m3_n2000","gaussian_same_sample",2000,2000,1,3,936039,1000,956,1000,"main",270,446,"task0446_gaussian_same_sample_d1_m3_n2000_r0956-1000.csv"
