"sampling_design","overlap","estimand","method","scope","requested","denominator","unavailable_pairs","analytic_mean_variance","refit_mean_variance","ratio_of_means","mean_individual_variance_ratio","mean_individual_ratio_mcse"
"retrospective","GoodOverlap","PATE","WM_PS_analytic_M3","conditional_on_common_available_positive_variance_pairs",1000,1000,0,0.0032610810362489,0.0032301020303619,1.00959072053941,1.01982398402112,0.00329715810891326
"prospective","GoodOverlap","PATE","WM_PS_analytic_M3","conditional_on_common_available_positive_variance_pairs",1000,1000,0,0.00310146037359783,0.00308154914085423,1.00646143606137,1.01626036901235,0.00326847899030184
"retrospective","PoorOverlap","PATE","WM_PS_analytic_M3","conditional_on_common_available_positive_variance_pairs",1000,1000,0,0.0263890257624816,0.0259384701872635,1.01737016762998,1.0209391517655,0.00338022586079335
"prospective","PoorOverlap","PATE","WM_PS_analytic_M3","conditional_on_common_available_positive_variance_pairs",1000,1000,0,0.0249562603502129,0.0246979574472077,1.01045847226668,1.01852307569755,0.00349627705484155
"retrospective","GoodOverlap","PATT","WM_PS_analytic_M3","conditional_on_common_available_positive_variance_pairs",1000,1000,0,0.0027029129928352,0.00270130910435341,1.00059374489177,1.01046698415707,0.00317437987069157
"prospective","GoodOverlap","PATT","WM_PS_analytic_M3","conditional_on_common_available_positive_variance_pairs",1000,1000,0,0.00350553870843493,0.00348926957029857,1.00466262001504,1.01483246035444,0.0032253832633914
"retrospective","PoorOverlap","PATT","WM_PS_analytic_M3","conditional_on_common_available_positive_variance_pairs",1000,1000,0,0.0090078301647011,0.00896559433504311,1.00471087895343,1.01230260453923,0.00328232905459332
"prospective","PoorOverlap","PATT","WM_PS_analytic_M3","conditional_on_common_available_positive_variance_pairs",1000,1000,0,0.0127766815689151,0.0126851796908056,1.0072132898658,1.01834320787702,0.00336667013300627
"retrospective","GoodOverlap","PATE","WM_X6_analytic_M3","conditional_on_common_available_positive_variance_pairs",1000,1000,0,0.00300327703235924,0.00303300801828832,0.99019752478404,1.00009208834693,0.00317463581902275
"prospective","GoodOverlap","PATE","WM_X6_analytic_M3","conditional_on_common_available_positive_variance_pairs",1000,1000,0,0.00292513127434951,0.00294667789691971,0.992687825638246,1.00286792550759,0.00323107469736468
"retrospective","PoorOverlap","PATE","WM_X6_analytic_M3","conditional_on_common_available_positive_variance_pairs",1000,1000,0,0.0123835268817609,0.0128125853169534,0.966512735363037,0.975485775804521,0.00318601034082312
"prospective","PoorOverlap","PATE","WM_X6_analytic_M3","conditional_on_common_available_positive_variance_pairs",1000,1000,0,0.0126992661550885,0.0131161890854341,0.968213104612178,0.976891297919154,0.00315979383977655
"retrospective","GoodOverlap","PATT","WM_X6_analytic_M3","conditional_on_common_available_positive_variance_pairs",1000,1000,0,0.00266466510996227,0.00266597706620652,0.999507889148454,1.00947575429089,0.00317267262368188
"prospective","GoodOverlap","PATT","WM_X6_analytic_M3","conditional_on_common_available_positive_variance_pairs",1000,1000,0,0.003453750955643,0.00345150997612526,1.00064927510952,1.01069900551614,0.00320903540006922
"retrospective","PoorOverlap","PATT","WM_X6_analytic_M3","conditional_on_common_available_positive_variance_pairs",1000,1000,0,0.00492045028565312,0.00497726242721638,0.988585664832015,0.99853023493436,0.0032333406321869
"prospective","PoorOverlap","PATT","WM_X6_analytic_M3","conditional_on_common_available_positive_variance_pairs",1000,1000,0,0.00665629408906073,0.00665470025771341,1.0002395046036,1.01028771479987,0.0032924364410783
