"sampling_design","overlap","estimand","method","inference","requested","received","target","point_available","point_failed","interval_available","interval_failed","point_metric_scope","relative_bias_status","mean_estimate","signed_bias","signed_relative_bias_percent","signed_relative_bias_mcse","empirical_variance","empirical_variance_divisor","empirical_variance_mcse","operational_coverage","coverage_denominator","operational_coverage_mcse","interval_availability","availability_mcse","mean_reported_variance_all_requested","variance_calibration_ratio","variance_calibration_mcse_delta","calibration_status","reference_method","reference_scenario","relative_efficiency_mcse","relative_efficiency","reference_empirical_variance","relative_efficiency_status"
"retrospective","GoodOverlap","PATE","WM_PS_analytic_M3","analytic",1000,1000,0.866391828860284,1000,0,1000,0,"all_requested","defined",0.865783746971002,-0.000608081889282067,-0.0701855521977837,0.210974538078694,0.00334109469481359,"R_minus_1",0.000151747597911916,0.94,1000,0.00750999334220744,1,0,0.0032610810362489,0.976051663938498,0.0443144194291395,"all_requested","PSM_M1","CorCor",0.118114840546591,2.14433498534434,0.00716442624343717,"original_point_report:defined"
"retrospective","GoodOverlap","PATE","WM_PS_analytic_M3","original_refit",1000,1000,0.866391828860284,1000,0,1000,0,"all_requested","defined",0.865783746971002,-0.000608081889282067,-0.0701855521977837,0.210974538078694,0.00334109469481359,"R_minus_1",0.000151747597911916,0.939,1000,0.00756828910652864,1,0,0.0032301020303619,0.966779551437442,0.0439995576197231,"all_requested","PSM_M1","CorCor",0.118114840546591,2.14433498534434,0.00716442624343717,"original_point_report:defined"
"prospective","GoodOverlap","PATE","WM_PS_analytic_M3","analytic",1000,1000,0.866391828860284,1000,0,1000,0,"all_requested","defined",0.859632135095216,-0.00675969376506814,-0.780212086482896,0.214407773251325,0.00345072021703037,"R_minus_1",0.000150278027087227,0.934,1000,0.00785136930732467,1,0,0.00310146037359783,0.898786391980192,0.0393501878269778,"all_requested","PSM_M1","CorCor",0.110621565270956,2.19597849118887,0.00757770737570927,"original_point_report:defined"
"prospective","GoodOverlap","PATE","WM_PS_analytic_M3","original_refit",1000,1000,0.866391828860284,1000,0,1000,0,"all_requested","defined",0.859632135095216,-0.00675969376506814,-0.780212086482896,0.214407773251325,0.00345072021703037,"R_minus_1",0.000150278027087227,0.93,1000,0.00806845710157772,1,0,0.00308154914085423,0.893016224742254,0.0392586289195028,"all_requested","PSM_M1","CorCor",0.110621565270956,2.19597849118887,0.00757770737570927,"original_point_report:defined"
"retrospective","PoorOverlap","PATE","WM_PS_analytic_M3","analytic",1000,1000,0.866391828860284,1000,0,1000,0,"all_requested","defined",0.859393965666886,-0.00699786319339792,-0.807701891949215,0.584419034098681,0.0256376019095334,"R_minus_1",0.00128353886088961,0.959,1000,0.00627048642451286,1,0,0.0263890257624816,1.02930944382394,0.0447315501157865,"all_requested","PSM_M1","CorCor",0.250929348604522,3.85576356022505,0.0988525312143353,"original_point_report:defined"
"retrospective","PoorOverlap","PATE","WM_PS_analytic_M3","original_refit",1000,1000,0.866391828860284,1000,0,1000,0,"all_requested","defined",0.859393965666886,-0.00699786319339792,-0.807701891949215,0.584419034098681,0.0256376019095334,"R_minus_1",0.00128353886088961,0.956,1000,0.00648567652600714,1,0,0.0259384701872635,1.01173542981093,0.0446545572158834,"all_requested","PSM_M1","CorCor",0.250929348604522,3.85576356022505,0.0988525312143353,"original_point_report:defined"
"prospective","PoorOverlap","PATE","WM_PS_analytic_M3","analytic",1000,1000,0.866391828860284,1000,0,1000,0,"all_requested","defined",0.853923160363282,-0.0124686684970021,-1.43914890257036,0.564688974465477,0.0239357649753303,"R_minus_1",0.00105989301343938,0.957,1000,0.00641490451994416,1,0,0.0249562603502129,1.04263475079799,0.0417866205427734,"all_requested","PSM_M1","CorCor",0.326104879844248,5.26049928344945,0.12591407450154,"original_point_report:defined"
"prospective","PoorOverlap","PATE","WM_PS_analytic_M3","original_refit",1000,1000,0.866391828860284,1000,0,1000,0,"all_requested","defined",0.853923160363282,-0.0124686684970021,-1.43914890257036,0.564688974465477,0.0239357649753303,"R_minus_1",0.00105989301343938,0.954,1000,0.00662449998113065,1,0,0.0246979574472077,1.03184324681759,0.0415597208041608,"all_requested","PSM_M1","CorCor",0.326104879844248,5.26049928344945,0.12591407450154,"original_point_report:defined"
"retrospective","GoodOverlap","PATT","WM_PS_analytic_M3","analytic",1000,1000,1.03507218631865,1000,0,1000,0,"all_requested","defined",1.03314325901785,-0.00192892730080185,-0.186356790018897,0.164461306486425,0.00289780227732356,"R_minus_1",0.000123699049742559,0.95,1000,0.00689202437604511,1,0,0.0027029129928352,0.932745830861738,0.0398104502138766,"all_requested","PSM_M1","CorCor",0.117786594686648,2.27071114964231,0.00658007194057743,"original_point_report:defined"
"retrospective","GoodOverlap","PATT","WM_PS_analytic_M3","original_refit",1000,1000,1.03507218631865,1000,0,1000,0,"all_requested","defined",1.03314325901785,-0.00192892730080185,-0.186356790018897,0.164461306486425,0.00289780227732356,"R_minus_1",0.000123699049742559,0.946,1000,0.00714730718522718,1,0,0.00270130910435341,0.932192346417908,0.0399637114668567,"all_requested","PSM_M1","CorCor",0.117786594686648,2.27071114964231,0.00658007194057743,"original_point_report:defined"
"prospective","GoodOverlap","PATT","WM_PS_analytic_M3","analytic",1000,1000,1.03507218631865,1000,0,1000,0,"all_requested","defined",1.02767046258631,-0.0074017237323447,-0.715092515302701,0.1919424531506,0.00394714753467107,"R_minus_1",0.00017700414849086,0.941,1000,0.00745110730026082,1,0,0.00350553870843493,0.888119503424403,0.0397198878498182,"all_requested","PSM_M1","CorCor",0.0810334136334933,1.5383510334476,0.00607209848913143,"original_point_report:defined"
"prospective","GoodOverlap","PATT","WM_PS_analytic_M3","original_refit",1000,1000,1.03507218631865,1000,0,1000,0,"all_requested","defined",1.02767046258631,-0.0074017237323447,-0.715092515302701,0.1919424531506,0.00394714753467107,"R_minus_1",0.00017700414849086,0.94,1000,0.00750999334220744,1,0,0.00348926957029857,0.883997757785698,0.03963110366836,"all_requested","PSM_M1","CorCor",0.0810334136334933,1.5383510334476,0.00607209848913143,"original_point_report:defined"
"retrospective","PoorOverlap","PATT","WM_PS_analytic_M3","analytic",1000,1000,1.18185416619657,1000,0,1000,0,"all_requested","defined",1.1791604697076,-0.00269369648897298,-0.227921224633138,0.251821639844987,0.00885755538041817,"R_minus_1",0.000423747690347618,0.953,1000,0.00669260786241059,1,0,0.0090078301647011,1.01696571772107,0.0452791622998565,"all_requested","PSM_M1","CorCor",0.417602924967481,6.28255649130058,0.0556480920523005,"original_point_report:defined"
"retrospective","PoorOverlap","PATT","WM_PS_analytic_M3","original_refit",1000,1000,1.18185416619657,1000,0,1000,0,"all_requested","defined",1.1791604697076,-0.00269369648897298,-0.227921224633138,0.251821639844987,0.00885755538041817,"R_minus_1",0.000423747690347618,0.948,1000,0.00702111102319284,1,0,0.00896559433504311,1.01219737839447,0.0452508758158364,"all_requested","PSM_M1","CorCor",0.417602924967481,6.28255649130058,0.0556480920523005,"original_point_report:defined"
"prospective","PoorOverlap","PATT","WM_PS_analytic_M3","analytic",1000,1000,1.18185416619657,1000,0,1000,0,"all_requested","defined",1.17036527816993,-0.011488888026638,-0.972107080149439,0.319143022426201,0.0142265137626997,"R_minus_1",0.000618289478238618,0.94,1000,0.00750999334220744,1,0,0.0127766815689151,0.898089425282401,0.0354136844645175,"all_requested","PSM_M1","CorCor",0.219283726694016,3.63389574608081,0.0516976678438343,"original_point_report:defined"
"prospective","PoorOverlap","PATT","WM_PS_analytic_M3","original_refit",1000,1000,1.18185416619657,1000,0,1000,0,"all_requested","defined",1.17036527816993,-0.011488888026638,-0.972107080149439,0.319143022426201,0.0142265137626997,"R_minus_1",0.000618289478238618,0.938,1000,0.00762600813007697,1,0,0.0126851796908056,0.891657640262137,0.0355038635614698,"all_requested","PSM_M1","CorCor",0.219283726694016,3.63389574608081,0.0516976678438343,"original_point_report:defined"
"retrospective","GoodOverlap","PATE","WM_X6_analytic_M3","analytic",1000,1000,0.866391828860284,1000,0,1000,0,"all_requested","defined",0.865516693000621,-0.000875135859662649,-0.101009246683901,0.207367845173773,0.00322783647604493,"R_minus_1",0.000143079483566619,0.938,1000,0.00762600813007697,1,0,0.00300327703235924,0.930430353163104,0.0412810389639036,"all_requested","PSM_M1","CorCor",0.120539007771833,2.21957533989321,0.00716442624343717,"original_point_report:defined"
"retrospective","GoodOverlap","PATE","WM_X6_analytic_M3","original_refit",1000,1000,0.866391828860284,1000,0,1000,0,"all_requested","defined",0.865516693000621,-0.000875135859662649,-0.101009246683901,0.207367845173773,0.00322783647604493,"R_minus_1",0.000143079483566619,0.935,1000,0.0077958322198467,1,0,0.00303300801828832,0.939641162369123,0.0418273465836978,"all_requested","PSM_M1","CorCor",0.120539007771833,2.21957533989321,0.00716442624343717,"original_point_report:defined"
"prospective","GoodOverlap","PATE","WM_X6_analytic_M3","analytic",1000,1000,0.866391828860284,1000,0,1000,0,"all_requested","defined",0.861270368769345,-0.00512146009093873,-0.591125160734246,0.206161996434846,0.00319040573855463,"R_minus_1",0.000143582695193012,0.939,1000,0.00756828910652864,1,0,0.00292513127434951,0.916852436353346,0.0412049233674661,"all_requested","PSM_M1","CorCor",0.130649611081831,2.37515475982759,0.00757770737570927,"original_point_report:defined"
"prospective","GoodOverlap","PATE","WM_X6_analytic_M3","original_refit",1000,1000,0.866391828860284,1000,0,1000,0,"all_requested","defined",0.861270368769345,-0.00512146009093873,-0.591125160734246,0.206161996434846,0.00319040573855463,"R_minus_1",0.000143582695193012,0.938,1000,0.00762600813007697,1,0,0.00294667789691971,0.923606004499811,0.0415460112969463,"all_requested","PSM_M1","CorCor",0.130649611081831,2.37515475982759,0.00757770737570927,"original_point_report:defined"
"retrospective","PoorOverlap","PATE","WM_X6_analytic_M3","analytic",1000,1000,0.866391828860284,1000,0,1000,0,"all_requested","defined",0.861381339731433,-0.0050104891288508,-0.578316757146933,0.422948983163595,0.0134277938701682,"R_minus_1",0.000609344017170084,0.925,1000,0.00832916562447884,1,0,0.0123835268817609,0.922230933949074,0.0422368344810379,"all_requested","PSM_M1","CorCor",0.473328754473703,7.36178497898679,0.0988525312143353,"original_point_report:defined"
"retrospective","PoorOverlap","PATE","WM_X6_analytic_M3","original_refit",1000,1000,0.866391828860284,1000,0,1000,0,"all_requested","defined",0.861381339731433,-0.0050104891288508,-0.578316757146933,0.422948983163595,0.0134277938701682,"R_minus_1",0.000609344017170084,0.935,1000,0.0077958322198467,1,0,0.0128125853169534,0.95418394420087,0.0437877534773021,"all_requested","PSM_M1","CorCor",0.473328754473703,7.36178497898679,0.0988525312143353,"original_point_report:defined"
"prospective","PoorOverlap","PATE","WM_X6_analytic_M3","analytic",1000,1000,0.866391828860284,1000,0,1000,0,"all_requested","defined",0.855603465337668,-0.0107883635226165,-1.2452060561107,0.411595142573988,0.0127165463056286,"R_minus_1",0.000577786208684161,0.939,1000,0.00756828910652864,1,0,0.0126992661550885,0.998641128642571,0.0456298484778406,"all_requested","PSM_M1","CorCor",0.663281441146828,9.90159367766444,0.12591407450154,"original_point_report:defined"
"prospective","PoorOverlap","PATE","WM_X6_analytic_M3","original_refit",1000,1000,0.866391828860284,1000,0,1000,0,"all_requested","defined",0.855603465337668,-0.0107883635226165,-1.2452060561107,0.411595142573988,0.0127165463056286,"R_minus_1",0.000577786208684161,0.948,1000,0.00702111102319284,1,0,0.0131161890854341,1.03142699048944,0.0472313567236389,"all_requested","PSM_M1","CorCor",0.663281441146828,9.90159367766444,0.12591407450154,"original_point_report:defined"
"retrospective","GoodOverlap","PATT","WM_X6_analytic_M3","analytic",1000,1000,1.03507218631865,1000,0,1000,0,"all_requested","defined",1.03292952883093,-0.00214265748772477,-0.207005609468202,0.166481664426106,0.00296943686366819,"R_minus_1",0.000125628809920586,0.932,1000,0.00796090447122687,1,0,0.00266466510996227,0.897363787243677,0.0379893732646204,"all_requested","PSM_M1","CorCor",0.114880628984861,2.21593259687932,0.00658007194057743,"original_point_report:defined"
"retrospective","GoodOverlap","PATT","WM_X6_analytic_M3","original_refit",1000,1000,1.03507218631865,1000,0,1000,0,"all_requested","defined",1.03292952883093,-0.00214265748772477,-0.207005609468202,0.166481664426106,0.00296943686366819,"R_minus_1",0.000125628809920586,0.936,1000,0.0077397674383666,1,0,0.00266597706620652,0.897805607125522,0.0381510603841476,"all_requested","PSM_M1","CorCor",0.114880628984861,2.21593259687932,0.00658007194057743,"original_point_report:defined"
"prospective","GoodOverlap","PATT","WM_X6_analytic_M3","analytic",1000,1000,1.03507218631865,1000,0,1000,0,"all_requested","defined",1.02896422050614,-0.00610796581250855,-0.590100467700926,0.186674986522439,0.00373347746846658,"R_minus_1",0.000172192396189037,0.94,1000,0.00750999334220744,1,0,0.003453750955643,0.92507614812566,0.0426095693585807,"all_requested","PSM_M1","CorCor",0.0906500245744919,1.62639216130729,0.00607209848913143,"original_point_report:defined"
"prospective","GoodOverlap","PATT","WM_X6_analytic_M3","original_refit",1000,1000,1.03507218631865,1000,0,1000,0,"all_requested","defined",1.02896422050614,-0.00610796581250855,-0.590100467700926,0.186674986522439,0.00373347746846658,"R_minus_1",0.000172192396189037,0.939,1000,0.00756828910652864,1,0,0.00345150997612526,0.924475908928644,0.0426906851354625,"all_requested","PSM_M1","CorCor",0.0906500245744919,1.62639216130729,0.00607209848913143,"original_point_report:defined"
"retrospective","PoorOverlap","PATT","WM_X6_analytic_M3","analytic",1000,1000,1.18185416619657,1000,0,1000,0,"all_requested","defined",1.18379007147215,0.00193590527558386,0.163802381965109,0.187987153636619,0.00493610199861002,"R_minus_1",0.000225203473196778,0.949,1000,0.00695693898205238,1,0,0.00492045028565312,0.996829135021661,0.0455618301635905,"all_requested","PSM_M1","CorCor",0.764207478410519,11.273691683837,0.0556480920523005,"original_point_report:defined"
"retrospective","PoorOverlap","PATT","WM_X6_analytic_M3","original_refit",1000,1000,1.18185416619657,1000,0,1000,0,"all_requested","defined",1.18379007147215,0.00193590527558386,0.163802381965109,0.187987153636619,0.00493610199861002,"R_minus_1",0.000225203473196778,0.947,1000,0.00708456067798138,1,0,0.00497726242721638,1.00833865033947,0.0460136721971124,"all_requested","PSM_M1","CorCor",0.764207478410519,11.273691683837,0.0556480920523005,"original_point_report:defined"
"prospective","PoorOverlap","PATT","WM_X6_analytic_M3","analytic",1000,1000,1.18185416619657,1000,0,1000,0,"all_requested","defined",1.17333576772607,-0.00851839847049943,-0.720765616786142,0.225802805905365,0.00712174549631136,"R_minus_1",0.000301270074883675,0.939,1000,0.00756828910652864,1,0,0.00665629408906073,0.934643633714277,0.0396079262687275,"all_requested","PSM_M1","CorCor",0.452655267016921,7.25912880074284,0.0516976678438343,"original_point_report:defined"
"prospective","PoorOverlap","PATT","WM_X6_analytic_M3","original_refit",1000,1000,1.18185416619657,1000,0,1000,0,"all_requested","defined",1.17333576772607,-0.00851839847049943,-0.720765616786142,0.225802805905365,0.00712174549631136,"R_minus_1",0.000301270074883675,0.932,1000,0.00796090447122687,1,0,0.00665470025771341,0.93441983586189,0.0397774598146618,"all_requested","PSM_M1","CorCor",0.452655267016921,7.25912880074284,0.0516976678438343,"original_point_report:defined"
