group_index,overlap,n,estimand,family,matching_dimension,M,B,p,requested,received,target,truth_method,point_available,point_failures,point_metric_scope,relative_bias_status,mean_estimate,signed_bias,signed_RB_percent,bias_mcse,RB_mcse,empirical_variance,empirical_sd,EV_mcse,mse,rmse,rmse_mcse,reference_family,reference_empirical_variance,relative_efficiency,relative_efficiency_mcse,relative_efficiency_status,analytic_interval_available,analytic_interval_failures,analytic_availability,analytic_operational_coverage,analytic_coverage_mcse,analytic_mean_reported_variance,analytic_mean_variance_over_EV,analytic_variance_calibration_mcse,analytic_reported_variance_scope,analytic_calibration_status,refit_interval_available,refit_interval_failures,refit_availability,refit_operational_coverage,refit_coverage_mcse,refit_mean_reported_variance,refit_mean_variance_over_EV,refit_variance_calibration_mcse,refit_reported_variance_scope,refit_calibration_status
1,GoodOverlap,1000,PATE,PS,1,3,200,26,1000,1000,0.86654431501742,analytic_fixed_mixture,1000,0,all_requested,defined,0.8643153232882996,-0.0022289917291203887,-0.25722766747082976,0.0039849279345045485,0.4598642983912992,0.015879650643194687,0.12601448584664657,0.0007072262104864018,0.01586873939667998,0.12597118478715671,0.0028021161774704284,PS,0.015879650643194687,1.0,0.0,defined,1000,0,1.0,0.949,0.006956938982052382,0.015575630616144014,0.9808547408326668,0.04367982238180979,all_requested,defined,1000,0,1.0,0.95,0.006892024376045114,0.015669922187356577,0.9867926278385734,0.04423219874786677,all_requested,defined
1,GoodOverlap,1000,PATE,DSM,2,3,200,42,1000,1000,0.86654431501742,analytic_fixed_mixture,1000,0,all_requested,defined,0.8654023660050885,-0.0011419490123315557,-0.13178195189112737,0.0038392827804159336,0.4430567154939737,0.014740092267998302,0.12140878167578448,0.000659206298574457,0.01472665622327707,0.12135343515235598,0.002712532766434003,PS,0.015879650643194687,1.0773101249624089,0.030072222343845514,defined,1000,0,1.0,0.957,0.006414904519944161,0.014619625672971717,0.9918272835178837,0.04443011804630823,all_requested,defined,1000,0,1.0,0.955,0.00655553201502365,0.015034845860344228,1.0199967264103125,0.045733237361694684,all_requested,defined
1,GoodOverlap,1000,PATE,X6,6,3,200,68,1000,1000,0.86654431501742,analytic_fixed_mixture,1000,0,all_requested,defined,0.8649157787420385,-0.0016285362753815091,-0.1879345634330047,0.0039424564936108575,0.4549630555860958,0.015542963204014418,0.12467142095931376,0.0006957317277084423,0.015530072371210636,0.12461971100596661,0.002789112298785316,PS,0.015879650643194687,1.021661727867522,0.03239789902826761,defined,1000,0,1.0,0.941,0.007451107300260817,0.014418884114044482,0.9276792285219069,0.041471258406880256,all_requested,defined,1000,0,1.0,0.953,0.00669260786241059,0.01656843553967769,1.0659766302089948,0.04759511539391909,all_requested,defined
1,GoodOverlap,1000,PATT,PS,1,3,200,18,1000,1000,1.03222164117454,normal_GH_3D_Stein_order128,1000,0,all_requested,defined,1.0331943432448782,0.0009727020703382827,0.09423383811556872,0.0036931662682275763,0.357788106828027,0.013639477084774003,0.11678817185303486,0.000662315844902549,0.01362678375700687,0.11673381582475092,0.0028370611847544913,PS,0.013639477084774003,1.0,0.0,defined,1000,0,1.0,0.946,0.0071473071852271785,0.01330818359325685,0.9757106896798131,0.047514071157594345,all_requested,defined,1000,0,1.0,0.941,0.007451107300260817,0.013372948842697489,0.9804590571603332,0.04777804880736552,all_requested,defined
1,GoodOverlap,1000,PATT,DSM,2,3,200,26,1000,1000,1.03222164117454,normal_GH_3D_Stein_order128,1000,0,all_requested,defined,1.0275919201707746,-0.0046297210037653524,-0.4485200483199815,0.0037079475303725727,0.35922009212608536,0.013748874887996062,0.117255596403737,0.0006407064208056475,0.01375656032968077,0.11728836399950666,0.0027165100632532127,PS,0.013639477084774003,0.9920431450490852,0.025150118517127774,defined,1000,0,1.0,0.942,0.007391616873188169,0.01319765793206665,0.9599082135505741,0.04473546564384753,all_requested,defined,1000,0,1.0,0.939,0.007568289106528638,0.013319685700674261,0.9687836866057659,0.04522625419538621,all_requested,defined
1,GoodOverlap,1000,PATT,X6,6,3,200,40,1000,1000,1.03222164117454,normal_GH_3D_Stein_order128,1000,0,all_requested,defined,1.0307420486079217,-0.0014795925666182264,-0.14334058767985466,0.003705852877352219,0.35901716545444823,0.01373334554857972,0.11718935765921631,0.0006272021532205909,0.013721801397194333,0.11714009303903739,0.0026714451843746355,PS,0.013639477084774003,0.9931649237635745,0.028510919135153794,defined,1000,0,1.0,0.948,0.007021111023192843,0.013318029036804934,0.9697585333227315,0.04430639787495481,all_requested,defined,1000,0,1.0,0.946,0.0071473071852271785,0.013583722334198453,0.9891051154394974,0.045216953801045984,all_requested,defined
2,GoodOverlap,5000,PATE,PS,1,3,200,26,1000,1000,0.86654431501742,analytic_fixed_mixture,1000,0,all_requested,defined,0.8682786559646932,0.0017343409472732052,0.20014451854529103,0.0017437575810256023,0.20123120662219657,0.0030406905013842596,0.05514245643226515,0.00012915553665506624,0.0030406577494042643,0.05514215945539551,0.0011686374802145389,PS,0.0030406905013842596,1.0,0.0,defined,1000,0,1.0,0.955,0.00655553201502365,0.0031720332941511256,1.0431950547768913,0.04446230610353613,all_requested,defined,1000,0,1.0,0.957,0.006414904519944161,0.003158678526748135,1.0388030367806793,0.044299430993757015,all_requested,defined
2,GoodOverlap,5000,PATE,DSM,2,3,200,42,1000,1000,0.86654431501742,analytic_fixed_mixture,1000,0,all_requested,defined,0.8677699924696214,0.001225677452201368,0.14144428980262,0.001689911854939056,0.19501736098806255,0.0028558020774635613,0.05343970506527484,0.00012722202139263785,0.002854448560602932,0.05342703960171228,0.0011904345180191068,PS,0.0030406905013842596,1.0647413297230006,0.03149162700636695,defined,1000,0,1.0,0.945,0.007209368904418752,0.002999035965405146,1.0501553973477045,0.04691728448271033,all_requested,defined,1000,0,1.0,0.946,0.0071473071852271785,0.0030014370217645997,1.0509961616213919,0.04708697345781069,all_requested,defined
2,GoodOverlap,5000,PATE,X6,6,3,200,68,1000,1000,0.86654431501742,analytic_fixed_mixture,1000,0,all_requested,defined,0.8684486003156635,0.001904285298243491,0.21975625080469305,0.0016712162831719272,0.19285987504728258,0.002792963865138991,0.052848499175842174,0.00011943816003496533,0.0027937972037709586,0.05285638281012955,0.0011303151065458644,PS,0.0030406905013842596,1.0886966850295932,0.034280589569560975,defined,1000,0,1.0,0.956,0.006485676526007139,0.002928369755304783,1.0484810748380569,0.04488998035773657,all_requested,defined,1000,0,1.0,0.957,0.006414904519944161,0.002978576042558655,1.0664570636721886,0.045668494810460016,all_requested,defined
2,GoodOverlap,5000,PATT,PS,1,3,200,18,1000,1000,1.03222164117454,normal_GH_3D_Stein_order128,1000,0,all_requested,defined,1.0310690478062985,-0.0011525933682414724,-0.1116614225342112,0.001560801281150069,0.1512079595012241,0.002436100639239697,0.049356870233430494,0.00010137188080207024,0.0024349930100729714,0.04934564833977735,0.0010262326408865064,PS,0.002436100639239697,1.0,0.0,defined,1000,0,1.0,0.963,0.005969170796685251,0.0026551142231395746,1.0899033399409277,0.04539054559103881,all_requested,defined,1000,0,1.0,0.96,0.00619677335393187,0.002641139496491219,1.0841668254376857,0.04512601504960116,all_requested,defined
2,GoodOverlap,5000,PATT,DSM,2,3,200,26,1000,1000,1.03222164117454,normal_GH_3D_Stein_order128,1000,0,all_requested,defined,1.0302164213555276,-0.0020052198190123605,-0.19426252454179022,0.0015802264189042257,0.1530898361233857,0.002497115535002873,0.04997114702508711,0.00010256011827866855,0.00249863932599043,0.04998639140796653,0.001022087494135356,PS,0.002436100639239697,0.975565849914467,0.026739835355996465,defined,1000,0,1.0,0.963,0.005969170796685251,0.002624542254156102,1.051029564858753,0.04320076827839736,all_requested,defined,1000,0,1.0,0.959,0.006270486424512857,0.0026081537826487156,1.0444666040034527,0.04299521524604808,all_requested,defined
2,GoodOverlap,5000,PATT,X6,6,3,200,40,1000,1000,1.03222164117454,normal_GH_3D_Stein_order128,1000,0,all_requested,defined,1.0308972277815327,-0.0013244133930072621,-0.1283070747771035,0.0015753053608388297,0.15261309180132357,0.0024815869798875552,0.049815529505241186,0.00010384982907720736,0.0024808594637432454,0.049808226868091235,0.0010406589092779464,PS,0.002436100639239697,0.9816704628866486,0.028638687754034612,defined,1000,0,1.0,0.954,0.006624499981130654,0.002618456147033324,1.055153886708404,0.04421721702234658,all_requested,defined,1000,0,1.0,0.951,0.006826346021115546,0.002611353916910547,1.0522919156470074,0.04419874323485029,all_requested,defined
3,PoorOverlap,1000,PATE,PS,1,3,200,26,1000,1000,0.86654431501742,analytic_fixed_mixture,1000,0,all_requested,defined,0.8673657707153744,0.0008214556979543319,0.09479673269079358,0.00847956998676061,0.9785500683355296,0.07190310716037132,0.26814754736967356,0.0034880348639337866,0.07183187884267465,0.2680146989302539,0.0064983390407302956,PS,0.07190310716037132,1.0,0.0,defined,1000,0,1.0,0.942,0.007391616873188169,0.07295303612850831,1.0146019971820586,0.04541088591411938,all_requested,defined,1000,0,1.0,0.942,0.007391616873188169,0.07129874613087914,0.9915947856308319,0.044489446462906757,all_requested,defined
3,PoorOverlap,1000,PATE,DSM,2,3,200,42,1000,1000,0.86654431501742,analytic_fixed_mixture,1000,0,all_requested,defined,0.8712878301289214,0.004743515111501395,0.5474059467352269,0.006822391619701135,0.7873101815414928,0.046545027412568274,0.21574296607900864,0.0022312224506770176,0.04652098332076874,0.21568723495090927,0.005158008982757712,PS,0.07190310716037132,1.544807494107432,0.0725996550925777,defined,1000,0,1.0,0.931,0.008014923580421711,0.04465175722011547,0.9593238999373416,0.04607722631963065,all_requested,defined,1000,0,1.0,0.936,0.007739767438366605,0.04661869617806127,1.0015827419079595,0.048008731758152505,all_requested,defined
3,PoorOverlap,1000,PATE,X6,6,3,200,68,1000,1000,0.86654431501742,analytic_fixed_mixture,1000,0,all_requested,defined,0.8737483050126316,0.007203989995211546,0.8313469802253247,0.008022016800920071,0.9257480156405856,0.06435275355424389,0.25367844519044946,0.003012388847301802,0.06434029827254076,0.2536538946528138,0.005916367737637831,PS,0.07190310716037132,1.1173275918918237,0.05345219576539398,defined,1000,0,1.0,0.929,0.008121514637061239,0.05775455258009735,0.8974682416878276,0.04212610148709497,all_requested,defined,1000,0,1.0,0.958,0.006343185319695463,0.07118458969782186,1.1061622971240745,0.051616598705137975,all_requested,defined
3,PoorOverlap,1000,PATT,PS,1,3,200,18,1000,1000,1.17732237076111,normal_GH_3D_Stein_order128,1000,0,all_requested,defined,1.1868798539480787,0.009557483186968696,0.8117983166148468,0.005600573594788493,0.4757043384105459,0.0313664245906421,0.17710568762928564,0.001324978017445167,0.03142640365092065,0.1772749380226112,0.0037623534046189065,PS,0.0313664245906421,1.0,0.0,defined,1000,0,1.0,0.955,0.00655553201502365,0.03331613867413731,1.0621592709064103,0.04310426992420032,all_requested,defined,1000,0,1.0,0.954,0.006624499981130654,0.033508902481173136,1.0683048169656615,0.043805965212102504,all_requested,defined
3,PoorOverlap,1000,PATT,DSM,2,3,200,26,1000,1000,1.17732237076111,normal_GH_3D_Stein_order128,1000,0,all_requested,defined,1.1852607485718853,0.007938377810775332,0.6742739293778446,0.0050958840888501705,0.43283676717667446,0.025968034646996336,0.16114600412978392,0.001095374247106476,0.02600508445461595,0.16126092041972212,0.0034147492628829367,PS,0.0313664245906421,1.2078859650732245,0.044744283805581625,defined,1000,0,1.0,0.955,0.00655553201502365,0.027609746086524695,1.063220473241253,0.04542729749659538,all_requested,defined,1000,0,1.0,0.96,0.00619677335393187,0.028657727732445376,1.1035770755088756,0.04720023893970384,all_requested,defined
3,PoorOverlap,1000,PATT,X6,6,3,200,40,1000,1000,1.17732237076111,normal_GH_3D_Stein_order128,1000,0,all_requested,defined,1.1840239127850078,0.006701542023897833,0.5692189488903919,0.005071558915642311,0.4307706233734158,0.02572070983483102,0.16037677461163452,0.0011070274262936972,0.02573989979049426,0.1604365911832281,0.0034543943170667534,PS,0.0313664245906421,1.2195007366462975,0.05800660602446275,defined,1000,0,1.0,0.936,0.007739767438366605,0.024584275772497437,0.9558163802775527,0.04112885420528963,all_requested,defined,1000,0,1.0,0.948,0.007021111023192843,0.026093448681498408,1.0144917791562122,0.043660931184133306,all_requested,defined
4,PoorOverlap,5000,PATE,PS,1,3,200,26,1000,1000,0.86654431501742,analytic_fixed_mixture,1000,0,all_requested,defined,0.8815354756648714,0.01499116064745143,1.7299935372780173,0.005022590048324879,0.579611447595027,0.025226410793532113,0.15882824306001786,0.0011724790095554063,0.025425919280296277,0.15945506978549248,0.003708016910505781,PS,0.025226410793532113,1.0,0.0,defined,1000,0,1.0,0.947,0.007084560677981384,0.026067682561278886,1.0333488491340381,0.043030067079282586,all_requested,defined,1000,0,1.0,0.944,0.007270763371201131,0.025675851293549434,1.017816268184,0.04274096538568098,all_requested,defined
4,PoorOverlap,5000,PATE,DSM,2,3,200,42,1000,1000,0.86654431501742,analytic_fixed_mixture,1000,0,all_requested,defined,0.8697645940886246,0.0032202790712045903,0.3716231259494044,0.003332002916605665,0.38451615905398706,0.01110224343626866,0.10536718386797979,0.0005058700291983753,0.011101511390128828,0.10536371002450905,0.002404030844317718,PS,0.025226410793532113,2.27219038551459,0.11594030520545746,defined,1000,0,1.0,0.946,0.0071473071852271785,0.011448557404179344,1.0311931520776558,0.04677069471781526,all_requested,defined,1000,0,1.0,0.946,0.0071473071852271785,0.011477090214620662,1.0337631561137868,0.047002512173248405,all_requested,defined
4,PoorOverlap,5000,PATE,X6,6,3,200,68,1000,1000,0.86654431501742,analytic_fixed_mixture,1000,0,all_requested,defined,0.8699880679553709,0.0034437529379508502,0.3974122128862643,0.0034325018362066145,0.3961138255390449,0.011782068855561779,0.10854523875123118,0.0005388398298453027,0.011782146221003861,0.10854559512483158,0.0024883696203717213,PS,0.025226410793532113,2.1410849913361245,0.10793141628991958,defined,1000,0,1.0,0.951,0.006826346021115546,0.012117680160593577,1.0284849213789284,0.04730127371689618,all_requested,defined,1000,0,1.0,0.953,0.00669260786241059,0.012513426141652847,1.0620737575935848,0.04893747430983055,all_requested,defined
4,PoorOverlap,5000,PATT,PS,1,3,200,18,1000,1000,1.17732237076111,normal_GH_3D_Stein_order128,1000,0,all_requested,defined,1.1762772430632904,-0.0010451276978196145,-0.08877158234443172,0.0029618744648455945,0.25157718382016436,0.008772700345504376,0.09366269452404397,0.000404042632899348,0.008765019937063624,0.09362168518598468,0.002152493663466795,PS,0.008772700345504376,1.0,0.0,defined,1000,0,1.0,0.947,0.007084560677981384,0.008677520524943584,0.9891504534735912,0.04342983088989778,all_requested,defined,1000,0,1.0,0.948,0.007021111023192843,0.008682459933806399,0.9897134966265864,0.04343756098258822,all_requested,defined
4,PoorOverlap,5000,PATT,DSM,2,3,200,26,1000,1000,1.17732237076111,normal_GH_3D_Stein_order128,1000,0,all_requested,defined,1.175639529568299,-0.0016828411928109244,-0.14293801210309193,0.0023659331539853407,0.20095882085854047,0.005597639689127022,0.07481737558299557,0.00026400154032603325,0.0055948740039181155,0.07479889039229203,0.0017627743296190531,PS,0.008772700345504376,1.5672141889633702,0.07005092276599909,defined,1000,0,1.0,0.955,0.00655553201502365,0.005985199738563625,1.069236333697828,0.05055961944496398,all_requested,defined,1000,0,1.0,0.958,0.006343185319695463,0.005983680166589401,1.0689648671407401,0.050722236970235104,all_requested,defined
4,PoorOverlap,5000,PATT,X6,6,3,200,40,1000,1000,1.17732237076111,normal_GH_3D_Stein_order128,1000,0,all_requested,defined,1.1787702377922278,0.0014478670311177666,0.12297965850948335,0.00214118390356552,0.18186895592422128,0.0045846685088880785,0.0677101802455737,0.0002053952835308407,0.0045821801593189885,0.06769180274833127,0.0015155722951215418,PS,0.008772700345504376,1.9134862920835303,0.08853910542540523,defined,1000,0,1.0,0.951,0.006826346021115546,0.004821105961264899,1.0515713299485996,0.04715290598319758,all_requested,defined,1000,0,1.0,0.953,0.00669260786241059,0.004857358225593275,1.059478611414663,0.04760926085410868,all_requested,defined
