group_index,overlap,n,estimand,family,matching_dimension,M,B,p,requested,received,target,truth_method,paired_cases,same_points,pairing,both_available,analytic_only_available,refit_only_available,neither_available,both_cover,analytic_only_cover,refit_only_cover,neither_cover,coverage_difference_analytic_minus_refit,paired_coverage_difference_mcse,ratio_of_mean_variances_analytic_over_refit,paired_ratio_mcse,mean_variance_difference,paired_variance_difference_mcse,paired_variance_status,finite_B_variation_retained
1,GoodOverlap,1000,PATE,PS,1,3,200,26,1000,1000,0.86654431501742,analytic_fixed_mixture,1000,True,same sample_sha256 and counts_sha256 within case,1000,0,0,0,948,1,2,49,-0.001,0.0017326286393806382,0.9939826394741996,0.0033021790975016935,-9.429157121256024e-05,5.1963136754187256e-05,defined,True
1,GoodOverlap,1000,PATE,DSM,2,3,200,42,1000,1000,0.86654431501742,analytic_fixed_mixture,1000,True,same sample_sha256 and counts_sha256 within case,1000,0,0,0,951,6,4,39,0.002,0.0031632271505546367,0.972382810490416,0.003285588712015886,-0.0004152201873725125,5.083118720402181e-05,defined,True
1,GoodOverlap,1000,PATE,X6,6,3,200,68,1000,1000,0.86654431501742,analytic_fixed_mixture,1000,True,same sample_sha256 and counts_sha256 within case,1000,0,0,0,941,0,12,47,-0.012,0.00344497719409982,0.8702622573817839,0.0030872727144529467,-0.002149551425633208,6.099861266982025e-05,defined,True
1,GoodOverlap,1000,PATT,PS,1,3,200,18,1000,1000,1.03222164117454,normal_GH_3D_Stein_order128,1000,True,same sample_sha256 and counts_sha256 within case,1000,0,0,0,940,6,1,53,0.005,0.0026423440317229663,0.9951569956482705,0.0031840036675737063,-6.476524944063914e-05,4.2788546284199454e-05,defined,True
1,GoodOverlap,1000,PATT,DSM,2,3,200,26,1000,1000,1.03222164117454,normal_GH_3D_Stein_order128,1000,True,same sample_sha256 and counts_sha256 within case,1000,0,0,0,933,9,6,52,0.003,0.003873758640649415,0.9908385399363113,0.0031533669507686083,-0.00012202776860761148,4.239603348929701e-05,defined,True
1,GoodOverlap,1000,PATT,X6,6,3,200,40,1000,1000,1.03222164117454,normal_GH_3D_Stein_order128,1000,True,same sample_sha256 and counts_sha256 within case,1000,0,0,0,941,7,5,47,0.002,0.0034652572787612764,0.980440317399259,0.0031192841373308324,-0.00026569329739351894,4.32143275107836e-05,defined,True
2,GoodOverlap,5000,PATE,PS,1,3,200,26,1000,1000,0.86654431501742,analytic_fixed_mixture,1000,True,same sample_sha256 and counts_sha256 within case,1000,0,0,0,952,3,5,40,-0.002,0.0028291348507987393,1.004227960297289,0.0031915661833683885,1.3354767402990567e-05,1.0041837079252584e-05,defined,True
2,GoodOverlap,5000,PATE,DSM,2,3,200,42,1000,1000,0.86654431501742,analytic_fixed_mixture,1000,True,same sample_sha256 and counts_sha256 within case,1000,0,0,0,940,5,6,49,-0.001,0.0033181335129873857,0.9992000310711028,0.0032181830906821756,-2.401056359453399e-06,9.666611766128456e-06,defined,True
2,GoodOverlap,5000,PATE,X6,6,3,200,68,1000,1000,0.86654431501742,analytic_fixed_mixture,1000,True,same sample_sha256 and counts_sha256 within case,1000,0,0,0,951,5,6,38,-0.001,0.0033181335129873857,0.9831441982556389,0.003129745081378253,-5.020628725387233e-05,9.480398924258143e-06,defined,True
2,GoodOverlap,5000,PATT,PS,1,3,200,18,1000,1000,1.03222164117454,normal_GH_3D_Stein_order128,1000,True,same sample_sha256 and counts_sha256 within case,1000,0,0,0,955,8,5,32,0.003,0.0036061064881675363,1.005291173248108,0.0031929460232434747,1.3974726648355487e-05,8.38943888111259e-06,defined,True
2,GoodOverlap,5000,PATT,DSM,2,3,200,26,1000,1000,1.03222164117454,normal_GH_3D_Stein_order128,1000,True,same sample_sha256 and counts_sha256 within case,1000,0,0,0,956,7,3,34,0.004,0.0031613278846070354,1.0062835526096714,0.0031848254101990384,1.638847150738609e-05,8.255371762279044e-06,defined,True
2,GoodOverlap,5000,PATT,X6,6,3,200,40,1000,1000,1.03222164117454,normal_GH_3D_Stein_order128,1000,True,same sample_sha256 and counts_sha256 within case,1000,0,0,0,950,4,1,45,0.003,0.0022351724756707247,1.0027197501176628,0.0031513853471330264,7.102230122776597e-06,8.207219866965943e-06,defined,True
3,PoorOverlap,1000,PATE,PS,1,3,200,26,1000,1000,0.86654431501742,analytic_fixed_mixture,1000,True,same sample_sha256 and counts_sha256 within case,1000,0,0,0,934,8,8,50,0.0,0.004002001501251094,1.0232022312789693,0.004011416231017122,0.00165428999762919,0.0002887920351278129,defined,True
3,PoorOverlap,1000,PATE,DSM,2,3,200,42,1000,1000,0.86654431501742,analytic_fixed_mixture,1000,True,same sample_sha256 and counts_sha256 within case,1000,0,0,0,930,1,6,63,-0.005,0.0026423440317229663,0.9578079371753979,0.003201757953428966,-0.0019669389579458013,0.00015427197866861537,defined,True
3,PoorOverlap,1000,PATE,X6,6,3,200,68,1000,1000,0.86654431501742,analytic_fixed_mixture,1000,True,same sample_sha256 and counts_sha256 within case,1000,0,0,0,929,0,29,42,-0.029,0.005309160685756948,0.8113350491344414,0.003172606503625973,-0.013430037117724511,0.00027176993708546185,defined,True
3,PoorOverlap,1000,PATT,PS,1,3,200,18,1000,1000,1.17732237076111,normal_GH_3D_Stein_order128,1000,True,same sample_sha256 and counts_sha256 within case,1000,0,0,0,949,6,5,40,0.001,0.0033181335129873857,0.9942473852390681,0.0034601871142595627,-0.00019276380703582387,0.00011646539206879776,defined,True
3,PoorOverlap,1000,PATT,DSM,2,3,200,26,1000,1000,1.17732237076111,normal_GH_3D_Stein_order128,1000,True,same sample_sha256 and counts_sha256 within case,1000,0,0,0,954,1,6,39,-0.005,0.0026423440317229663,0.9634310976883841,0.003168374354258502,-0.0010479816459206806,9.354526905278796e-05,defined,True
3,PoorOverlap,1000,PATT,X6,6,3,200,40,1000,1000,1.17732237076111,normal_GH_3D_Stein_order128,1000,True,same sample_sha256 and counts_sha256 within case,1000,0,0,0,934,2,14,50,-0.012,0.003983951790856897,0.942162765549996,0.003195542831699933,-0.0015091729090009698,8.841685804446587e-05,defined,True
4,PoorOverlap,5000,PATE,PS,1,3,200,26,1000,1000,0.86654431501742,analytic_fixed_mixture,1000,True,same sample_sha256 and counts_sha256 within case,1000,0,0,0,941,6,3,50,0.003,0.0029999999999999996,1.015260692362239,0.004267326748287961,0.0003918312677294498,0.00010948680647005594,defined,True
4,PoorOverlap,5000,PATE,DSM,2,3,200,42,1000,1000,0.86654431501742,analytic_fixed_mixture,1000,True,same sample_sha256 and counts_sha256 within case,1000,0,0,0,943,3,3,51,0.0,0.002450715406979359,0.9975139334179869,0.003231800992038228,-2.8532810441315336e-05,3.717728845236488e-05,defined,True
4,PoorOverlap,5000,PATE,X6,6,3,200,68,1000,1000,0.86654431501742,analytic_fixed_mixture,1000,True,same sample_sha256 and counts_sha256 within case,1000,0,0,0,949,2,4,45,-0.002,0.0024498983656474405,0.9683742904157984,0.0030730473923689947,-0.00039574598105927025,3.95239886274671e-05,defined,True
4,PoorOverlap,5000,PATT,PS,1,3,200,18,1000,1000,1.17732237076111,normal_GH_3D_Stein_order128,1000,True,same sample_sha256 and counts_sha256 within case,1000,0,0,0,944,3,4,49,-0.001,0.0026468860961526104,0.9994311049056982,0.0035234622603576033,-4.939408862812906e-06,3.0603493447375244e-05,defined,True
4,PoorOverlap,5000,PATT,DSM,2,3,200,26,1000,1000,1.17732237076111,normal_GH_3D_Stein_order128,1000,True,same sample_sha256 and counts_sha256 within case,1000,0,0,0,954,1,4,41,-0.003,0.0022351724756707247,1.0002539527401062,0.0031462922684636595,1.5195719742244536e-06,1.8821937103960722e-05,defined,True
4,PoorOverlap,5000,PATT,X6,6,3,200,40,1000,1000,1.17732237076111,normal_GH_3D_Stein_order128,1000,True,same sample_sha256 and counts_sha256 within case,1000,0,0,0,947,4,6,43,-0.002,0.0031632271505546367,0.992536629450683,0.0030252362276327487,-3.6252264328375856e-05,1.480586957285274e-05,defined,True
