group_index,overlap,n,estimand,family,matching_dimension,M,B,p,requested,received,target,truth_method,diagnostic_scope,denominator,mean_estimate,signed_bias,signed_RB_percent,bias_mcse,RB_mcse,empirical_variance,empirical_sd,EV_mcse,mse,rmse,rmse_mcse
1,GoodOverlap,1000,PATE,PS,1,3,200,26,1000,1000,0.86654431501742,analytic_fixed_mixture,available_points_only_not_full_estimator_performance,1000,0.8643153232882996,-0.0022289917291203887,-0.25722766747082976,0.0039849279345045485,0.4598642983912992,0.015879650643194687,0.12601448584664657,0.0007072262104864018,0.01586873939667998,0.12597118478715671,0.0028021161774704284
1,GoodOverlap,1000,PATE,DSM,2,3,200,42,1000,1000,0.86654431501742,analytic_fixed_mixture,available_points_only_not_full_estimator_performance,1000,0.8654023660050885,-0.0011419490123315557,-0.13178195189112737,0.0038392827804159336,0.4430567154939737,0.014740092267998302,0.12140878167578448,0.000659206298574457,0.01472665622327707,0.12135343515235598,0.002712532766434003
1,GoodOverlap,1000,PATE,X6,6,3,200,68,1000,1000,0.86654431501742,analytic_fixed_mixture,available_points_only_not_full_estimator_performance,1000,0.8649157787420385,-0.0016285362753815091,-0.1879345634330047,0.0039424564936108575,0.4549630555860958,0.015542963204014418,0.12467142095931376,0.0006957317277084423,0.015530072371210636,0.12461971100596661,0.002789112298785316
1,GoodOverlap,1000,PATT,PS,1,3,200,18,1000,1000,1.03222164117454,normal_GH_3D_Stein_order128,available_points_only_not_full_estimator_performance,1000,1.0331943432448782,0.0009727020703382827,0.09423383811556872,0.0036931662682275763,0.357788106828027,0.013639477084774003,0.11678817185303486,0.000662315844902549,0.01362678375700687,0.11673381582475092,0.0028370611847544913
1,GoodOverlap,1000,PATT,DSM,2,3,200,26,1000,1000,1.03222164117454,normal_GH_3D_Stein_order128,available_points_only_not_full_estimator_performance,1000,1.0275919201707746,-0.0046297210037653524,-0.4485200483199815,0.0037079475303725727,0.35922009212608536,0.013748874887996062,0.117255596403737,0.0006407064208056475,0.01375656032968077,0.11728836399950666,0.0027165100632532127
1,GoodOverlap,1000,PATT,X6,6,3,200,40,1000,1000,1.03222164117454,normal_GH_3D_Stein_order128,available_points_only_not_full_estimator_performance,1000,1.0307420486079217,-0.0014795925666182264,-0.14334058767985466,0.003705852877352219,0.35901716545444823,0.01373334554857972,0.11718935765921631,0.0006272021532205909,0.013721801397194333,0.11714009303903739,0.0026714451843746355
2,GoodOverlap,5000,PATE,PS,1,3,200,26,1000,1000,0.86654431501742,analytic_fixed_mixture,available_points_only_not_full_estimator_performance,1000,0.8682786559646932,0.0017343409472732052,0.20014451854529103,0.0017437575810256023,0.20123120662219657,0.0030406905013842596,0.05514245643226515,0.00012915553665506624,0.0030406577494042643,0.05514215945539551,0.0011686374802145389
2,GoodOverlap,5000,PATE,DSM,2,3,200,42,1000,1000,0.86654431501742,analytic_fixed_mixture,available_points_only_not_full_estimator_performance,1000,0.8677699924696214,0.001225677452201368,0.14144428980262,0.001689911854939056,0.19501736098806255,0.0028558020774635613,0.05343970506527484,0.00012722202139263785,0.002854448560602932,0.05342703960171228,0.0011904345180191068
2,GoodOverlap,5000,PATE,X6,6,3,200,68,1000,1000,0.86654431501742,analytic_fixed_mixture,available_points_only_not_full_estimator_performance,1000,0.8684486003156635,0.001904285298243491,0.21975625080469305,0.0016712162831719272,0.19285987504728258,0.002792963865138991,0.052848499175842174,0.00011943816003496533,0.0027937972037709586,0.05285638281012955,0.0011303151065458644
2,GoodOverlap,5000,PATT,PS,1,3,200,18,1000,1000,1.03222164117454,normal_GH_3D_Stein_order128,available_points_only_not_full_estimator_performance,1000,1.0310690478062985,-0.0011525933682414724,-0.1116614225342112,0.001560801281150069,0.1512079595012241,0.002436100639239697,0.049356870233430494,0.00010137188080207024,0.0024349930100729714,0.04934564833977735,0.0010262326408865064
2,GoodOverlap,5000,PATT,DSM,2,3,200,26,1000,1000,1.03222164117454,normal_GH_3D_Stein_order128,available_points_only_not_full_estimator_performance,1000,1.0302164213555276,-0.0020052198190123605,-0.19426252454179022,0.0015802264189042257,0.1530898361233857,0.002497115535002873,0.04997114702508711,0.00010256011827866855,0.00249863932599043,0.04998639140796653,0.001022087494135356
2,GoodOverlap,5000,PATT,X6,6,3,200,40,1000,1000,1.03222164117454,normal_GH_3D_Stein_order128,available_points_only_not_full_estimator_performance,1000,1.0308972277815327,-0.0013244133930072621,-0.1283070747771035,0.0015753053608388297,0.15261309180132357,0.0024815869798875552,0.049815529505241186,0.00010384982907720736,0.0024808594637432454,0.049808226868091235,0.0010406589092779464
3,PoorOverlap,1000,PATE,PS,1,3,200,26,1000,1000,0.86654431501742,analytic_fixed_mixture,available_points_only_not_full_estimator_performance,1000,0.8673657707153744,0.0008214556979543319,0.09479673269079358,0.00847956998676061,0.9785500683355296,0.07190310716037132,0.26814754736967356,0.0034880348639337866,0.07183187884267465,0.2680146989302539,0.0064983390407302956
3,PoorOverlap,1000,PATE,DSM,2,3,200,42,1000,1000,0.86654431501742,analytic_fixed_mixture,available_points_only_not_full_estimator_performance,1000,0.8712878301289214,0.004743515111501395,0.5474059467352269,0.006822391619701135,0.7873101815414928,0.046545027412568274,0.21574296607900864,0.0022312224506770176,0.04652098332076874,0.21568723495090927,0.005158008982757712
3,PoorOverlap,1000,PATE,X6,6,3,200,68,1000,1000,0.86654431501742,analytic_fixed_mixture,available_points_only_not_full_estimator_performance,1000,0.8737483050126316,0.007203989995211546,0.8313469802253247,0.008022016800920071,0.9257480156405856,0.06435275355424389,0.25367844519044946,0.003012388847301802,0.06434029827254076,0.2536538946528138,0.005916367737637831
3,PoorOverlap,1000,PATT,PS,1,3,200,18,1000,1000,1.17732237076111,normal_GH_3D_Stein_order128,available_points_only_not_full_estimator_performance,1000,1.1868798539480787,0.009557483186968696,0.8117983166148468,0.005600573594788493,0.4757043384105459,0.0313664245906421,0.17710568762928564,0.001324978017445167,0.03142640365092065,0.1772749380226112,0.0037623534046189065
3,PoorOverlap,1000,PATT,DSM,2,3,200,26,1000,1000,1.17732237076111,normal_GH_3D_Stein_order128,available_points_only_not_full_estimator_performance,1000,1.1852607485718853,0.007938377810775332,0.6742739293778446,0.0050958840888501705,0.43283676717667446,0.025968034646996336,0.16114600412978392,0.001095374247106476,0.02600508445461595,0.16126092041972212,0.0034147492628829367
3,PoorOverlap,1000,PATT,X6,6,3,200,40,1000,1000,1.17732237076111,normal_GH_3D_Stein_order128,available_points_only_not_full_estimator_performance,1000,1.1840239127850078,0.006701542023897833,0.5692189488903919,0.005071558915642311,0.4307706233734158,0.02572070983483102,0.16037677461163452,0.0011070274262936972,0.02573989979049426,0.1604365911832281,0.0034543943170667534
4,PoorOverlap,5000,PATE,PS,1,3,200,26,1000,1000,0.86654431501742,analytic_fixed_mixture,available_points_only_not_full_estimator_performance,1000,0.8815354756648714,0.01499116064745143,1.7299935372780173,0.005022590048324879,0.579611447595027,0.025226410793532113,0.15882824306001786,0.0011724790095554063,0.025425919280296277,0.15945506978549248,0.003708016910505781
4,PoorOverlap,5000,PATE,DSM,2,3,200,42,1000,1000,0.86654431501742,analytic_fixed_mixture,available_points_only_not_full_estimator_performance,1000,0.8697645940886246,0.0032202790712045903,0.3716231259494044,0.003332002916605665,0.38451615905398706,0.01110224343626866,0.10536718386797979,0.0005058700291983753,0.011101511390128828,0.10536371002450905,0.002404030844317718
4,PoorOverlap,5000,PATE,X6,6,3,200,68,1000,1000,0.86654431501742,analytic_fixed_mixture,available_points_only_not_full_estimator_performance,1000,0.8699880679553709,0.0034437529379508502,0.3974122128862643,0.0034325018362066145,0.3961138255390449,0.011782068855561779,0.10854523875123118,0.0005388398298453027,0.011782146221003861,0.10854559512483158,0.0024883696203717213
4,PoorOverlap,5000,PATT,PS,1,3,200,18,1000,1000,1.17732237076111,normal_GH_3D_Stein_order128,available_points_only_not_full_estimator_performance,1000,1.1762772430632904,-0.0010451276978196145,-0.08877158234443172,0.0029618744648455945,0.25157718382016436,0.008772700345504376,0.09366269452404397,0.000404042632899348,0.008765019937063624,0.09362168518598468,0.002152493663466795
4,PoorOverlap,5000,PATT,DSM,2,3,200,26,1000,1000,1.17732237076111,normal_GH_3D_Stein_order128,available_points_only_not_full_estimator_performance,1000,1.175639529568299,-0.0016828411928109244,-0.14293801210309193,0.0023659331539853407,0.20095882085854047,0.005597639689127022,0.07481737558299557,0.00026400154032603325,0.0055948740039181155,0.07479889039229203,0.0017627743296190531
4,PoorOverlap,5000,PATT,X6,6,3,200,40,1000,1000,1.17732237076111,normal_GH_3D_Stein_order128,available_points_only_not_full_estimator_performance,1000,1.1787702377922278,0.0014478670311177666,0.12297965850948335,0.00214118390356552,0.18186895592422128,0.0045846685088880785,0.0677101802455737,0.0002053952835308407,0.0045821801593189885,0.06769180274833127,0.0015155722951215418
