group_index,overlap,n,estimand,family,matching_dimension,M,B,p,requested,received,target,truth_method,inference,truth_offset,perturbed_target,operational_coverage,coverage_mcse,operational_denominator,signed_RB_percent,point_metric_scope,coverage_changes_from_primary,sensitivity_scope,primary_target_unchanged
1,GoodOverlap,1000,PATE,PS,1,3,200,26,1000,1000,0.86654431501742,analytic_fixed_mixture,analytic,-1e-06,0.86654331501742,0.949,0.006956938982052382,1000,-0.2571125632739514,all_requested,0,arithmetic_display_analytic_PATE_no_quadrature_uncertainty,True
1,GoodOverlap,1000,PATE,PS,1,3,200,26,1000,1000,0.86654431501742,analytic_fixed_mixture,analytic,0.0,0.86654431501742,0.949,0.006956938982052382,1000,-0.25722766747082976,all_requested,0,arithmetic_display_analytic_PATE_no_quadrature_uncertainty,True
1,GoodOverlap,1000,PATE,PS,1,3,200,26,1000,1000,0.86654431501742,analytic_fixed_mixture,analytic,1e-06,0.86654531501742,0.949,0.006956938982052382,1000,-0.25734277140204587,all_requested,0,arithmetic_display_analytic_PATE_no_quadrature_uncertainty,True
1,GoodOverlap,1000,PATE,PS,1,3,200,26,1000,1000,0.86654431501742,analytic_fixed_mixture,refit,-1e-06,0.86654331501742,0.95,0.006892024376045114,1000,-0.2571125632739514,all_requested,0,arithmetic_display_analytic_PATE_no_quadrature_uncertainty,True
1,GoodOverlap,1000,PATE,PS,1,3,200,26,1000,1000,0.86654431501742,analytic_fixed_mixture,refit,0.0,0.86654431501742,0.95,0.006892024376045114,1000,-0.25722766747082976,all_requested,0,arithmetic_display_analytic_PATE_no_quadrature_uncertainty,True
1,GoodOverlap,1000,PATE,PS,1,3,200,26,1000,1000,0.86654431501742,analytic_fixed_mixture,refit,1e-06,0.86654531501742,0.95,0.006892024376045114,1000,-0.25734277140204587,all_requested,0,arithmetic_display_analytic_PATE_no_quadrature_uncertainty,True
1,GoodOverlap,1000,PATE,DSM,2,3,200,42,1000,1000,0.86654431501742,analytic_fixed_mixture,analytic,-1e-06,0.86654331501742,0.957,0.006414904519944161,1000,-0.13166670292858823,all_requested,0,arithmetic_display_analytic_PATE_no_quadrature_uncertainty,True
1,GoodOverlap,1000,PATE,DSM,2,3,200,42,1000,1000,0.86654431501742,analytic_fixed_mixture,analytic,0.0,0.86654431501742,0.957,0.006414904519944161,1000,-0.13178195189112737,all_requested,0,arithmetic_display_analytic_PATE_no_quadrature_uncertainty,True
1,GoodOverlap,1000,PATE,DSM,2,3,200,42,1000,1000,0.86654431501742,analytic_fixed_mixture,analytic,1e-06,0.86654531501742,0.957,0.006414904519944161,1000,-0.13189720058767013,all_requested,0,arithmetic_display_analytic_PATE_no_quadrature_uncertainty,True
1,GoodOverlap,1000,PATE,DSM,2,3,200,42,1000,1000,0.86654431501742,analytic_fixed_mixture,refit,-1e-06,0.86654331501742,0.955,0.00655553201502365,1000,-0.13166670292858823,all_requested,0,arithmetic_display_analytic_PATE_no_quadrature_uncertainty,True
1,GoodOverlap,1000,PATE,DSM,2,3,200,42,1000,1000,0.86654431501742,analytic_fixed_mixture,refit,0.0,0.86654431501742,0.955,0.00655553201502365,1000,-0.13178195189112737,all_requested,0,arithmetic_display_analytic_PATE_no_quadrature_uncertainty,True
1,GoodOverlap,1000,PATE,DSM,2,3,200,42,1000,1000,0.86654431501742,analytic_fixed_mixture,refit,1e-06,0.86654531501742,0.955,0.00655553201502365,1000,-0.13189720058767013,all_requested,0,arithmetic_display_analytic_PATE_no_quadrature_uncertainty,True
1,GoodOverlap,1000,PATE,X6,6,3,200,68,1000,1000,0.86654431501742,analytic_fixed_mixture,analytic,-1e-06,0.86654331501742,0.941,0.007451107300260817,1000,-0.1878193792711634,all_requested,0,arithmetic_display_analytic_PATE_no_quadrature_uncertainty,True
1,GoodOverlap,1000,PATE,X6,6,3,200,68,1000,1000,0.86654431501742,analytic_fixed_mixture,analytic,0.0,0.86654431501742,0.941,0.007451107300260817,1000,-0.1879345634330047,all_requested,0,arithmetic_display_analytic_PATE_no_quadrature_uncertainty,True
1,GoodOverlap,1000,PATE,X6,6,3,200,68,1000,1000,0.86654431501742,analytic_fixed_mixture,analytic,1e-06,0.86654531501742,0.941,0.007451107300260817,1000,-0.18804974732899912,all_requested,0,arithmetic_display_analytic_PATE_no_quadrature_uncertainty,True
1,GoodOverlap,1000,PATE,X6,6,3,200,68,1000,1000,0.86654431501742,analytic_fixed_mixture,refit,-1e-06,0.86654331501742,0.953,0.00669260786241059,1000,-0.1878193792711634,all_requested,0,arithmetic_display_analytic_PATE_no_quadrature_uncertainty,True
1,GoodOverlap,1000,PATE,X6,6,3,200,68,1000,1000,0.86654431501742,analytic_fixed_mixture,refit,0.0,0.86654431501742,0.953,0.00669260786241059,1000,-0.1879345634330047,all_requested,0,arithmetic_display_analytic_PATE_no_quadrature_uncertainty,True
1,GoodOverlap,1000,PATE,X6,6,3,200,68,1000,1000,0.86654431501742,analytic_fixed_mixture,refit,1e-06,0.86654531501742,0.953,0.00669260786241059,1000,-0.18804974732899912,all_requested,0,arithmetic_display_analytic_PATE_no_quadrature_uncertainty,True
1,GoodOverlap,1000,PATT,PS,1,3,200,18,1000,1000,1.03222164117454,normal_GH_3D_Stein_order128,analytic,-1e-06,1.03222064117454,0.946,0.0071473071852271785,1000,0.09433080792012136,all_requested,0,operational_numerical_target_sensitivity_not_rigorous_enclosure,True
1,GoodOverlap,1000,PATT,PS,1,3,200,18,1000,1000,1.03222164117454,normal_GH_3D_Stein_order128,analytic,0.0,1.03222164117454,0.946,0.0071473071852271785,1000,0.09423383811556872,all_requested,0,operational_numerical_target_sensitivity_not_rigorous_enclosure,True
1,GoodOverlap,1000,PATT,PS,1,3,200,18,1000,1000,1.03222164117454,normal_GH_3D_Stein_order128,analytic,1e-06,1.03222264117454,0.946,0.0071473071852271785,1000,0.09413686849888002,all_requested,0,operational_numerical_target_sensitivity_not_rigorous_enclosure,True
1,GoodOverlap,1000,PATT,PS,1,3,200,18,1000,1000,1.03222164117454,normal_GH_3D_Stein_order128,refit,-1e-06,1.03222064117454,0.941,0.007451107300260817,1000,0.09433080792012136,all_requested,0,operational_numerical_target_sensitivity_not_rigorous_enclosure,True
1,GoodOverlap,1000,PATT,PS,1,3,200,18,1000,1000,1.03222164117454,normal_GH_3D_Stein_order128,refit,0.0,1.03222164117454,0.941,0.007451107300260817,1000,0.09423383811556872,all_requested,0,operational_numerical_target_sensitivity_not_rigorous_enclosure,True
1,GoodOverlap,1000,PATT,PS,1,3,200,18,1000,1000,1.03222164117454,normal_GH_3D_Stein_order128,refit,1e-06,1.03222264117454,0.941,0.007451107300260817,1000,0.09413686849888002,all_requested,0,operational_numerical_target_sensitivity_not_rigorous_enclosure,True
1,GoodOverlap,1000,PATT,DSM,2,3,200,26,1000,1000,1.03222164117454,normal_GH_3D_Stein_order128,analytic,-1e-06,1.03222064117454,0.942,0.007391616873188169,1000,-0.448423604327319,all_requested,0,operational_numerical_target_sensitivity_not_rigorous_enclosure,True
1,GoodOverlap,1000,PATT,DSM,2,3,200,26,1000,1000,1.03222164117454,normal_GH_3D_Stein_order128,analytic,0.0,1.03222164117454,0.942,0.007391616873188169,1000,-0.4485200483199815,all_requested,0,operational_numerical_target_sensitivity_not_rigorous_enclosure,True
1,GoodOverlap,1000,PATT,DSM,2,3,200,26,1000,1000,1.03222164117454,normal_GH_3D_Stein_order128,analytic,1e-06,1.03222264117454,0.942,0.007391616873188169,1000,-0.44861649212579874,all_requested,0,operational_numerical_target_sensitivity_not_rigorous_enclosure,True
1,GoodOverlap,1000,PATT,DSM,2,3,200,26,1000,1000,1.03222164117454,normal_GH_3D_Stein_order128,refit,-1e-06,1.03222064117454,0.939,0.007568289106528638,1000,-0.448423604327319,all_requested,0,operational_numerical_target_sensitivity_not_rigorous_enclosure,True
1,GoodOverlap,1000,PATT,DSM,2,3,200,26,1000,1000,1.03222164117454,normal_GH_3D_Stein_order128,refit,0.0,1.03222164117454,0.939,0.007568289106528638,1000,-0.4485200483199815,all_requested,0,operational_numerical_target_sensitivity_not_rigorous_enclosure,True
1,GoodOverlap,1000,PATT,DSM,2,3,200,26,1000,1000,1.03222164117454,normal_GH_3D_Stein_order128,refit,1e-06,1.03222264117454,0.939,0.007568289106528638,1000,-0.44861649212579874,all_requested,0,operational_numerical_target_sensitivity_not_rigorous_enclosure,True
1,GoodOverlap,1000,PATT,X6,6,3,200,40,1000,1000,1.03222164117454,normal_GH_3D_Stein_order128,analytic,-1e-06,1.03222064117454,0.948,0.007021111023192843,1000,-0.14324384803387116,all_requested,0,operational_numerical_target_sensitivity_not_rigorous_enclosure,True
1,GoodOverlap,1000,PATT,X6,6,3,200,40,1000,1000,1.03222164117454,normal_GH_3D_Stein_order128,analytic,0.0,1.03222164117454,0.948,0.007021111023192843,1000,-0.14334058767985466,all_requested,0,operational_numerical_target_sensitivity_not_rigorous_enclosure,True
1,GoodOverlap,1000,PATT,X6,6,3,200,40,1000,1000,1.03222164117454,normal_GH_3D_Stein_order128,analytic,1e-06,1.03222264117454,0.948,0.007021111023192843,1000,-0.14343732713842017,all_requested,0,operational_numerical_target_sensitivity_not_rigorous_enclosure,True
1,GoodOverlap,1000,PATT,X6,6,3,200,40,1000,1000,1.03222164117454,normal_GH_3D_Stein_order128,refit,-1e-06,1.03222064117454,0.946,0.0071473071852271785,1000,-0.14324384803387116,all_requested,0,operational_numerical_target_sensitivity_not_rigorous_enclosure,True
1,GoodOverlap,1000,PATT,X6,6,3,200,40,1000,1000,1.03222164117454,normal_GH_3D_Stein_order128,refit,0.0,1.03222164117454,0.946,0.0071473071852271785,1000,-0.14334058767985466,all_requested,0,operational_numerical_target_sensitivity_not_rigorous_enclosure,True
1,GoodOverlap,1000,PATT,X6,6,3,200,40,1000,1000,1.03222164117454,normal_GH_3D_Stein_order128,refit,1e-06,1.03222264117454,0.946,0.0071473071852271785,1000,-0.14343732713842017,all_requested,0,operational_numerical_target_sensitivity_not_rigorous_enclosure,True
2,GoodOverlap,5000,PATE,PS,1,3,200,26,1000,1000,0.86654431501742,analytic_fixed_mixture,analytic,-1e-06,0.86654331501742,0.955,0.00655553201502365,1000,0.20026015055443,all_requested,0,arithmetic_display_analytic_PATE_no_quadrature_uncertainty,True
2,GoodOverlap,5000,PATE,PS,1,3,200,26,1000,1000,0.86654431501742,analytic_fixed_mixture,analytic,0.0,0.86654431501742,0.955,0.00655553201502365,1000,0.20014451854529103,all_requested,0,arithmetic_display_analytic_PATE_no_quadrature_uncertainty,True
2,GoodOverlap,5000,PATE,PS,1,3,200,26,1000,1000,0.86654431501742,analytic_fixed_mixture,analytic,1e-06,0.86654531501742,0.955,0.00655553201502365,1000,0.2000288868030325,all_requested,0,arithmetic_display_analytic_PATE_no_quadrature_uncertainty,True
2,GoodOverlap,5000,PATE,PS,1,3,200,26,1000,1000,0.86654431501742,analytic_fixed_mixture,refit,-1e-06,0.86654331501742,0.957,0.006414904519944161,1000,0.20026015055443,all_requested,0,arithmetic_display_analytic_PATE_no_quadrature_uncertainty,True
2,GoodOverlap,5000,PATE,PS,1,3,200,26,1000,1000,0.86654431501742,analytic_fixed_mixture,refit,0.0,0.86654431501742,0.957,0.006414904519944161,1000,0.20014451854529103,all_requested,0,arithmetic_display_analytic_PATE_no_quadrature_uncertainty,True
2,GoodOverlap,5000,PATE,PS,1,3,200,26,1000,1000,0.86654431501742,analytic_fixed_mixture,refit,1e-06,0.86654531501742,0.957,0.006414904519944161,1000,0.2000288868030325,all_requested,0,arithmetic_display_analytic_PATE_no_quadrature_uncertainty,True
2,GoodOverlap,5000,PATE,DSM,2,3,200,42,1000,1000,0.86654431501742,analytic_fixed_mixture,analytic,-1e-06,0.86654331501742,0.945,0.007209368904418752,1000,0.14155985407108437,all_requested,0,arithmetic_display_analytic_PATE_no_quadrature_uncertainty,True
2,GoodOverlap,5000,PATE,DSM,2,3,200,42,1000,1000,0.86654431501742,analytic_fixed_mixture,analytic,0.0,0.86654431501742,0.945,0.007209368904418752,1000,0.14144428980262,all_requested,0,arithmetic_display_analytic_PATE_no_quadrature_uncertainty,True
2,GoodOverlap,5000,PATE,DSM,2,3,200,42,1000,1000,0.86654431501742,analytic_fixed_mixture,analytic,1e-06,0.86654531501742,0.945,0.007209368904418752,1000,0.14132872580087977,all_requested,0,arithmetic_display_analytic_PATE_no_quadrature_uncertainty,True
2,GoodOverlap,5000,PATE,DSM,2,3,200,42,1000,1000,0.86654431501742,analytic_fixed_mixture,refit,-1e-06,0.86654331501742,0.946,0.0071473071852271785,1000,0.14155985407108437,all_requested,0,arithmetic_display_analytic_PATE_no_quadrature_uncertainty,True
2,GoodOverlap,5000,PATE,DSM,2,3,200,42,1000,1000,0.86654431501742,analytic_fixed_mixture,refit,0.0,0.86654431501742,0.946,0.0071473071852271785,1000,0.14144428980262,all_requested,0,arithmetic_display_analytic_PATE_no_quadrature_uncertainty,True
2,GoodOverlap,5000,PATE,DSM,2,3,200,42,1000,1000,0.86654431501742,analytic_fixed_mixture,refit,1e-06,0.86654531501742,0.946,0.0071473071852271785,1000,0.14132872580087977,all_requested,0,arithmetic_display_analytic_PATE_no_quadrature_uncertainty,True
2,GoodOverlap,5000,PATE,X6,6,3,200,68,1000,1000,0.86654431501742,analytic_fixed_mixture,analytic,-1e-06,0.86654331501742,0.956,0.006485676526007139,1000,0.2198719054459751,all_requested,0,arithmetic_display_analytic_PATE_no_quadrature_uncertainty,True
2,GoodOverlap,5000,PATE,X6,6,3,200,68,1000,1000,0.86654431501742,analytic_fixed_mixture,analytic,0.0,0.86654431501742,0.956,0.006485676526007139,1000,0.21975625080469305,all_requested,0,arithmetic_display_analytic_PATE_no_quadrature_uncertainty,True
2,GoodOverlap,5000,PATE,X6,6,3,200,68,1000,1000,0.86654431501742,analytic_fixed_mixture,analytic,1e-06,0.86654531501742,0.956,0.006485676526007139,1000,0.21964059643034373,all_requested,0,arithmetic_display_analytic_PATE_no_quadrature_uncertainty,True
2,GoodOverlap,5000,PATE,X6,6,3,200,68,1000,1000,0.86654431501742,analytic_fixed_mixture,refit,-1e-06,0.86654331501742,0.957,0.006414904519944161,1000,0.2198719054459751,all_requested,0,arithmetic_display_analytic_PATE_no_quadrature_uncertainty,True
2,GoodOverlap,5000,PATE,X6,6,3,200,68,1000,1000,0.86654431501742,analytic_fixed_mixture,refit,0.0,0.86654431501742,0.957,0.006414904519944161,1000,0.21975625080469305,all_requested,0,arithmetic_display_analytic_PATE_no_quadrature_uncertainty,True
2,GoodOverlap,5000,PATE,X6,6,3,200,68,1000,1000,0.86654431501742,analytic_fixed_mixture,refit,1e-06,0.86654531501742,0.957,0.006414904519944161,1000,0.21964059643034373,all_requested,0,arithmetic_display_analytic_PATE_no_quadrature_uncertainty,True
2,GoodOverlap,5000,PATT,PS,1,3,200,18,1000,1000,1.03222164117454,normal_GH_3D_Stein_order128,analytic,-1e-06,1.03222064117454,0.963,0.005969170796685251,1000,-0.1115646521979238,all_requested,0,operational_numerical_target_sensitivity_not_rigorous_enclosure,True
2,GoodOverlap,5000,PATT,PS,1,3,200,18,1000,1000,1.03222164117454,normal_GH_3D_Stein_order128,analytic,0.0,1.03222164117454,0.963,0.005969170796685251,1000,-0.1116614225342112,all_requested,0,operational_numerical_target_sensitivity_not_rigorous_enclosure,True
2,GoodOverlap,5000,PATT,PS,1,3,200,18,1000,1000,1.03222164117454,normal_GH_3D_Stein_order128,analytic,1e-06,1.03222264117454,0.963,0.005969170796685251,1000,-0.11175819268302112,all_requested,0,operational_numerical_target_sensitivity_not_rigorous_enclosure,True
2,GoodOverlap,5000,PATT,PS,1,3,200,18,1000,1000,1.03222164117454,normal_GH_3D_Stein_order128,refit,-1e-06,1.03222064117454,0.96,0.00619677335393187,1000,-0.1115646521979238,all_requested,0,operational_numerical_target_sensitivity_not_rigorous_enclosure,True
2,GoodOverlap,5000,PATT,PS,1,3,200,18,1000,1000,1.03222164117454,normal_GH_3D_Stein_order128,refit,0.0,1.03222164117454,0.96,0.00619677335393187,1000,-0.1116614225342112,all_requested,0,operational_numerical_target_sensitivity_not_rigorous_enclosure,True
2,GoodOverlap,5000,PATT,PS,1,3,200,18,1000,1000,1.03222164117454,normal_GH_3D_Stein_order128,refit,1e-06,1.03222264117454,0.96,0.00619677335393187,1000,-0.11175819268302112,all_requested,0,operational_numerical_target_sensitivity_not_rigorous_enclosure,True
2,GoodOverlap,5000,PATT,DSM,2,3,200,26,1000,1000,1.03222164117454,normal_GH_3D_Stein_order128,analytic,-1e-06,1.03222064117454,0.963,0.005969170796685251,1000,-0.19416583422822153,all_requested,0,operational_numerical_target_sensitivity_not_rigorous_enclosure,True
2,GoodOverlap,5000,PATT,DSM,2,3,200,26,1000,1000,1.03222164117454,normal_GH_3D_Stein_order128,analytic,0.0,1.03222164117454,0.963,0.005969170796685251,1000,-0.19426252454179022,all_requested,0,operational_numerical_target_sensitivity_not_rigorous_enclosure,True
2,GoodOverlap,5000,PATT,DSM,2,3,200,26,1000,1000,1.03222164117454,normal_GH_3D_Stein_order128,analytic,1e-06,1.03222264117454,0.963,0.005969170796685251,1000,-0.19435921466803646,all_requested,0,operational_numerical_target_sensitivity_not_rigorous_enclosure,True
2,GoodOverlap,5000,PATT,DSM,2,3,200,26,1000,1000,1.03222164117454,normal_GH_3D_Stein_order128,refit,-1e-06,1.03222064117454,0.959,0.006270486424512857,1000,-0.19416583422822153,all_requested,0,operational_numerical_target_sensitivity_not_rigorous_enclosure,True
2,GoodOverlap,5000,PATT,DSM,2,3,200,26,1000,1000,1.03222164117454,normal_GH_3D_Stein_order128,refit,0.0,1.03222164117454,0.959,0.006270486424512857,1000,-0.19426252454179022,all_requested,0,operational_numerical_target_sensitivity_not_rigorous_enclosure,True
2,GoodOverlap,5000,PATT,DSM,2,3,200,26,1000,1000,1.03222164117454,normal_GH_3D_Stein_order128,refit,1e-06,1.03222264117454,0.959,0.006270486424512857,1000,-0.19435921466803646,all_requested,0,operational_numerical_target_sensitivity_not_rigorous_enclosure,True
2,GoodOverlap,5000,PATT,X6,6,3,200,40,1000,1000,1.03222164117454,normal_GH_3D_Stein_order128,analytic,-1e-06,1.03222064117454,0.954,0.006624499981130654,1000,-0.12821032056687637,all_requested,0,operational_numerical_target_sensitivity_not_rigorous_enclosure,True
2,GoodOverlap,5000,PATT,X6,6,3,200,40,1000,1000,1.03222164117454,normal_GH_3D_Stein_order128,analytic,0.0,1.03222164117454,0.954,0.006624499981130654,1000,-0.1283070747771035,all_requested,0,operational_numerical_target_sensitivity_not_rigorous_enclosure,True
2,GoodOverlap,5000,PATT,X6,6,3,200,40,1000,1000,1.03222164117454,normal_GH_3D_Stein_order128,analytic,1e-06,1.03222264117454,0.954,0.006624499981130654,1000,-0.12840382879988443,all_requested,0,operational_numerical_target_sensitivity_not_rigorous_enclosure,True
2,GoodOverlap,5000,PATT,X6,6,3,200,40,1000,1000,1.03222164117454,normal_GH_3D_Stein_order128,refit,-1e-06,1.03222064117454,0.951,0.006826346021115546,1000,-0.12821032056687637,all_requested,0,operational_numerical_target_sensitivity_not_rigorous_enclosure,True
2,GoodOverlap,5000,PATT,X6,6,3,200,40,1000,1000,1.03222164117454,normal_GH_3D_Stein_order128,refit,0.0,1.03222164117454,0.951,0.006826346021115546,1000,-0.1283070747771035,all_requested,0,operational_numerical_target_sensitivity_not_rigorous_enclosure,True
2,GoodOverlap,5000,PATT,X6,6,3,200,40,1000,1000,1.03222164117454,normal_GH_3D_Stein_order128,refit,1e-06,1.03222264117454,0.951,0.006826346021115546,1000,-0.12840382879988443,all_requested,0,operational_numerical_target_sensitivity_not_rigorous_enclosure,True
3,PoorOverlap,1000,PATE,PS,1,3,200,26,1000,1000,0.86654431501742,analytic_fixed_mixture,analytic,-1e-06,0.86654331501742,0.942,0.007391616873188169,1000,0.09491224312749179,all_requested,0,arithmetic_display_analytic_PATE_no_quadrature_uncertainty,True
3,PoorOverlap,1000,PATE,PS,1,3,200,26,1000,1000,0.86654431501742,analytic_fixed_mixture,analytic,0.0,0.86654431501742,0.942,0.007391616873188169,1000,0.09479673269079358,all_requested,0,arithmetic_display_analytic_PATE_no_quadrature_uncertainty,True
3,PoorOverlap,1000,PATE,PS,1,3,200,26,1000,1000,0.86654431501742,analytic_fixed_mixture,analytic,1e-06,0.86654531501742,0.942,0.007391616873188169,1000,0.09468122252069526,all_requested,0,arithmetic_display_analytic_PATE_no_quadrature_uncertainty,True
3,PoorOverlap,1000,PATE,PS,1,3,200,26,1000,1000,0.86654431501742,analytic_fixed_mixture,refit,-1e-06,0.86654331501742,0.942,0.007391616873188169,1000,0.09491224312749179,all_requested,0,arithmetic_display_analytic_PATE_no_quadrature_uncertainty,True
3,PoorOverlap,1000,PATE,PS,1,3,200,26,1000,1000,0.86654431501742,analytic_fixed_mixture,refit,0.0,0.86654431501742,0.942,0.007391616873188169,1000,0.09479673269079358,all_requested,0,arithmetic_display_analytic_PATE_no_quadrature_uncertainty,True
3,PoorOverlap,1000,PATE,PS,1,3,200,26,1000,1000,0.86654431501742,analytic_fixed_mixture,refit,1e-06,0.86654531501742,0.942,0.007391616873188169,1000,0.09468122252069526,all_requested,0,arithmetic_display_analytic_PATE_no_quadrature_uncertainty,True
3,PoorOverlap,1000,PATE,DSM,2,3,200,42,1000,1000,0.86654431501742,analytic_fixed_mixture,analytic,-1e-06,0.86654331501742,0.931,0.008014923580421711,1000,0.5475219794876666,all_requested,0,arithmetic_display_analytic_PATE_no_quadrature_uncertainty,True
3,PoorOverlap,1000,PATE,DSM,2,3,200,42,1000,1000,0.86654431501742,analytic_fixed_mixture,analytic,0.0,0.86654431501742,0.931,0.008014923580421711,1000,0.5474059467352269,all_requested,0,arithmetic_display_analytic_PATE_no_quadrature_uncertainty,True
3,PoorOverlap,1000,PATE,DSM,2,3,200,42,1000,1000,0.86654431501742,analytic_fixed_mixture,analytic,1e-06,0.86654531501742,0.931,0.008014923580421711,1000,0.5472899142505927,all_requested,0,arithmetic_display_analytic_PATE_no_quadrature_uncertainty,True
3,PoorOverlap,1000,PATE,DSM,2,3,200,42,1000,1000,0.86654431501742,analytic_fixed_mixture,refit,-1e-06,0.86654331501742,0.936,0.007739767438366605,1000,0.5475219794876666,all_requested,0,arithmetic_display_analytic_PATE_no_quadrature_uncertainty,True
3,PoorOverlap,1000,PATE,DSM,2,3,200,42,1000,1000,0.86654431501742,analytic_fixed_mixture,refit,0.0,0.86654431501742,0.936,0.007739767438366605,1000,0.5474059467352269,all_requested,0,arithmetic_display_analytic_PATE_no_quadrature_uncertainty,True
3,PoorOverlap,1000,PATE,DSM,2,3,200,42,1000,1000,0.86654431501742,analytic_fixed_mixture,refit,1e-06,0.86654531501742,0.936,0.007739767438366605,1000,0.5472899142505927,all_requested,0,arithmetic_display_analytic_PATE_no_quadrature_uncertainty,True
3,PoorOverlap,1000,PATE,X6,6,3,200,68,1000,1000,0.86654431501742,analytic_fixed_mixture,analytic,-1e-06,0.86654331501742,0.929,0.008121514637061239,1000,0.8314633406486708,all_requested,0,arithmetic_display_analytic_PATE_no_quadrature_uncertainty,True
3,PoorOverlap,1000,PATE,X6,6,3,200,68,1000,1000,0.86654431501742,analytic_fixed_mixture,analytic,0.0,0.86654431501742,0.929,0.008121514637061239,1000,0.8313469802253247,all_requested,0,arithmetic_display_analytic_PATE_no_quadrature_uncertainty,True
3,PoorOverlap,1000,PATE,X6,6,3,200,68,1000,1000,0.86654431501742,analytic_fixed_mixture,analytic,1e-06,0.86654531501742,0.929,0.008121514637061239,1000,0.8312306200705403,all_requested,0,arithmetic_display_analytic_PATE_no_quadrature_uncertainty,True
3,PoorOverlap,1000,PATE,X6,6,3,200,68,1000,1000,0.86654431501742,analytic_fixed_mixture,refit,-1e-06,0.86654331501742,0.958,0.006343185319695463,1000,0.8314633406486708,all_requested,0,arithmetic_display_analytic_PATE_no_quadrature_uncertainty,True
3,PoorOverlap,1000,PATE,X6,6,3,200,68,1000,1000,0.86654431501742,analytic_fixed_mixture,refit,0.0,0.86654431501742,0.958,0.006343185319695463,1000,0.8313469802253247,all_requested,0,arithmetic_display_analytic_PATE_no_quadrature_uncertainty,True
3,PoorOverlap,1000,PATE,X6,6,3,200,68,1000,1000,0.86654431501742,analytic_fixed_mixture,refit,1e-06,0.86654531501742,0.958,0.006343185319695463,1000,0.8312306200705403,all_requested,0,arithmetic_display_analytic_PATE_no_quadrature_uncertainty,True
3,PoorOverlap,1000,PATT,PS,1,3,200,18,1000,1000,1.17732237076111,normal_GH_3D_Stein_order128,analytic,-1e-06,1.17732137076111,0.955,0.00655553201502365,1000,0.8118839447201475,all_requested,0,operational_numerical_target_sensitivity_not_rigorous_enclosure,True
3,PoorOverlap,1000,PATT,PS,1,3,200,18,1000,1000,1.17732237076111,normal_GH_3D_Stein_order128,analytic,0.0,1.17732237076111,0.955,0.00655553201502365,1000,0.8117983166148468,all_requested,0,operational_numerical_target_sensitivity_not_rigorous_enclosure,True
3,PoorOverlap,1000,PATT,PS,1,3,200,18,1000,1000,1.17732237076111,normal_GH_3D_Stein_order128,analytic,1e-06,1.17732337076111,0.955,0.00655553201502365,1000,0.8117126886550083,all_requested,0,operational_numerical_target_sensitivity_not_rigorous_enclosure,True
3,PoorOverlap,1000,PATT,PS,1,3,200,18,1000,1000,1.17732237076111,normal_GH_3D_Stein_order128,refit,-1e-06,1.17732137076111,0.954,0.006624499981130654,1000,0.8118839447201475,all_requested,0,operational_numerical_target_sensitivity_not_rigorous_enclosure,True
3,PoorOverlap,1000,PATT,PS,1,3,200,18,1000,1000,1.17732237076111,normal_GH_3D_Stein_order128,refit,0.0,1.17732237076111,0.954,0.006624499981130654,1000,0.8117983166148468,all_requested,0,operational_numerical_target_sensitivity_not_rigorous_enclosure,True
3,PoorOverlap,1000,PATT,PS,1,3,200,18,1000,1000,1.17732237076111,normal_GH_3D_Stein_order128,refit,1e-06,1.17732337076111,0.954,0.006624499981130654,1000,0.8117126886550083,all_requested,0,operational_numerical_target_sensitivity_not_rigorous_enclosure,True
3,PoorOverlap,1000,PATT,DSM,2,3,200,26,1000,1000,1.17732237076111,normal_GH_3D_Stein_order128,analytic,-1e-06,1.17732137076111,0.955,0.00655553201502365,1000,0.67435944067189,all_requested,0,operational_numerical_target_sensitivity_not_rigorous_enclosure,True
3,PoorOverlap,1000,PATT,DSM,2,3,200,26,1000,1000,1.17732237076111,normal_GH_3D_Stein_order128,analytic,0.0,1.17732237076111,0.955,0.00655553201502365,1000,0.6742739293778446,all_requested,0,operational_numerical_target_sensitivity_not_rigorous_enclosure,True
3,PoorOverlap,1000,PATT,DSM,2,3,200,26,1000,1000,1.17732237076111,normal_GH_3D_Stein_order128,analytic,1e-06,1.17732337076111,0.955,0.00655553201502365,1000,0.6741884182290631,all_requested,0,operational_numerical_target_sensitivity_not_rigorous_enclosure,True
3,PoorOverlap,1000,PATT,DSM,2,3,200,26,1000,1000,1.17732237076111,normal_GH_3D_Stein_order128,refit,-1e-06,1.17732137076111,0.96,0.00619677335393187,1000,0.67435944067189,all_requested,0,operational_numerical_target_sensitivity_not_rigorous_enclosure,True
3,PoorOverlap,1000,PATT,DSM,2,3,200,26,1000,1000,1.17732237076111,normal_GH_3D_Stein_order128,refit,0.0,1.17732237076111,0.96,0.00619677335393187,1000,0.6742739293778446,all_requested,0,operational_numerical_target_sensitivity_not_rigorous_enclosure,True
3,PoorOverlap,1000,PATT,DSM,2,3,200,26,1000,1000,1.17732237076111,normal_GH_3D_Stein_order128,refit,1e-06,1.17732337076111,0.96,0.00619677335393187,1000,0.6741884182290631,all_requested,0,operational_numerical_target_sensitivity_not_rigorous_enclosure,True
3,PoorOverlap,1000,PATT,X6,6,3,200,40,1000,1000,1.17732237076111,normal_GH_3D_Stein_order128,analytic,-1e-06,1.17732137076111,0.936,0.007739767438366605,1000,0.5693043709522335,all_requested,0,operational_numerical_target_sensitivity_not_rigorous_enclosure,True
3,PoorOverlap,1000,PATT,X6,6,3,200,40,1000,1000,1.17732237076111,normal_GH_3D_Stein_order128,analytic,0.0,1.17732237076111,0.936,0.007739767438366605,1000,0.5692189488903919,all_requested,0,operational_numerical_target_sensitivity_not_rigorous_enclosure,True
3,PoorOverlap,1000,PATT,X6,6,3,200,40,1000,1000,1.17732237076111,normal_GH_3D_Stein_order128,analytic,1e-06,1.17732337076111,0.936,0.007739767438366605,1000,0.5691335269736626,all_requested,0,operational_numerical_target_sensitivity_not_rigorous_enclosure,True
3,PoorOverlap,1000,PATT,X6,6,3,200,40,1000,1000,1.17732237076111,normal_GH_3D_Stein_order128,refit,-1e-06,1.17732137076111,0.948,0.007021111023192843,1000,0.5693043709522335,all_requested,0,operational_numerical_target_sensitivity_not_rigorous_enclosure,True
3,PoorOverlap,1000,PATT,X6,6,3,200,40,1000,1000,1.17732237076111,normal_GH_3D_Stein_order128,refit,0.0,1.17732237076111,0.948,0.007021111023192843,1000,0.5692189488903919,all_requested,0,operational_numerical_target_sensitivity_not_rigorous_enclosure,True
3,PoorOverlap,1000,PATT,X6,6,3,200,40,1000,1000,1.17732237076111,normal_GH_3D_Stein_order128,refit,1e-06,1.17732337076111,0.948,0.007021111023192843,1000,0.5691335269736626,all_requested,0,operational_numerical_target_sensitivity_not_rigorous_enclosure,True
4,PoorOverlap,5000,PATE,PS,1,3,200,26,1000,1000,0.86654431501742,analytic_fixed_mixture,analytic,-1e-06,0.86654331501742,0.947,0.007084560677981384,1000,1.7301109347488386,all_requested,0,arithmetic_display_analytic_PATE_no_quadrature_uncertainty,True
4,PoorOverlap,5000,PATE,PS,1,3,200,26,1000,1000,0.86654431501742,analytic_fixed_mixture,analytic,0.0,0.86654431501742,0.947,0.007084560677981384,1000,1.7299935372780173,all_requested,0,arithmetic_display_analytic_PATE_no_quadrature_uncertainty,True
4,PoorOverlap,5000,PATE,PS,1,3,200,26,1000,1000,0.86654431501742,analytic_fixed_mixture,analytic,1e-06,0.86654531501742,0.947,0.007084560677981384,1000,1.729876140078151,all_requested,0,arithmetic_display_analytic_PATE_no_quadrature_uncertainty,True
4,PoorOverlap,5000,PATE,PS,1,3,200,26,1000,1000,0.86654431501742,analytic_fixed_mixture,refit,-1e-06,0.86654331501742,0.944,0.007270763371201131,1000,1.7301109347488386,all_requested,0,arithmetic_display_analytic_PATE_no_quadrature_uncertainty,True
4,PoorOverlap,5000,PATE,PS,1,3,200,26,1000,1000,0.86654431501742,analytic_fixed_mixture,refit,0.0,0.86654431501742,0.944,0.007270763371201131,1000,1.7299935372780173,all_requested,0,arithmetic_display_analytic_PATE_no_quadrature_uncertainty,True
4,PoorOverlap,5000,PATE,PS,1,3,200,26,1000,1000,0.86654431501742,analytic_fixed_mixture,refit,1e-06,0.86654531501742,0.944,0.007270763371201131,1000,1.729876140078151,all_requested,0,arithmetic_display_analytic_PATE_no_quadrature_uncertainty,True
4,PoorOverlap,5000,PATE,DSM,2,3,200,42,1000,1000,0.86654431501742,analytic_fixed_mixture,analytic,-1e-06,0.86654331501742,0.946,0.0071473071852271785,1000,0.3717389558466402,all_requested,0,arithmetic_display_analytic_PATE_no_quadrature_uncertainty,True
4,PoorOverlap,5000,PATE,DSM,2,3,200,42,1000,1000,0.86654431501742,analytic_fixed_mixture,analytic,0.0,0.86654431501742,0.946,0.0071473071852271785,1000,0.3716231259494044,all_requested,0,arithmetic_display_analytic_PATE_no_quadrature_uncertainty,True
4,PoorOverlap,5000,PATE,DSM,2,3,200,42,1000,1000,0.86654431501742,analytic_fixed_mixture,analytic,1e-06,0.86654531501742,0.946,0.0071473071852271785,1000,0.3715072963195058,all_requested,0,arithmetic_display_analytic_PATE_no_quadrature_uncertainty,True
4,PoorOverlap,5000,PATE,DSM,2,3,200,42,1000,1000,0.86654431501742,analytic_fixed_mixture,refit,-1e-06,0.86654331501742,0.946,0.0071473071852271785,1000,0.3717389558466402,all_requested,0,arithmetic_display_analytic_PATE_no_quadrature_uncertainty,True
4,PoorOverlap,5000,PATE,DSM,2,3,200,42,1000,1000,0.86654431501742,analytic_fixed_mixture,refit,0.0,0.86654431501742,0.946,0.0071473071852271785,1000,0.3716231259494044,all_requested,0,arithmetic_display_analytic_PATE_no_quadrature_uncertainty,True
4,PoorOverlap,5000,PATE,DSM,2,3,200,42,1000,1000,0.86654431501742,analytic_fixed_mixture,refit,1e-06,0.86654531501742,0.946,0.0071473071852271785,1000,0.3715072963195058,all_requested,0,arithmetic_display_analytic_PATE_no_quadrature_uncertainty,True
4,PoorOverlap,5000,PATE,X6,6,3,200,68,1000,1000,0.86654431501742,analytic_fixed_mixture,analytic,-1e-06,0.86654331501742,0.951,0.006826346021115546,1000,0.3975280725443747,all_requested,0,arithmetic_display_analytic_PATE_no_quadrature_uncertainty,True
4,PoorOverlap,5000,PATE,X6,6,3,200,68,1000,1000,0.86654431501742,analytic_fixed_mixture,analytic,0.0,0.86654431501742,0.951,0.006826346021115546,1000,0.3974122128862643,all_requested,0,arithmetic_display_analytic_PATE_no_quadrature_uncertainty,True
4,PoorOverlap,5000,PATE,X6,6,3,200,68,1000,1000,0.86654431501742,analytic_fixed_mixture,analytic,1e-06,0.86654531501742,0.951,0.006826346021115546,1000,0.3972963534955598,all_requested,0,arithmetic_display_analytic_PATE_no_quadrature_uncertainty,True
4,PoorOverlap,5000,PATE,X6,6,3,200,68,1000,1000,0.86654431501742,analytic_fixed_mixture,refit,-1e-06,0.86654331501742,0.953,0.00669260786241059,1000,0.3975280725443747,all_requested,0,arithmetic_display_analytic_PATE_no_quadrature_uncertainty,True
4,PoorOverlap,5000,PATE,X6,6,3,200,68,1000,1000,0.86654431501742,analytic_fixed_mixture,refit,0.0,0.86654431501742,0.953,0.00669260786241059,1000,0.3974122128862643,all_requested,0,arithmetic_display_analytic_PATE_no_quadrature_uncertainty,True
4,PoorOverlap,5000,PATE,X6,6,3,200,68,1000,1000,0.86654431501742,analytic_fixed_mixture,refit,1e-06,0.86654531501742,0.953,0.00669260786241059,1000,0.3972963534955598,all_requested,0,arithmetic_display_analytic_PATE_no_quadrature_uncertainty,True
4,PoorOverlap,5000,PATT,PS,1,3,200,18,1000,1000,1.17732237076111,normal_GH_3D_Stein_order128,analytic,-1e-06,1.17732137076111,0.947,0.007084560677981384,1000,-0.08868671917037343,all_requested,0,operational_numerical_target_sensitivity_not_rigorous_enclosure,True
4,PoorOverlap,5000,PATT,PS,1,3,200,18,1000,1000,1.17732237076111,normal_GH_3D_Stein_order128,analytic,0.0,1.17732237076111,0.947,0.007084560677981384,1000,-0.08877158234443172,all_requested,0,operational_numerical_target_sensitivity_not_rigorous_enclosure,True
4,PoorOverlap,5000,PATT,PS,1,3,200,18,1000,1000,1.17732237076111,normal_GH_3D_Stein_order128,analytic,1e-06,1.17732337076111,0.947,0.007084560677981384,1000,-0.0888564453743271,all_requested,0,operational_numerical_target_sensitivity_not_rigorous_enclosure,True
4,PoorOverlap,5000,PATT,PS,1,3,200,18,1000,1000,1.17732237076111,normal_GH_3D_Stein_order128,refit,-1e-06,1.17732137076111,0.948,0.007021111023192843,1000,-0.08868671917037343,all_requested,0,operational_numerical_target_sensitivity_not_rigorous_enclosure,True
4,PoorOverlap,5000,PATT,PS,1,3,200,18,1000,1000,1.17732237076111,normal_GH_3D_Stein_order128,refit,0.0,1.17732237076111,0.948,0.007021111023192843,1000,-0.08877158234443172,all_requested,0,operational_numerical_target_sensitivity_not_rigorous_enclosure,True
4,PoorOverlap,5000,PATT,PS,1,3,200,18,1000,1000,1.17732237076111,normal_GH_3D_Stein_order128,refit,1e-06,1.17732337076111,0.948,0.007021111023192843,1000,-0.0888564453743271,all_requested,0,operational_numerical_target_sensitivity_not_rigorous_enclosure,True
4,PoorOverlap,5000,PATT,DSM,2,3,200,26,1000,1000,1.17732237076111,normal_GH_3D_Stein_order128,analytic,-1e-06,1.17732137076111,0.955,0.00655553201502365,1000,-0.14285319493722742,all_requested,0,operational_numerical_target_sensitivity_not_rigorous_enclosure,True
4,PoorOverlap,5000,PATT,DSM,2,3,200,26,1000,1000,1.17732237076111,normal_GH_3D_Stein_order128,analytic,0.0,1.17732237076111,0.955,0.00655553201502365,1000,-0.14293801210309193,all_requested,0,operational_numerical_target_sensitivity_not_rigorous_enclosure,True
4,PoorOverlap,5000,PATT,DSM,2,3,200,26,1000,1000,1.17732237076111,normal_GH_3D_Stein_order128,analytic,1e-06,1.17732337076111,0.955,0.00655553201502365,1000,-0.14302282912487171,all_requested,0,operational_numerical_target_sensitivity_not_rigorous_enclosure,True
4,PoorOverlap,5000,PATT,DSM,2,3,200,26,1000,1000,1.17732237076111,normal_GH_3D_Stein_order128,refit,-1e-06,1.17732137076111,0.958,0.006343185319695463,1000,-0.14285319493722742,all_requested,0,operational_numerical_target_sensitivity_not_rigorous_enclosure,True
4,PoorOverlap,5000,PATT,DSM,2,3,200,26,1000,1000,1.17732237076111,normal_GH_3D_Stein_order128,refit,0.0,1.17732237076111,0.958,0.006343185319695463,1000,-0.14293801210309193,all_requested,0,operational_numerical_target_sensitivity_not_rigorous_enclosure,True
4,PoorOverlap,5000,PATT,DSM,2,3,200,26,1000,1000,1.17732237076111,normal_GH_3D_Stein_order128,refit,1e-06,1.17732337076111,0.958,0.006343185319695463,1000,-0.14302282912487171,all_requested,0,operational_numerical_target_sensitivity_not_rigorous_enclosure,True
4,PoorOverlap,5000,PATT,X6,6,3,200,40,1000,1000,1.17732237076111,normal_GH_3D_Stein_order128,analytic,-1e-06,1.17732137076111,0.951,0.006826346021115546,1000,0.12306470154202896,all_requested,0,operational_numerical_target_sensitivity_not_rigorous_enclosure,True
4,PoorOverlap,5000,PATT,X6,6,3,200,40,1000,1000,1.17732237076111,normal_GH_3D_Stein_order128,analytic,0.0,1.17732237076111,0.951,0.006826346021115546,1000,0.12297965850948335,all_requested,0,operational_numerical_target_sensitivity_not_rigorous_enclosure,True
4,PoorOverlap,5000,PATT,X6,6,3,200,40,1000,1000,1.17732237076111,normal_GH_3D_Stein_order128,analytic,1e-06,1.17732337076111,0.951,0.006826346021115546,1000,0.12289461562140619,all_requested,0,operational_numerical_target_sensitivity_not_rigorous_enclosure,True
4,PoorOverlap,5000,PATT,X6,6,3,200,40,1000,1000,1.17732237076111,normal_GH_3D_Stein_order128,refit,-1e-06,1.17732137076111,0.953,0.00669260786241059,1000,0.12306470154202896,all_requested,0,operational_numerical_target_sensitivity_not_rigorous_enclosure,True
4,PoorOverlap,5000,PATT,X6,6,3,200,40,1000,1000,1.17732237076111,normal_GH_3D_Stein_order128,refit,0.0,1.17732237076111,0.953,0.00669260786241059,1000,0.12297965850948335,all_requested,0,operational_numerical_target_sensitivity_not_rigorous_enclosure,True
4,PoorOverlap,5000,PATT,X6,6,3,200,40,1000,1000,1.17732237076111,normal_GH_3D_Stein_order128,refit,1e-06,1.17732337076111,0.953,0.00669260786241059,1000,0.12289461562140619,all_requested,0,operational_numerical_target_sensitivity_not_rigorous_enclosure,True
