path,bytes,sha256,md5
REPRODUCE.md,10683,da26c284387f0d88c5478b904b6b8b8cd53ab7ffe352a1215a198ad429885340,16b8999f87bd9053fc991fa6f5955bcf
RESULTS.md,11658,acae93ed59b13a54cc9395c7ba71db9be04d398f9171bd00dd18889b9857a305,19f85ed668f8705248b2539e3374de21
first_stage/alpha_only.csv,882,7da6081639d9571389276e4fbdb9d13e227c91d2219ba28c8b5d9013f08f8ea2,729540532ace304f5ad30d4b44364d7b
first_stage/config.csv,2890,d21ee0dc8da42e4b5e1aac2aa8cb6460f087812d1e37b1ee71a1db576204e3f0,4917939fe7d07682edd769c6bb2d558d
first_stage/geometry_selection.csv,1925,93a30496cd5a3773264421eeca3aa6f8cf15aafd0e1b8bf7ce3239557460e023,4a53de266d8b42e34343f3d066a032db
first_stage/provenance.json,31756,85db735d2b4d20e499bfb4603255509cc617b6abdc3677d58af346d0b1f419a0,bb04e305a62324a16e441368873d50c5
first_stage/recovery_summary.csv,20240,08f2d1505fe138891205a4315cfc286e65c67350b94c1040125eacb3668e89e3,83a9f173da26e7cc9f03ca292d0690a2
first_stage/summary.csv,124005,8c343d5ef50a714cb54fc6cea23f9dc0093eb63314a59d41138e488d27060e0b,a2ba3c4712096e15ae83cc1184877f90
first_stage/summary_joined.csv,221707,f739cdbf4bea04d5cd457635bfaa4a2f766f8c6a07456b230e6467e8a2692096,82a70a00ab2877dd373b487b889e30fb
first_stage/task_plan.csv,69286,97a19178b254bb9c2ea5d739d10c3872add5047bb923579616d35f406c4d8fe3,900351f8fd37e9b79feae584391d7342
geometry/beta.csv,1109,97ae7a698633bdaffe22499a709b091715aeb36f2261f979ae2a36a874481bf9,9afbd92051ad9a5f4123b0dfb6cd4248
geometry/beta_covariance.csv,1123,0e6d271bf526d935096c03548b90fe98737d69795afa74d02b01f0888ab21e10,49dc54c22db69eaffefb3cce204cd1f3
geometry/boundary_term_covariance.csv,26203,2441cb4e5467925cafd0712ebde24bd7b67cfbb58be035c0d0388d8af741e595,72dcff1a3d5697b8e2057d7f7b7d820a
geometry/boundary_terms.csv,3999,c81eb2d4818b2fc2c3a4eafd4498ec652812a3137d87b6ce0a19dae49ffe220b,71d9f2eeac5c3689791669c0f86018a8
geometry/config.csv,149,c0b2978f1e302d560f5541dea26abb6af7760b68006a55af04d2504121d84749,ca92c77a7317ec7fb1cd855c26d7d9dc
geometry/geometry.csv,947,de0a1c43dc7e7f8106ed8405184b635e125bd9428f0e8828df581edddb46f04c,430c95a2d00f9017b25ea66e6cdbd7bf
primary/config.csv,1883,33d516159766f721f2d984d2e3a6b0babdb65b040395e7964d678fb8f6955319,b181cc0a023cdb5e979ebbdf73a55910
primary/recovery_audit.csv,25459,0b6a8e06cdc16a22f05d0f867f44b653609b5bf9a94cdb50cafe9c11ed4f653d,9c88ccba43b1656455b84289f9a0019f
primary/summary.csv,292210,945af521ef223456f6609d7a3f9ca0bd3c2722c05b9c279f328a7e5c7213eb78,d54227358a945f4d5807e2d1f27e553a
primary/summary_joined.csv,561691,715cc3f32827ec2b6be54a83ebd253599bbe804a7c519fde53cec947bc15a48e,13e4b6e7c012d0b7c9284654c3dabbc0
primary/task_plan.csv,28049,e47b64036181b816bf5070ecf2c758636bf7e486aa9969ed895c15a90f230491,4aa5bde2970158b2ac59e6a98b34ea0f
provenance.json,13998,6dd2cbcad66a3e0699f5bdb955e066e7b968531962ddad853ebf7ba5c937a3ea,ad6c6e6eb58c01a07df8e9324ce454b1
provenance/aggregate_check_v2.log,89,70d3312d8ae8e97f8d0cf9892a6fcdbb45179d429977c233c6cda047f83faca8,b7cecb3787501346fe678734ad0865e1
provenance/extension_snapshot.json,12088,92e2d187096117079afe69e4a4f61f29b089cae56ea980384412c173fd9eda3f,28f482df6527c5c52429e56fcdc5abcb
provenance/geometry_export_inputs.json,11019,a5cae8a390e778f173953e74908db8024954e20373afec2f8307c01ff3c5169a,9e52bb1fe10129602b9e4aa75a61085e
provenance/geometry_snapshot.json,1116,886516ae91f4c47d1fdc15b801196adbdd0bb7056e2ec8c5cbb1fc4f3fa7efd7,6c63ddcb9139ced23b4fb2ab97dd2436
provenance/primary_snapshot.json,8106,b029ae6cb0e26f82aaa5e2ddcfa94e94b6307ac5df72be9b2add1c82d9912630,e7f12f6a5e83ccfcd0fc0ee324762740
reproduce_benchmarks.R,6311,9b9c9b3ab29c3d8a6fea871c9156bbdbdd995260fa87e9661729abe110d29066,492a8e1faa684d1bd1ce45671a614588
reproduce_first_stage.R,12927,263510c13fdbee62f92235590aabaf940c80e7d35ca4eae8be325fa51320edc0,7699852201846d898202bcb29140c8c8
supplement/config.csv,432,6beaf9628065c332f50c404b89df0257c4847761c097b6f0051f0523af58fbe8,a8c859b9399af4a118c8e4bea40e0cc5
supplement/summary.csv,23612,272640242a7b0fdcda3ec110bc47d92fbf6c326a7efe107296c603aa4a0cf2d2,ee63d4dfdae2bd1c8dbb985d933a56a5
supplement/summary_joined.csv,35494,b9fea02e81bd2d56773e546ff81d897b30be50932c8d5ff5ac09e6f1f7cbf393,103aac58caa1ce39283a906c55f10407
supplement/task_plan.csv,4039,98be516baae01ad7384ce3d716c88ee0331ddba3b9c56cc719722d4a18987364,0cb56f13f91588bc48fe14b58c41baef
