key,M,d,overlap,beta,mcse,precision,nonzero_draws
M1_d1,1,1,0,1.5,0,exact_formula,NA
M1_d2,1,2,0,1.27932823270834,0.000948372991195238,monte_carlo_estimate,2e+05
M1_d3,1,3,0,1.17917830872803,0.000874724352421327,monte_carlo_estimate,2e+05
M1_d5,1,5,0,1.08472854704011,0.00103922218612921,monte_carlo_estimate,2e+05
M3_d1,3,1,0,2,0,exact_formula,NA
M3_d1,3,1,1,4,0,exact_formula,NA
M3_d1,3,1,2,4.5,0,exact_formula,NA
M3_d2,3,2,0,4.11471713860588,0.0255874897587219,monte_carlo_estimate,6e+05
M3_d2,3,2,1,4.1559402365258,0.0297222092199109,monte_carlo_estimate,6e+05
M3_d2,3,2,2,1.68606466908955,0.00893944494695133,monte_carlo_estimate,6e+05
M3_d3,3,3,0,5.60227674422895,0.0579395151910895,monte_carlo_estimate,6e+05
M3_d3,3,3,1,3.33392889655074,0.0396598588646731,monte_carlo_estimate,6e+05
M3_d3,3,3,2,0.738574233419453,0.00719017303127253,monte_carlo_estimate,6e+05
M3_d5,3,5,0,7.31373580082591,0.194804272213379,monte_carlo_estimate,6e+05
M3_d5,3,5,1,1.85667152650573,0.0626577696784634,monte_carlo_estimate,6e+05
M3_d5,3,5,2,0.1765014145983,0.00546598387995491,monte_carlo_estimate,6e+05
