key,overlap_row,overlap_column,covariance
M1_d1,0,0,0
M1_d2,0,0,8.99411330428603e-07
M1_d3,0,0,7.6514269271891e-07
M1_d5,0,0,1.07998275214317e-06
M3_d1,0,0,0
M3_d1,1,0,0
M3_d1,2,0,0
M3_d1,0,1,0
M3_d1,1,1,0
M3_d1,2,1,0
M3_d1,0,2,0
M3_d1,1,2,0
M3_d1,2,2,0
M3_d2,0,0,0.000654719632152697
M3_d2,1,0,0.000469664998270917
M3_d2,2,0,5.55640937371779e-05
M3_d2,0,1,0.000469664998270917
M3_d2,1,1,0.000883409720912156
M3_d2,2,1,0.000178102420494866
M3_d2,0,2,5.55640937371779e-05
M3_d2,1,2,0.000178102420494866
M3_d2,2,2,7.99136759595737e-05
M3_d3,0,0,0.00335698742057849
M3_d3,1,0,0.00142329025158367
M3_d3,2,0,0.000112365907018586
M3_d3,0,1,0.00142329025158367
M3_d3,1,1,0.00157290440516579
M3_d3,2,1,0.000213038950634661
M3_d3,0,2,0.000112365907018586
M3_d3,1,2,0.000213038950634661
M3_d3,2,2,5.16985882196388e-05
M3_d5,0,0,0.0379487044725843
M3_d5,1,0,0.00713187159906164
M3_d5,2,0,0.000306582735070863
M3_d5,0,1,0.00713187159906164
M3_d5,1,1,0.00392599610107936
M3_d5,2,1,0.000291195822303325
M3_d5,0,2,0.000306582735070863
M3_d5,1,2,0.000291195822303325
M3_d5,2,2,2.98769797759269e-05
