key,overlap,term,estimate,mcse,nonzero_draws,active,precision
M1_d2,0,root_root,1.27932823270834,0.000948372991195238,2e+05,TRUE,monte_carlo_estimate
M1_d2,0,one_nonroot,0,0,0,FALSE,structurally_zero
M1_d2,0,distinct_nonroot,0,0,0,FALSE,structurally_zero
M1_d2,0,shared_nonroot,0,0,0,FALSE,structurally_zero
M1_d3,0,root_root,1.17917830872803,0.000874724352421327,2e+05,TRUE,monte_carlo_estimate
M1_d3,0,one_nonroot,0,0,0,FALSE,structurally_zero
M1_d3,0,distinct_nonroot,0,0,0,FALSE,structurally_zero
M1_d3,0,shared_nonroot,0,0,0,FALSE,structurally_zero
M1_d5,0,root_root,1.08472854704011,0.00103922218612921,2e+05,TRUE,monte_carlo_estimate
M1_d5,0,one_nonroot,0,0,0,FALSE,structurally_zero
M1_d5,0,distinct_nonroot,0,0,0,FALSE,structurally_zero
M1_d5,0,shared_nonroot,0,0,0,FALSE,structurally_zero
M3_d2,0,root_root,0.597693661764871,0.000794774457708488,6e+05,TRUE,monte_carlo_estimate
M3_d2,1,root_root,0.2524104550724,0.000496211240702367,6e+05,TRUE,monte_carlo_estimate
M3_d2,2,root_root,0.283145774328046,0.00114324742351225,6e+05,TRUE,monte_carlo_estimate
M3_d2,0,one_nonroot,1.94161412850146,0.00930029136941873,73742,TRUE,monte_carlo_estimate
M3_d2,1,one_nonroot,1.67663015121686,0.00811512602874276,73742,TRUE,monte_carlo_estimate
M3_d2,2,one_nonroot,0.554936431431088,0.00509686111888813,73742,TRUE,monte_carlo_estimate
M3_d2,0,distinct_nonroot,1.57540934833955,0.0216251416490472,9636,TRUE,monte_carlo_estimate
M3_d2,1,distinct_nonroot,1.97526348304244,0.0271768685295974,9636,TRUE,monte_carlo_estimate
M3_d2,2,distinct_nonroot,0.282107816509183,0.00446131175111247,9636,TRUE,monte_carlo_estimate
M3_d2,0,shared_nonroot,0,0,0,FALSE,structurally_zero
M3_d2,1,shared_nonroot,0.251636147194101,0.00110726663410299,319979,TRUE,monte_carlo_estimate
M3_d2,2,shared_nonroot,0.565874646821232,0.00416473012441915,319982,TRUE,monte_carlo_estimate
M3_d3,0,root_root,0.702107693489475,0.000914435829071317,6e+05,TRUE,monte_carlo_estimate
M3_d3,1,root_root,0.243535855212358,0.00050619917235987,6e+05,TRUE,monte_carlo_estimate
M3_d3,2,root_root,0.108744125975457,0.000568868506024461,6e+05,TRUE,monte_carlo_estimate
M3_d3,0,one_nonroot,2.56542525158749,0.0161978930098529,51238,TRUE,monte_carlo_estimate
M3_d3,1,one_nonroot,1.32917676741678,0.0094478048269965,51238,TRUE,monte_carlo_estimate
M3_d3,2,one_nonroot,0.269570616114813,0.00375426876418491,51238,TRUE,monte_carlo_estimate
M3_d3,0,distinct_nonroot,2.33474379915198,0.0524634362917224,4399,TRUE,monte_carlo_estimate
M3_d3,1,distinct_nonroot,1.51556836840848,0.0369959633489276,4399,TRUE,monte_carlo_estimate
M3_d3,2,distinct_nonroot,0.141076417678587,0.00451442130233711,4399,TRUE,monte_carlo_estimate
M3_d3,0,shared_nonroot,0,0,0,FALSE,structurally_zero
M3_d3,1,shared_nonroot,0.245647905513117,0.00163427365923576,364968,TRUE,monte_carlo_estimate
M3_d3,2,shared_nonroot,0.219183073650596,0.00282544170541316,364968,TRUE,monte_carlo_estimate
M3_d5,0,root_root,0.843405776402764,0.00117306939804271,6e+05,TRUE,monte_carlo_estimate
M3_d5,1,root_root,0.15247661218928,0.000396101076453898,6e+05,TRUE,monte_carlo_estimate
M3_d5,2,root_root,0.0230091567021713,0.00016608278934601,6e+05,TRUE,monte_carlo_estimate
M3_d5,0,one_nonroot,3.24405306010419,0.0357693370696817,22406,TRUE,monte_carlo_estimate
M3_d5,1,one_nonroot,0.739732112742442,0.0105699467872698,22406,TRUE,monte_carlo_estimate
M3_d5,2,one_nonroot,0.0699945319804302,0.00217445613402889,22406,TRUE,monte_carlo_estimate
M3_d5,0,distinct_nonroot,3.22627696431896,0.18659045382131,804,TRUE,monte_carlo_estimate
M3_d5,1,distinct_nonroot,0.816580475332804,0.0601043997854059,804,TRUE,monte_carlo_estimate
M3_d5,2,distinct_nonroot,0.039043081158239,0.00439167274735403,804,TRUE,monte_carlo_estimate
M3_d5,0,shared_nonroot,0,0,0,FALSE,structurally_zero
M3_d5,1,shared_nonroot,0.147882326241209,0.00199023760690088,429729,TRUE,monte_carlo_estimate
M3_d5,2,shared_nonroot,0.0444546447574597,0.00143039675344196,429729,TRUE,monte_carlo_estimate
