"sampling_design","overlap","estimand","scenario","method","requested","interval_required","coverage_rule","received","missing","evaluated","not_run","point_available","point_unavailable","invalid_points","interval_available","interval_unavailable","invalid_intervals","invalid_status","warning_replicates","reference_present","paired_coverage_expected","paired_point_expected","calibration_expected","derived_point_metrics_finite","derived_interval_metrics_finite","derived_paired_metrics_finite","derived_diagnostic_metrics_finite"
"retrospective","GoodOverlap","PATE","CorCor","WDSM_M1",1000,TRUE,"inclusive",1000,0,1000,0,1000,0,0,1000,0,0,0,0,TRUE,TRUE,TRUE,TRUE,TRUE,TRUE,TRUE,TRUE
"prospective","GoodOverlap","PATE","CorCor","WDSM_M1",1000,TRUE,"inclusive",1000,0,1000,0,1000,0,0,1000,0,0,0,0,TRUE,TRUE,TRUE,TRUE,TRUE,TRUE,TRUE,TRUE
"retrospective","PoorOverlap","PATE","CorCor","WDSM_M1",1000,TRUE,"inclusive",1000,0,1000,0,1000,0,0,1000,0,0,0,0,TRUE,TRUE,TRUE,TRUE,TRUE,TRUE,TRUE,TRUE
"prospective","PoorOverlap","PATE","CorCor","WDSM_M1",1000,TRUE,"inclusive",1000,0,1000,0,1000,0,0,1000,0,0,0,0,TRUE,TRUE,TRUE,TRUE,TRUE,TRUE,TRUE,TRUE
"retrospective","GoodOverlap","PATT","CorCor","WDSM_M1",1000,TRUE,"inclusive",1000,0,1000,0,1000,0,0,1000,0,0,0,0,TRUE,TRUE,TRUE,TRUE,TRUE,TRUE,TRUE,TRUE
"prospective","GoodOverlap","PATT","CorCor","WDSM_M1",1000,TRUE,"inclusive",1000,0,1000,0,1000,0,0,1000,0,0,0,0,TRUE,TRUE,TRUE,TRUE,TRUE,TRUE,TRUE,TRUE
"retrospective","PoorOverlap","PATT","CorCor","WDSM_M1",1000,TRUE,"inclusive",1000,0,1000,0,1000,0,0,1000,0,0,0,0,TRUE,TRUE,TRUE,TRUE,TRUE,TRUE,TRUE,TRUE
"prospective","PoorOverlap","PATT","CorCor","WDSM_M1",1000,TRUE,"inclusive",1000,0,1000,0,1000,0,0,1000,0,0,0,0,TRUE,TRUE,TRUE,TRUE,TRUE,TRUE,TRUE,TRUE
"retrospective","GoodOverlap","PATE","CorMis","WDSM_M1",1000,TRUE,"inclusive",1000,0,1000,0,1000,0,0,1000,0,0,0,0,TRUE,TRUE,TRUE,TRUE,TRUE,TRUE,TRUE,TRUE
"prospective","GoodOverlap","PATE","CorMis","WDSM_M1",1000,TRUE,"inclusive",1000,0,1000,0,1000,0,0,1000,0,0,0,0,TRUE,TRUE,TRUE,TRUE,TRUE,TRUE,TRUE,TRUE
"retrospective","PoorOverlap","PATE","CorMis","WDSM_M1",1000,TRUE,"inclusive",1000,0,1000,0,1000,0,0,1000,0,0,0,0,TRUE,TRUE,TRUE,TRUE,TRUE,TRUE,TRUE,TRUE
"prospective","PoorOverlap","PATE","CorMis","WDSM_M1",1000,TRUE,"inclusive",1000,0,1000,0,1000,0,0,1000,0,0,0,0,TRUE,TRUE,TRUE,TRUE,TRUE,TRUE,TRUE,TRUE
"retrospective","GoodOverlap","PATT","CorMis","WDSM_M1",1000,TRUE,"inclusive",1000,0,1000,0,1000,0,0,1000,0,0,0,0,TRUE,TRUE,TRUE,TRUE,TRUE,TRUE,TRUE,TRUE
"prospective","GoodOverlap","PATT","CorMis","WDSM_M1",1000,TRUE,"inclusive",1000,0,1000,0,1000,0,0,1000,0,0,0,0,TRUE,TRUE,TRUE,TRUE,TRUE,TRUE,TRUE,TRUE
"retrospective","PoorOverlap","PATT","CorMis","WDSM_M1",1000,TRUE,"inclusive",1000,0,1000,0,1000,0,0,1000,0,0,0,0,TRUE,TRUE,TRUE,TRUE,TRUE,TRUE,TRUE,TRUE
"prospective","PoorOverlap","PATT","CorMis","WDSM_M1",1000,TRUE,"inclusive",1000,0,1000,0,1000,0,0,1000,0,0,0,0,TRUE,TRUE,TRUE,TRUE,TRUE,TRUE,TRUE,TRUE
"retrospective","GoodOverlap","PATE","MisCor","WDSM_M1",1000,TRUE,"inclusive",1000,0,1000,0,1000,0,0,1000,0,0,0,0,TRUE,TRUE,TRUE,TRUE,TRUE,TRUE,TRUE,TRUE
"prospective","GoodOverlap","PATE","MisCor","WDSM_M1",1000,TRUE,"inclusive",1000,0,1000,0,1000,0,0,1000,0,0,0,0,TRUE,TRUE,TRUE,TRUE,TRUE,TRUE,TRUE,TRUE
"retrospective","PoorOverlap","PATE","MisCor","WDSM_M1",1000,TRUE,"inclusive",1000,0,1000,0,1000,0,0,1000,0,0,0,0,TRUE,TRUE,TRUE,TRUE,TRUE,TRUE,TRUE,TRUE
"prospective","PoorOverlap","PATE","MisCor","WDSM_M1",1000,TRUE,"inclusive",1000,0,1000,0,1000,0,0,1000,0,0,0,0,TRUE,TRUE,TRUE,TRUE,TRUE,TRUE,TRUE,TRUE
"retrospective","GoodOverlap","PATT","MisCor","WDSM_M1",1000,TRUE,"inclusive",1000,0,1000,0,1000,0,0,1000,0,0,0,0,TRUE,TRUE,TRUE,TRUE,TRUE,TRUE,TRUE,TRUE
"prospective","GoodOverlap","PATT","MisCor","WDSM_M1",1000,TRUE,"inclusive",1000,0,1000,0,1000,0,0,1000,0,0,0,0,TRUE,TRUE,TRUE,TRUE,TRUE,TRUE,TRUE,TRUE
"retrospective","PoorOverlap","PATT","MisCor","WDSM_M1",1000,TRUE,"inclusive",1000,0,1000,0,1000,0,0,1000,0,0,0,0,TRUE,TRUE,TRUE,TRUE,TRUE,TRUE,TRUE,TRUE
"prospective","PoorOverlap","PATT","MisCor","WDSM_M1",1000,TRUE,"inclusive",1000,0,1000,0,1000,0,0,1000,0,0,0,0,TRUE,TRUE,TRUE,TRUE,TRUE,TRUE,TRUE,TRUE
"retrospective","GoodOverlap","PATE","MisMis","WDSM_M1",1000,TRUE,"inclusive",1000,0,1000,0,1000,0,0,1000,0,0,0,0,TRUE,TRUE,TRUE,TRUE,TRUE,TRUE,TRUE,TRUE
"prospective","GoodOverlap","PATE","MisMis","WDSM_M1",1000,TRUE,"inclusive",1000,0,1000,0,1000,0,0,1000,0,0,0,0,TRUE,TRUE,TRUE,TRUE,TRUE,TRUE,TRUE,TRUE
"retrospective","PoorOverlap","PATE","MisMis","WDSM_M1",1000,TRUE,"inclusive",1000,0,1000,0,1000,0,0,1000,0,0,0,0,TRUE,TRUE,TRUE,TRUE,TRUE,TRUE,TRUE,TRUE
"prospective","PoorOverlap","PATE","MisMis","WDSM_M1",1000,TRUE,"inclusive",1000,0,1000,0,1000,0,0,1000,0,0,0,0,TRUE,TRUE,TRUE,TRUE,TRUE,TRUE,TRUE,TRUE
"retrospective","GoodOverlap","PATT","MisMis","WDSM_M1",1000,TRUE,"inclusive",1000,0,1000,0,1000,0,0,1000,0,0,0,0,TRUE,TRUE,TRUE,TRUE,TRUE,TRUE,TRUE,TRUE
"prospective","GoodOverlap","PATT","MisMis","WDSM_M1",1000,TRUE,"inclusive",1000,0,1000,0,1000,0,0,1000,0,0,0,0,TRUE,TRUE,TRUE,TRUE,TRUE,TRUE,TRUE,TRUE
"retrospective","PoorOverlap","PATT","MisMis","WDSM_M1",1000,TRUE,"inclusive",1000,0,1000,0,1000,0,0,1000,0,0,0,0,TRUE,TRUE,TRUE,TRUE,TRUE,TRUE,TRUE,TRUE
"prospective","PoorOverlap","PATT","MisMis","WDSM_M1",1000,TRUE,"inclusive",1000,0,1000,0,1000,0,0,1000,0,0,0,0,TRUE,TRUE,TRUE,TRUE,TRUE,TRUE,TRUE,TRUE
"retrospective","GoodOverlap","PATE","CorCor","WDSM_M3",1000,TRUE,"inclusive",1000,0,1000,0,1000,0,0,1000,0,0,0,0,TRUE,TRUE,TRUE,TRUE,TRUE,TRUE,TRUE,TRUE
"prospective","GoodOverlap","PATE","CorCor","WDSM_M3",1000,TRUE,"inclusive",1000,0,1000,0,1000,0,0,1000,0,0,0,0,TRUE,TRUE,TRUE,TRUE,TRUE,TRUE,TRUE,TRUE
"retrospective","PoorOverlap","PATE","CorCor","WDSM_M3",1000,TRUE,"inclusive",1000,0,1000,0,1000,0,0,1000,0,0,0,0,TRUE,TRUE,TRUE,TRUE,TRUE,TRUE,TRUE,TRUE
"prospective","PoorOverlap","PATE","CorCor","WDSM_M3",1000,TRUE,"inclusive",1000,0,1000,0,1000,0,0,1000,0,0,0,0,TRUE,TRUE,TRUE,TRUE,TRUE,TRUE,TRUE,TRUE
"retrospective","GoodOverlap","PATT","CorCor","WDSM_M3",1000,TRUE,"inclusive",1000,0,1000,0,1000,0,0,1000,0,0,0,0,TRUE,TRUE,TRUE,TRUE,TRUE,TRUE,TRUE,TRUE
"prospective","GoodOverlap","PATT","CorCor","WDSM_M3",1000,TRUE,"inclusive",1000,0,1000,0,1000,0,0,1000,0,0,0,0,TRUE,TRUE,TRUE,TRUE,TRUE,TRUE,TRUE,TRUE
"retrospective","PoorOverlap","PATT","CorCor","WDSM_M3",1000,TRUE,"inclusive",1000,0,1000,0,1000,0,0,1000,0,0,0,0,TRUE,TRUE,TRUE,TRUE,TRUE,TRUE,TRUE,TRUE
"prospective","PoorOverlap","PATT","CorCor","WDSM_M3",1000,TRUE,"inclusive",1000,0,1000,0,1000,0,0,1000,0,0,0,0,TRUE,TRUE,TRUE,TRUE,TRUE,TRUE,TRUE,TRUE
"retrospective","GoodOverlap","PATE","CorMis","WDSM_M3",1000,TRUE,"inclusive",1000,0,1000,0,1000,0,0,1000,0,0,0,0,TRUE,TRUE,TRUE,TRUE,TRUE,TRUE,TRUE,TRUE
"prospective","GoodOverlap","PATE","CorMis","WDSM_M3",1000,TRUE,"inclusive",1000,0,1000,0,1000,0,0,1000,0,0,0,0,TRUE,TRUE,TRUE,TRUE,TRUE,TRUE,TRUE,TRUE
"retrospective","PoorOverlap","PATE","CorMis","WDSM_M3",1000,TRUE,"inclusive",1000,0,1000,0,1000,0,0,1000,0,0,0,0,TRUE,TRUE,TRUE,TRUE,TRUE,TRUE,TRUE,TRUE
"prospective","PoorOverlap","PATE","CorMis","WDSM_M3",1000,TRUE,"inclusive",1000,0,1000,0,1000,0,0,1000,0,0,0,0,TRUE,TRUE,TRUE,TRUE,TRUE,TRUE,TRUE,TRUE
"retrospective","GoodOverlap","PATT","CorMis","WDSM_M3",1000,TRUE,"inclusive",1000,0,1000,0,1000,0,0,1000,0,0,0,0,TRUE,TRUE,TRUE,TRUE,TRUE,TRUE,TRUE,TRUE
"prospective","GoodOverlap","PATT","CorMis","WDSM_M3",1000,TRUE,"inclusive",1000,0,1000,0,1000,0,0,1000,0,0,0,0,TRUE,TRUE,TRUE,TRUE,TRUE,TRUE,TRUE,TRUE
"retrospective","PoorOverlap","PATT","CorMis","WDSM_M3",1000,TRUE,"inclusive",1000,0,1000,0,1000,0,0,1000,0,0,0,0,TRUE,TRUE,TRUE,TRUE,TRUE,TRUE,TRUE,TRUE
"prospective","PoorOverlap","PATT","CorMis","WDSM_M3",1000,TRUE,"inclusive",1000,0,1000,0,1000,0,0,1000,0,0,0,0,TRUE,TRUE,TRUE,TRUE,TRUE,TRUE,TRUE,TRUE
"retrospective","GoodOverlap","PATE","MisCor","WDSM_M3",1000,TRUE,"inclusive",1000,0,1000,0,1000,0,0,1000,0,0,0,0,TRUE,TRUE,TRUE,TRUE,TRUE,TRUE,TRUE,TRUE
"prospective","GoodOverlap","PATE","MisCor","WDSM_M3",1000,TRUE,"inclusive",1000,0,1000,0,1000,0,0,1000,0,0,0,0,TRUE,TRUE,TRUE,TRUE,TRUE,TRUE,TRUE,TRUE
"retrospective","PoorOverlap","PATE","MisCor","WDSM_M3",1000,TRUE,"inclusive",1000,0,1000,0,1000,0,0,1000,0,0,0,0,TRUE,TRUE,TRUE,TRUE,TRUE,TRUE,TRUE,TRUE
"prospective","PoorOverlap","PATE","MisCor","WDSM_M3",1000,TRUE,"inclusive",1000,0,1000,0,1000,0,0,1000,0,0,0,0,TRUE,TRUE,TRUE,TRUE,TRUE,TRUE,TRUE,TRUE
"retrospective","GoodOverlap","PATT","MisCor","WDSM_M3",1000,TRUE,"inclusive",1000,0,1000,0,1000,0,0,1000,0,0,0,0,TRUE,TRUE,TRUE,TRUE,TRUE,TRUE,TRUE,TRUE
"prospective","GoodOverlap","PATT","MisCor","WDSM_M3",1000,TRUE,"inclusive",1000,0,1000,0,1000,0,0,1000,0,0,0,0,TRUE,TRUE,TRUE,TRUE,TRUE,TRUE,TRUE,TRUE
"retrospective","PoorOverlap","PATT","MisCor","WDSM_M3",1000,TRUE,"inclusive",1000,0,1000,0,1000,0,0,1000,0,0,0,0,TRUE,TRUE,TRUE,TRUE,TRUE,TRUE,TRUE,TRUE
"prospective","PoorOverlap","PATT","MisCor","WDSM_M3",1000,TRUE,"inclusive",1000,0,1000,0,1000,0,0,1000,0,0,0,0,TRUE,TRUE,TRUE,TRUE,TRUE,TRUE,TRUE,TRUE
"retrospective","GoodOverlap","PATE","MisMis","WDSM_M3",1000,TRUE,"inclusive",1000,0,1000,0,1000,0,0,1000,0,0,0,0,TRUE,TRUE,TRUE,TRUE,TRUE,TRUE,TRUE,TRUE
"prospective","GoodOverlap","PATE","MisMis","WDSM_M3",1000,TRUE,"inclusive",1000,0,1000,0,1000,0,0,1000,0,0,0,0,TRUE,TRUE,TRUE,TRUE,TRUE,TRUE,TRUE,TRUE
"retrospective","PoorOverlap","PATE","MisMis","WDSM_M3",1000,TRUE,"inclusive",1000,0,1000,0,1000,0,0,1000,0,0,0,0,TRUE,TRUE,TRUE,TRUE,TRUE,TRUE,TRUE,TRUE
"prospective","PoorOverlap","PATE","MisMis","WDSM_M3",1000,TRUE,"inclusive",1000,0,1000,0,1000,0,0,1000,0,0,0,0,TRUE,TRUE,TRUE,TRUE,TRUE,TRUE,TRUE,TRUE
"retrospective","GoodOverlap","PATT","MisMis","WDSM_M3",1000,TRUE,"inclusive",1000,0,1000,0,1000,0,0,1000,0,0,0,0,TRUE,TRUE,TRUE,TRUE,TRUE,TRUE,TRUE,TRUE
"prospective","GoodOverlap","PATT","MisMis","WDSM_M3",1000,TRUE,"inclusive",1000,0,1000,0,1000,0,0,1000,0,0,0,0,TRUE,TRUE,TRUE,TRUE,TRUE,TRUE,TRUE,TRUE
"retrospective","PoorOverlap","PATT","MisMis","WDSM_M3",1000,TRUE,"inclusive",1000,0,1000,0,1000,0,0,1000,0,0,0,0,TRUE,TRUE,TRUE,TRUE,TRUE,TRUE,TRUE,TRUE
"prospective","PoorOverlap","PATT","MisMis","WDSM_M3",1000,TRUE,"inclusive",1000,0,1000,0,1000,0,0,1000,0,0,0,0,TRUE,TRUE,TRUE,TRUE,TRUE,TRUE,TRUE,TRUE
"retrospective","GoodOverlap","PATE","CorCor","WDSM_M5",1000,TRUE,"inclusive",1000,0,1000,0,1000,0,0,1000,0,0,0,0,TRUE,TRUE,TRUE,TRUE,TRUE,TRUE,TRUE,TRUE
"prospective","GoodOverlap","PATE","CorCor","WDSM_M5",1000,TRUE,"inclusive",1000,0,1000,0,1000,0,0,1000,0,0,0,0,TRUE,TRUE,TRUE,TRUE,TRUE,TRUE,TRUE,TRUE
"retrospective","PoorOverlap","PATE","CorCor","WDSM_M5",1000,TRUE,"inclusive",1000,0,1000,0,1000,0,0,1000,0,0,0,0,TRUE,TRUE,TRUE,TRUE,TRUE,TRUE,TRUE,TRUE
"prospective","PoorOverlap","PATE","CorCor","WDSM_M5",1000,TRUE,"inclusive",1000,0,1000,0,1000,0,0,1000,0,0,0,0,TRUE,TRUE,TRUE,TRUE,TRUE,TRUE,TRUE,TRUE
"retrospective","GoodOverlap","PATT","CorCor","WDSM_M5",1000,TRUE,"inclusive",1000,0,1000,0,1000,0,0,1000,0,0,0,0,TRUE,TRUE,TRUE,TRUE,TRUE,TRUE,TRUE,TRUE
"prospective","GoodOverlap","PATT","CorCor","WDSM_M5",1000,TRUE,"inclusive",1000,0,1000,0,1000,0,0,1000,0,0,0,0,TRUE,TRUE,TRUE,TRUE,TRUE,TRUE,TRUE,TRUE
"retrospective","PoorOverlap","PATT","CorCor","WDSM_M5",1000,TRUE,"inclusive",1000,0,1000,0,1000,0,0,1000,0,0,0,0,TRUE,TRUE,TRUE,TRUE,TRUE,TRUE,TRUE,TRUE
"prospective","PoorOverlap","PATT","CorCor","WDSM_M5",1000,TRUE,"inclusive",1000,0,1000,0,1000,0,0,1000,0,0,0,0,TRUE,TRUE,TRUE,TRUE,TRUE,TRUE,TRUE,TRUE
"retrospective","GoodOverlap","PATE","CorMis","WDSM_M5",1000,TRUE,"inclusive",1000,0,1000,0,1000,0,0,1000,0,0,0,0,TRUE,TRUE,TRUE,TRUE,TRUE,TRUE,TRUE,TRUE
"prospective","GoodOverlap","PATE","CorMis","WDSM_M5",1000,TRUE,"inclusive",1000,0,1000,0,1000,0,0,1000,0,0,0,0,TRUE,TRUE,TRUE,TRUE,TRUE,TRUE,TRUE,TRUE
"retrospective","PoorOverlap","PATE","CorMis","WDSM_M5",1000,TRUE,"inclusive",1000,0,1000,0,1000,0,0,1000,0,0,0,0,TRUE,TRUE,TRUE,TRUE,TRUE,TRUE,TRUE,TRUE
"prospective","PoorOverlap","PATE","CorMis","WDSM_M5",1000,TRUE,"inclusive",1000,0,1000,0,1000,0,0,1000,0,0,0,0,TRUE,TRUE,TRUE,TRUE,TRUE,TRUE,TRUE,TRUE
"retrospective","GoodOverlap","PATT","CorMis","WDSM_M5",1000,TRUE,"inclusive",1000,0,1000,0,1000,0,0,1000,0,0,0,0,TRUE,TRUE,TRUE,TRUE,TRUE,TRUE,TRUE,TRUE
"prospective","GoodOverlap","PATT","CorMis","WDSM_M5",1000,TRUE,"inclusive",1000,0,1000,0,1000,0,0,1000,0,0,0,0,TRUE,TRUE,TRUE,TRUE,TRUE,TRUE,TRUE,TRUE
"retrospective","PoorOverlap","PATT","CorMis","WDSM_M5",1000,TRUE,"inclusive",1000,0,1000,0,1000,0,0,1000,0,0,0,0,TRUE,TRUE,TRUE,TRUE,TRUE,TRUE,TRUE,TRUE
"prospective","PoorOverlap","PATT","CorMis","WDSM_M5",1000,TRUE,"inclusive",1000,0,1000,0,1000,0,0,1000,0,0,0,0,TRUE,TRUE,TRUE,TRUE,TRUE,TRUE,TRUE,TRUE
"retrospective","GoodOverlap","PATE","MisCor","WDSM_M5",1000,TRUE,"inclusive",1000,0,1000,0,1000,0,0,1000,0,0,0,0,TRUE,TRUE,TRUE,TRUE,TRUE,TRUE,TRUE,TRUE
"prospective","GoodOverlap","PATE","MisCor","WDSM_M5",1000,TRUE,"inclusive",1000,0,1000,0,1000,0,0,1000,0,0,0,0,TRUE,TRUE,TRUE,TRUE,TRUE,TRUE,TRUE,TRUE
"retrospective","PoorOverlap","PATE","MisCor","WDSM_M5",1000,TRUE,"inclusive",1000,0,1000,0,1000,0,0,1000,0,0,0,0,TRUE,TRUE,TRUE,TRUE,TRUE,TRUE,TRUE,TRUE
"prospective","PoorOverlap","PATE","MisCor","WDSM_M5",1000,TRUE,"inclusive",1000,0,1000,0,1000,0,0,1000,0,0,0,0,TRUE,TRUE,TRUE,TRUE,TRUE,TRUE,TRUE,TRUE
"retrospective","GoodOverlap","PATT","MisCor","WDSM_M5",1000,TRUE,"inclusive",1000,0,1000,0,1000,0,0,1000,0,0,0,0,TRUE,TRUE,TRUE,TRUE,TRUE,TRUE,TRUE,TRUE
"prospective","GoodOverlap","PATT","MisCor","WDSM_M5",1000,TRUE,"inclusive",1000,0,1000,0,1000,0,0,1000,0,0,0,0,TRUE,TRUE,TRUE,TRUE,TRUE,TRUE,TRUE,TRUE
"retrospective","PoorOverlap","PATT","MisCor","WDSM_M5",1000,TRUE,"inclusive",1000,0,1000,0,1000,0,0,1000,0,0,0,0,TRUE,TRUE,TRUE,TRUE,TRUE,TRUE,TRUE,TRUE
"prospective","PoorOverlap","PATT","MisCor","WDSM_M5",1000,TRUE,"inclusive",1000,0,1000,0,1000,0,0,1000,0,0,0,0,TRUE,TRUE,TRUE,TRUE,TRUE,TRUE,TRUE,TRUE
"retrospective","GoodOverlap","PATE","MisMis","WDSM_M5",1000,TRUE,"inclusive",1000,0,1000,0,1000,0,0,1000,0,0,0,0,TRUE,TRUE,TRUE,TRUE,TRUE,TRUE,TRUE,TRUE
"prospective","GoodOverlap","PATE","MisMis","WDSM_M5",1000,TRUE,"inclusive",1000,0,1000,0,1000,0,0,1000,0,0,0,0,TRUE,TRUE,TRUE,TRUE,TRUE,TRUE,TRUE,TRUE
"retrospective","PoorOverlap","PATE","MisMis","WDSM_M5",1000,TRUE,"inclusive",1000,0,1000,0,1000,0,0,1000,0,0,0,0,TRUE,TRUE,TRUE,TRUE,TRUE,TRUE,TRUE,TRUE
"prospective","PoorOverlap","PATE","MisMis","WDSM_M5",1000,TRUE,"inclusive",1000,0,1000,0,1000,0,0,1000,0,0,0,0,TRUE,TRUE,TRUE,TRUE,TRUE,TRUE,TRUE,TRUE
"retrospective","GoodOverlap","PATT","MisMis","WDSM_M5",1000,TRUE,"inclusive",1000,0,1000,0,1000,0,0,1000,0,0,0,0,TRUE,TRUE,TRUE,TRUE,TRUE,TRUE,TRUE,TRUE
"prospective","GoodOverlap","PATT","MisMis","WDSM_M5",1000,TRUE,"inclusive",1000,0,1000,0,1000,0,0,1000,0,0,0,0,TRUE,TRUE,TRUE,TRUE,TRUE,TRUE,TRUE,TRUE
"retrospective","PoorOverlap","PATT","MisMis","WDSM_M5",1000,TRUE,"inclusive",1000,0,1000,0,1000,0,0,1000,0,0,0,0,TRUE,TRUE,TRUE,TRUE,TRUE,TRUE,TRUE,TRUE
"prospective","PoorOverlap","PATT","MisMis","WDSM_M5",1000,TRUE,"inclusive",1000,0,1000,0,1000,0,0,1000,0,0,0,0,TRUE,TRUE,TRUE,TRUE,TRUE,TRUE,TRUE,TRUE
"retrospective","GoodOverlap","PATE","CorCor","WM_PS_M1",1000,TRUE,"inclusive",1000,0,1000,0,1000,0,0,1000,0,0,0,0,TRUE,TRUE,TRUE,TRUE,TRUE,TRUE,TRUE,TRUE
"prospective","GoodOverlap","PATE","CorCor","WM_PS_M1",1000,TRUE,"inclusive",1000,0,1000,0,1000,0,0,1000,0,0,0,0,TRUE,TRUE,TRUE,TRUE,TRUE,TRUE,TRUE,TRUE
"retrospective","PoorOverlap","PATE","CorCor","WM_PS_M1",1000,TRUE,"inclusive",1000,0,1000,0,1000,0,0,1000,0,0,0,0,TRUE,TRUE,TRUE,TRUE,TRUE,TRUE,TRUE,TRUE
"prospective","PoorOverlap","PATE","CorCor","WM_PS_M1",1000,TRUE,"inclusive",1000,0,1000,0,1000,0,0,1000,0,0,0,0,TRUE,TRUE,TRUE,TRUE,TRUE,TRUE,TRUE,TRUE
"retrospective","GoodOverlap","PATT","CorCor","WM_PS_M1",1000,TRUE,"inclusive",1000,0,1000,0,1000,0,0,1000,0,0,0,0,TRUE,TRUE,TRUE,TRUE,TRUE,TRUE,TRUE,TRUE
"prospective","GoodOverlap","PATT","CorCor","WM_PS_M1",1000,TRUE,"inclusive",1000,0,1000,0,1000,0,0,1000,0,0,0,0,TRUE,TRUE,TRUE,TRUE,TRUE,TRUE,TRUE,TRUE
"retrospective","PoorOverlap","PATT","CorCor","WM_PS_M1",1000,TRUE,"inclusive",1000,0,1000,0,1000,0,0,1000,0,0,0,0,TRUE,TRUE,TRUE,TRUE,TRUE,TRUE,TRUE,TRUE
"prospective","PoorOverlap","PATT","CorCor","WM_PS_M1",1000,TRUE,"inclusive",1000,0,1000,0,1000,0,0,1000,0,0,0,0,TRUE,TRUE,TRUE,TRUE,TRUE,TRUE,TRUE,TRUE
"retrospective","GoodOverlap","PATE","CorMis","WM_PS_M1",1000,TRUE,"inclusive",1000,0,1000,0,1000,0,0,1000,0,0,0,0,TRUE,TRUE,TRUE,TRUE,TRUE,TRUE,TRUE,TRUE
"prospective","GoodOverlap","PATE","CorMis","WM_PS_M1",1000,TRUE,"inclusive",1000,0,1000,0,1000,0,0,1000,0,0,0,0,TRUE,TRUE,TRUE,TRUE,TRUE,TRUE,TRUE,TRUE
"retrospective","PoorOverlap","PATE","CorMis","WM_PS_M1",1000,TRUE,"inclusive",1000,0,1000,0,1000,0,0,1000,0,0,0,0,TRUE,TRUE,TRUE,TRUE,TRUE,TRUE,TRUE,TRUE
"prospective","PoorOverlap","PATE","CorMis","WM_PS_M1",1000,TRUE,"inclusive",1000,0,1000,0,1000,0,0,1000,0,0,0,0,TRUE,TRUE,TRUE,TRUE,TRUE,TRUE,TRUE,TRUE
"retrospective","GoodOverlap","PATT","CorMis","WM_PS_M1",1000,TRUE,"inclusive",1000,0,1000,0,1000,0,0,1000,0,0,0,0,TRUE,TRUE,TRUE,TRUE,TRUE,TRUE,TRUE,TRUE
"prospective","GoodOverlap","PATT","CorMis","WM_PS_M1",1000,TRUE,"inclusive",1000,0,1000,0,1000,0,0,1000,0,0,0,0,TRUE,TRUE,TRUE,TRUE,TRUE,TRUE,TRUE,TRUE
"retrospective","PoorOverlap","PATT","CorMis","WM_PS_M1",1000,TRUE,"inclusive",1000,0,1000,0,1000,0,0,1000,0,0,0,0,TRUE,TRUE,TRUE,TRUE,TRUE,TRUE,TRUE,TRUE
"prospective","PoorOverlap","PATT","CorMis","WM_PS_M1",1000,TRUE,"inclusive",1000,0,1000,0,1000,0,0,1000,0,0,0,0,TRUE,TRUE,TRUE,TRUE,TRUE,TRUE,TRUE,TRUE
"retrospective","GoodOverlap","PATE","MisCor","WM_PS_M1",1000,TRUE,"inclusive",1000,0,1000,0,1000,0,0,1000,0,0,0,0,TRUE,TRUE,TRUE,TRUE,TRUE,TRUE,TRUE,TRUE
"prospective","GoodOverlap","PATE","MisCor","WM_PS_M1",1000,TRUE,"inclusive",1000,0,1000,0,1000,0,0,1000,0,0,0,0,TRUE,TRUE,TRUE,TRUE,TRUE,TRUE,TRUE,TRUE
"retrospective","PoorOverlap","PATE","MisCor","WM_PS_M1",1000,TRUE,"inclusive",1000,0,1000,0,1000,0,0,1000,0,0,0,0,TRUE,TRUE,TRUE,TRUE,TRUE,TRUE,TRUE,TRUE
"prospective","PoorOverlap","PATE","MisCor","WM_PS_M1",1000,TRUE,"inclusive",1000,0,1000,0,1000,0,0,1000,0,0,0,0,TRUE,TRUE,TRUE,TRUE,TRUE,TRUE,TRUE,TRUE
"retrospective","GoodOverlap","PATT","MisCor","WM_PS_M1",1000,TRUE,"inclusive",1000,0,1000,0,1000,0,0,1000,0,0,0,0,TRUE,TRUE,TRUE,TRUE,TRUE,TRUE,TRUE,TRUE
"prospective","GoodOverlap","PATT","MisCor","WM_PS_M1",1000,TRUE,"inclusive",1000,0,1000,0,1000,0,0,1000,0,0,0,0,TRUE,TRUE,TRUE,TRUE,TRUE,TRUE,TRUE,TRUE
"retrospective","PoorOverlap","PATT","MisCor","WM_PS_M1",1000,TRUE,"inclusive",1000,0,1000,0,1000,0,0,1000,0,0,0,0,TRUE,TRUE,TRUE,TRUE,TRUE,TRUE,TRUE,TRUE
"prospective","PoorOverlap","PATT","MisCor","WM_PS_M1",1000,TRUE,"inclusive",1000,0,1000,0,1000,0,0,1000,0,0,0,0,TRUE,TRUE,TRUE,TRUE,TRUE,TRUE,TRUE,TRUE
"retrospective","GoodOverlap","PATE","MisMis","WM_PS_M1",1000,TRUE,"inclusive",1000,0,1000,0,1000,0,0,1000,0,0,0,0,TRUE,TRUE,TRUE,TRUE,TRUE,TRUE,TRUE,TRUE
"prospective","GoodOverlap","PATE","MisMis","WM_PS_M1",1000,TRUE,"inclusive",1000,0,1000,0,1000,0,0,1000,0,0,0,0,TRUE,TRUE,TRUE,TRUE,TRUE,TRUE,TRUE,TRUE
"retrospective","PoorOverlap","PATE","MisMis","WM_PS_M1",1000,TRUE,"inclusive",1000,0,1000,0,1000,0,0,1000,0,0,0,0,TRUE,TRUE,TRUE,TRUE,TRUE,TRUE,TRUE,TRUE
"prospective","PoorOverlap","PATE","MisMis","WM_PS_M1",1000,TRUE,"inclusive",1000,0,1000,0,1000,0,0,1000,0,0,0,0,TRUE,TRUE,TRUE,TRUE,TRUE,TRUE,TRUE,TRUE
"retrospective","GoodOverlap","PATT","MisMis","WM_PS_M1",1000,TRUE,"inclusive",1000,0,1000,0,1000,0,0,1000,0,0,0,0,TRUE,TRUE,TRUE,TRUE,TRUE,TRUE,TRUE,TRUE
"prospective","GoodOverlap","PATT","MisMis","WM_PS_M1",1000,TRUE,"inclusive",1000,0,1000,0,1000,0,0,1000,0,0,0,0,TRUE,TRUE,TRUE,TRUE,TRUE,TRUE,TRUE,TRUE
"retrospective","PoorOverlap","PATT","MisMis","WM_PS_M1",1000,TRUE,"inclusive",1000,0,1000,0,1000,0,0,1000,0,0,0,0,TRUE,TRUE,TRUE,TRUE,TRUE,TRUE,TRUE,TRUE
"prospective","PoorOverlap","PATT","MisMis","WM_PS_M1",1000,TRUE,"inclusive",1000,0,1000,0,1000,0,0,1000,0,0,0,0,TRUE,TRUE,TRUE,TRUE,TRUE,TRUE,TRUE,TRUE
"retrospective","GoodOverlap","PATE","CorCor","WM_DSM_M1",1000,TRUE,"inclusive",1000,0,1000,0,1000,0,0,1000,0,0,0,0,TRUE,TRUE,TRUE,TRUE,TRUE,TRUE,TRUE,TRUE
"prospective","GoodOverlap","PATE","CorCor","WM_DSM_M1",1000,TRUE,"inclusive",1000,0,1000,0,1000,0,0,1000,0,0,0,0,TRUE,TRUE,TRUE,TRUE,TRUE,TRUE,TRUE,TRUE
"retrospective","PoorOverlap","PATE","CorCor","WM_DSM_M1",1000,TRUE,"inclusive",1000,0,1000,0,1000,0,0,1000,0,0,0,0,TRUE,TRUE,TRUE,TRUE,TRUE,TRUE,TRUE,TRUE
"prospective","PoorOverlap","PATE","CorCor","WM_DSM_M1",1000,TRUE,"inclusive",1000,0,1000,0,1000,0,0,1000,0,0,0,0,TRUE,TRUE,TRUE,TRUE,TRUE,TRUE,TRUE,TRUE
"retrospective","GoodOverlap","PATT","CorCor","WM_DSM_M1",1000,TRUE,"inclusive",1000,0,1000,0,1000,0,0,1000,0,0,0,0,TRUE,TRUE,TRUE,TRUE,TRUE,TRUE,TRUE,TRUE
"prospective","GoodOverlap","PATT","CorCor","WM_DSM_M1",1000,TRUE,"inclusive",1000,0,1000,0,1000,0,0,1000,0,0,0,0,TRUE,TRUE,TRUE,TRUE,TRUE,TRUE,TRUE,TRUE
"retrospective","PoorOverlap","PATT","CorCor","WM_DSM_M1",1000,TRUE,"inclusive",1000,0,1000,0,1000,0,0,1000,0,0,0,0,TRUE,TRUE,TRUE,TRUE,TRUE,TRUE,TRUE,TRUE
"prospective","PoorOverlap","PATT","CorCor","WM_DSM_M1",1000,TRUE,"inclusive",1000,0,1000,0,1000,0,0,1000,0,0,0,0,TRUE,TRUE,TRUE,TRUE,TRUE,TRUE,TRUE,TRUE
"retrospective","GoodOverlap","PATE","CorMis","WM_DSM_M1",1000,TRUE,"inclusive",1000,0,1000,0,1000,0,0,1000,0,0,0,0,TRUE,TRUE,TRUE,TRUE,TRUE,TRUE,TRUE,TRUE
"prospective","GoodOverlap","PATE","CorMis","WM_DSM_M1",1000,TRUE,"inclusive",1000,0,1000,0,1000,0,0,1000,0,0,0,0,TRUE,TRUE,TRUE,TRUE,TRUE,TRUE,TRUE,TRUE
"retrospective","PoorOverlap","PATE","CorMis","WM_DSM_M1",1000,TRUE,"inclusive",1000,0,1000,0,1000,0,0,1000,0,0,0,0,TRUE,TRUE,TRUE,TRUE,TRUE,TRUE,TRUE,TRUE
"prospective","PoorOverlap","PATE","CorMis","WM_DSM_M1",1000,TRUE,"inclusive",1000,0,1000,0,1000,0,0,1000,0,0,0,0,TRUE,TRUE,TRUE,TRUE,TRUE,TRUE,TRUE,TRUE
"retrospective","GoodOverlap","PATT","CorMis","WM_DSM_M1",1000,TRUE,"inclusive",1000,0,1000,0,1000,0,0,1000,0,0,0,0,TRUE,TRUE,TRUE,TRUE,TRUE,TRUE,TRUE,TRUE
"prospective","GoodOverlap","PATT","CorMis","WM_DSM_M1",1000,TRUE,"inclusive",1000,0,1000,0,1000,0,0,1000,0,0,0,0,TRUE,TRUE,TRUE,TRUE,TRUE,TRUE,TRUE,TRUE
"retrospective","PoorOverlap","PATT","CorMis","WM_DSM_M1",1000,TRUE,"inclusive",1000,0,1000,0,1000,0,0,1000,0,0,0,0,TRUE,TRUE,TRUE,TRUE,TRUE,TRUE,TRUE,TRUE
"prospective","PoorOverlap","PATT","CorMis","WM_DSM_M1",1000,TRUE,"inclusive",1000,0,1000,0,1000,0,0,1000,0,0,0,0,TRUE,TRUE,TRUE,TRUE,TRUE,TRUE,TRUE,TRUE
"retrospective","GoodOverlap","PATE","MisCor","WM_DSM_M1",1000,TRUE,"inclusive",1000,0,1000,0,1000,0,0,1000,0,0,0,0,TRUE,TRUE,TRUE,TRUE,TRUE,TRUE,TRUE,TRUE
"prospective","GoodOverlap","PATE","MisCor","WM_DSM_M1",1000,TRUE,"inclusive",1000,0,1000,0,1000,0,0,1000,0,0,0,0,TRUE,TRUE,TRUE,TRUE,TRUE,TRUE,TRUE,TRUE
"retrospective","PoorOverlap","PATE","MisCor","WM_DSM_M1",1000,TRUE,"inclusive",1000,0,1000,0,1000,0,0,1000,0,0,0,0,TRUE,TRUE,TRUE,TRUE,TRUE,TRUE,TRUE,TRUE
"prospective","PoorOverlap","PATE","MisCor","WM_DSM_M1",1000,TRUE,"inclusive",1000,0,1000,0,1000,0,0,1000,0,0,0,0,TRUE,TRUE,TRUE,TRUE,TRUE,TRUE,TRUE,TRUE
"retrospective","GoodOverlap","PATT","MisCor","WM_DSM_M1",1000,TRUE,"inclusive",1000,0,1000,0,1000,0,0,1000,0,0,0,0,TRUE,TRUE,TRUE,TRUE,TRUE,TRUE,TRUE,TRUE
"prospective","GoodOverlap","PATT","MisCor","WM_DSM_M1",1000,TRUE,"inclusive",1000,0,1000,0,1000,0,0,1000,0,0,0,0,TRUE,TRUE,TRUE,TRUE,TRUE,TRUE,TRUE,TRUE
"retrospective","PoorOverlap","PATT","MisCor","WM_DSM_M1",1000,TRUE,"inclusive",1000,0,1000,0,1000,0,0,1000,0,0,0,0,TRUE,TRUE,TRUE,TRUE,TRUE,TRUE,TRUE,TRUE
"prospective","PoorOverlap","PATT","MisCor","WM_DSM_M1",1000,TRUE,"inclusive",1000,0,1000,0,1000,0,0,1000,0,0,0,0,TRUE,TRUE,TRUE,TRUE,TRUE,TRUE,TRUE,TRUE
"retrospective","GoodOverlap","PATE","MisMis","WM_DSM_M1",1000,TRUE,"inclusive",1000,0,1000,0,1000,0,0,1000,0,0,0,0,TRUE,TRUE,TRUE,TRUE,TRUE,TRUE,TRUE,TRUE
"prospective","GoodOverlap","PATE","MisMis","WM_DSM_M1",1000,TRUE,"inclusive",1000,0,1000,0,1000,0,0,1000,0,0,0,0,TRUE,TRUE,TRUE,TRUE,TRUE,TRUE,TRUE,TRUE
"retrospective","PoorOverlap","PATE","MisMis","WM_DSM_M1",1000,TRUE,"inclusive",1000,0,1000,0,1000,0,0,1000,0,0,0,0,TRUE,TRUE,TRUE,TRUE,TRUE,TRUE,TRUE,TRUE
"prospective","PoorOverlap","PATE","MisMis","WM_DSM_M1",1000,TRUE,"inclusive",1000,0,1000,0,1000,0,0,1000,0,0,0,0,TRUE,TRUE,TRUE,TRUE,TRUE,TRUE,TRUE,TRUE
"retrospective","GoodOverlap","PATT","MisMis","WM_DSM_M1",1000,TRUE,"inclusive",1000,0,1000,0,1000,0,0,1000,0,0,0,0,TRUE,TRUE,TRUE,TRUE,TRUE,TRUE,TRUE,TRUE
"prospective","GoodOverlap","PATT","MisMis","WM_DSM_M1",1000,TRUE,"inclusive",1000,0,1000,0,1000,0,0,1000,0,0,0,0,TRUE,TRUE,TRUE,TRUE,TRUE,TRUE,TRUE,TRUE
"retrospective","PoorOverlap","PATT","MisMis","WM_DSM_M1",1000,TRUE,"inclusive",1000,0,1000,0,1000,0,0,1000,0,0,0,0,TRUE,TRUE,TRUE,TRUE,TRUE,TRUE,TRUE,TRUE
"prospective","PoorOverlap","PATT","MisMis","WM_DSM_M1",1000,TRUE,"inclusive",1000,0,1000,0,1000,0,0,1000,0,0,0,0,TRUE,TRUE,TRUE,TRUE,TRUE,TRUE,TRUE,TRUE
"retrospective","GoodOverlap","PATE","CorCor","WM_X6_M1",1000,TRUE,"inclusive",1000,0,1000,0,1000,0,0,1000,0,0,0,0,TRUE,TRUE,TRUE,TRUE,TRUE,TRUE,TRUE,TRUE
"prospective","GoodOverlap","PATE","CorCor","WM_X6_M1",1000,TRUE,"inclusive",1000,0,1000,0,1000,0,0,1000,0,0,0,0,TRUE,TRUE,TRUE,TRUE,TRUE,TRUE,TRUE,TRUE
"retrospective","PoorOverlap","PATE","CorCor","WM_X6_M1",1000,TRUE,"inclusive",1000,0,1000,0,1000,0,0,1000,0,0,0,0,TRUE,TRUE,TRUE,TRUE,TRUE,TRUE,TRUE,TRUE
"prospective","PoorOverlap","PATE","CorCor","WM_X6_M1",1000,TRUE,"inclusive",1000,0,1000,0,1000,0,0,1000,0,0,0,0,TRUE,TRUE,TRUE,TRUE,TRUE,TRUE,TRUE,TRUE
"retrospective","GoodOverlap","PATT","CorCor","WM_X6_M1",1000,TRUE,"inclusive",1000,0,1000,0,1000,0,0,1000,0,0,0,0,TRUE,TRUE,TRUE,TRUE,TRUE,TRUE,TRUE,TRUE
"prospective","GoodOverlap","PATT","CorCor","WM_X6_M1",1000,TRUE,"inclusive",1000,0,1000,0,1000,0,0,1000,0,0,0,0,TRUE,TRUE,TRUE,TRUE,TRUE,TRUE,TRUE,TRUE
"retrospective","PoorOverlap","PATT","CorCor","WM_X6_M1",1000,TRUE,"inclusive",1000,0,1000,0,1000,0,0,1000,0,0,0,0,TRUE,TRUE,TRUE,TRUE,TRUE,TRUE,TRUE,TRUE
"prospective","PoorOverlap","PATT","CorCor","WM_X6_M1",1000,TRUE,"inclusive",1000,0,1000,0,1000,0,0,1000,0,0,0,0,TRUE,TRUE,TRUE,TRUE,TRUE,TRUE,TRUE,TRUE
"retrospective","GoodOverlap","PATE","CorMis","WM_X6_M1",1000,TRUE,"inclusive",1000,0,1000,0,1000,0,0,1000,0,0,0,0,TRUE,TRUE,TRUE,TRUE,TRUE,TRUE,TRUE,TRUE
"prospective","GoodOverlap","PATE","CorMis","WM_X6_M1",1000,TRUE,"inclusive",1000,0,1000,0,1000,0,0,1000,0,0,0,0,TRUE,TRUE,TRUE,TRUE,TRUE,TRUE,TRUE,TRUE
"retrospective","PoorOverlap","PATE","CorMis","WM_X6_M1",1000,TRUE,"inclusive",1000,0,1000,0,1000,0,0,1000,0,0,0,0,TRUE,TRUE,TRUE,TRUE,TRUE,TRUE,TRUE,TRUE
"prospective","PoorOverlap","PATE","CorMis","WM_X6_M1",1000,TRUE,"inclusive",1000,0,1000,0,1000,0,0,1000,0,0,0,0,TRUE,TRUE,TRUE,TRUE,TRUE,TRUE,TRUE,TRUE
"retrospective","GoodOverlap","PATT","CorMis","WM_X6_M1",1000,TRUE,"inclusive",1000,0,1000,0,1000,0,0,1000,0,0,0,0,TRUE,TRUE,TRUE,TRUE,TRUE,TRUE,TRUE,TRUE
"prospective","GoodOverlap","PATT","CorMis","WM_X6_M1",1000,TRUE,"inclusive",1000,0,1000,0,1000,0,0,1000,0,0,0,0,TRUE,TRUE,TRUE,TRUE,TRUE,TRUE,TRUE,TRUE
"retrospective","PoorOverlap","PATT","CorMis","WM_X6_M1",1000,TRUE,"inclusive",1000,0,1000,0,1000,0,0,1000,0,0,0,0,TRUE,TRUE,TRUE,TRUE,TRUE,TRUE,TRUE,TRUE
"prospective","PoorOverlap","PATT","CorMis","WM_X6_M1",1000,TRUE,"inclusive",1000,0,1000,0,1000,0,0,1000,0,0,0,0,TRUE,TRUE,TRUE,TRUE,TRUE,TRUE,TRUE,TRUE
"retrospective","GoodOverlap","PATE","MisCor","WM_X6_M1",1000,TRUE,"inclusive",1000,0,1000,0,1000,0,0,1000,0,0,0,0,TRUE,TRUE,TRUE,TRUE,TRUE,TRUE,TRUE,TRUE
"prospective","GoodOverlap","PATE","MisCor","WM_X6_M1",1000,TRUE,"inclusive",1000,0,1000,0,1000,0,0,1000,0,0,0,0,TRUE,TRUE,TRUE,TRUE,TRUE,TRUE,TRUE,TRUE
"retrospective","PoorOverlap","PATE","MisCor","WM_X6_M1",1000,TRUE,"inclusive",1000,0,1000,0,1000,0,0,1000,0,0,0,0,TRUE,TRUE,TRUE,TRUE,TRUE,TRUE,TRUE,TRUE
"prospective","PoorOverlap","PATE","MisCor","WM_X6_M1",1000,TRUE,"inclusive",1000,0,1000,0,1000,0,0,1000,0,0,0,0,TRUE,TRUE,TRUE,TRUE,TRUE,TRUE,TRUE,TRUE
"retrospective","GoodOverlap","PATT","MisCor","WM_X6_M1",1000,TRUE,"inclusive",1000,0,1000,0,1000,0,0,1000,0,0,0,0,TRUE,TRUE,TRUE,TRUE,TRUE,TRUE,TRUE,TRUE
"prospective","GoodOverlap","PATT","MisCor","WM_X6_M1",1000,TRUE,"inclusive",1000,0,1000,0,1000,0,0,1000,0,0,0,0,TRUE,TRUE,TRUE,TRUE,TRUE,TRUE,TRUE,TRUE
"retrospective","PoorOverlap","PATT","MisCor","WM_X6_M1",1000,TRUE,"inclusive",1000,0,1000,0,1000,0,0,1000,0,0,0,0,TRUE,TRUE,TRUE,TRUE,TRUE,TRUE,TRUE,TRUE
"prospective","PoorOverlap","PATT","MisCor","WM_X6_M1",1000,TRUE,"inclusive",1000,0,1000,0,1000,0,0,1000,0,0,0,0,TRUE,TRUE,TRUE,TRUE,TRUE,TRUE,TRUE,TRUE
"retrospective","GoodOverlap","PATE","MisMis","WM_X6_M1",1000,TRUE,"inclusive",1000,0,1000,0,1000,0,0,1000,0,0,0,0,TRUE,TRUE,TRUE,TRUE,TRUE,TRUE,TRUE,TRUE
"prospective","GoodOverlap","PATE","MisMis","WM_X6_M1",1000,TRUE,"inclusive",1000,0,1000,0,1000,0,0,1000,0,0,0,0,TRUE,TRUE,TRUE,TRUE,TRUE,TRUE,TRUE,TRUE
"retrospective","PoorOverlap","PATE","MisMis","WM_X6_M1",1000,TRUE,"inclusive",1000,0,1000,0,1000,0,0,1000,0,0,0,0,TRUE,TRUE,TRUE,TRUE,TRUE,TRUE,TRUE,TRUE
"prospective","PoorOverlap","PATE","MisMis","WM_X6_M1",1000,TRUE,"inclusive",1000,0,1000,0,1000,0,0,1000,0,0,0,0,TRUE,TRUE,TRUE,TRUE,TRUE,TRUE,TRUE,TRUE
"retrospective","GoodOverlap","PATT","MisMis","WM_X6_M1",1000,TRUE,"inclusive",1000,0,1000,0,1000,0,0,1000,0,0,0,0,TRUE,TRUE,TRUE,TRUE,TRUE,TRUE,TRUE,TRUE
"prospective","GoodOverlap","PATT","MisMis","WM_X6_M1",1000,TRUE,"inclusive",1000,0,1000,0,1000,0,0,1000,0,0,0,0,TRUE,TRUE,TRUE,TRUE,TRUE,TRUE,TRUE,TRUE
"retrospective","PoorOverlap","PATT","MisMis","WM_X6_M1",1000,TRUE,"inclusive",1000,0,1000,0,1000,0,0,1000,0,0,0,0,TRUE,TRUE,TRUE,TRUE,TRUE,TRUE,TRUE,TRUE
"prospective","PoorOverlap","PATT","MisMis","WM_X6_M1",1000,TRUE,"inclusive",1000,0,1000,0,1000,0,0,1000,0,0,0,0,TRUE,TRUE,TRUE,TRUE,TRUE,TRUE,TRUE,TRUE
"retrospective","GoodOverlap","PATE","CorCor","WM_PS_M3",1000,TRUE,"inclusive",1000,0,1000,0,1000,0,0,1000,0,0,0,0,TRUE,TRUE,TRUE,TRUE,TRUE,TRUE,TRUE,TRUE
"prospective","GoodOverlap","PATE","CorCor","WM_PS_M3",1000,TRUE,"inclusive",1000,0,1000,0,1000,0,0,1000,0,0,0,0,TRUE,TRUE,TRUE,TRUE,TRUE,TRUE,TRUE,TRUE
"retrospective","PoorOverlap","PATE","CorCor","WM_PS_M3",1000,TRUE,"inclusive",1000,0,1000,0,1000,0,0,1000,0,0,0,0,TRUE,TRUE,TRUE,TRUE,TRUE,TRUE,TRUE,TRUE
"prospective","PoorOverlap","PATE","CorCor","WM_PS_M3",1000,TRUE,"inclusive",1000,0,1000,0,1000,0,0,1000,0,0,0,0,TRUE,TRUE,TRUE,TRUE,TRUE,TRUE,TRUE,TRUE
"retrospective","GoodOverlap","PATT","CorCor","WM_PS_M3",1000,TRUE,"inclusive",1000,0,1000,0,1000,0,0,1000,0,0,0,0,TRUE,TRUE,TRUE,TRUE,TRUE,TRUE,TRUE,TRUE
"prospective","GoodOverlap","PATT","CorCor","WM_PS_M3",1000,TRUE,"inclusive",1000,0,1000,0,1000,0,0,1000,0,0,0,0,TRUE,TRUE,TRUE,TRUE,TRUE,TRUE,TRUE,TRUE
"retrospective","PoorOverlap","PATT","CorCor","WM_PS_M3",1000,TRUE,"inclusive",1000,0,1000,0,1000,0,0,1000,0,0,0,0,TRUE,TRUE,TRUE,TRUE,TRUE,TRUE,TRUE,TRUE
"prospective","PoorOverlap","PATT","CorCor","WM_PS_M3",1000,TRUE,"inclusive",1000,0,1000,0,1000,0,0,1000,0,0,0,0,TRUE,TRUE,TRUE,TRUE,TRUE,TRUE,TRUE,TRUE
"retrospective","GoodOverlap","PATE","CorMis","WM_PS_M3",1000,TRUE,"inclusive",1000,0,1000,0,1000,0,0,1000,0,0,0,0,TRUE,TRUE,TRUE,TRUE,TRUE,TRUE,TRUE,TRUE
"prospective","GoodOverlap","PATE","CorMis","WM_PS_M3",1000,TRUE,"inclusive",1000,0,1000,0,1000,0,0,1000,0,0,0,0,TRUE,TRUE,TRUE,TRUE,TRUE,TRUE,TRUE,TRUE
"retrospective","PoorOverlap","PATE","CorMis","WM_PS_M3",1000,TRUE,"inclusive",1000,0,1000,0,1000,0,0,1000,0,0,0,0,TRUE,TRUE,TRUE,TRUE,TRUE,TRUE,TRUE,TRUE
"prospective","PoorOverlap","PATE","CorMis","WM_PS_M3",1000,TRUE,"inclusive",1000,0,1000,0,1000,0,0,1000,0,0,0,0,TRUE,TRUE,TRUE,TRUE,TRUE,TRUE,TRUE,TRUE
"retrospective","GoodOverlap","PATT","CorMis","WM_PS_M3",1000,TRUE,"inclusive",1000,0,1000,0,1000,0,0,1000,0,0,0,0,TRUE,TRUE,TRUE,TRUE,TRUE,TRUE,TRUE,TRUE
"prospective","GoodOverlap","PATT","CorMis","WM_PS_M3",1000,TRUE,"inclusive",1000,0,1000,0,1000,0,0,1000,0,0,0,0,TRUE,TRUE,TRUE,TRUE,TRUE,TRUE,TRUE,TRUE
"retrospective","PoorOverlap","PATT","CorMis","WM_PS_M3",1000,TRUE,"inclusive",1000,0,1000,0,1000,0,0,1000,0,0,0,0,TRUE,TRUE,TRUE,TRUE,TRUE,TRUE,TRUE,TRUE
"prospective","PoorOverlap","PATT","CorMis","WM_PS_M3",1000,TRUE,"inclusive",1000,0,1000,0,1000,0,0,1000,0,0,0,0,TRUE,TRUE,TRUE,TRUE,TRUE,TRUE,TRUE,TRUE
"retrospective","GoodOverlap","PATE","MisCor","WM_PS_M3",1000,TRUE,"inclusive",1000,0,1000,0,1000,0,0,1000,0,0,0,0,TRUE,TRUE,TRUE,TRUE,TRUE,TRUE,TRUE,TRUE
"prospective","GoodOverlap","PATE","MisCor","WM_PS_M3",1000,TRUE,"inclusive",1000,0,1000,0,1000,0,0,1000,0,0,0,0,TRUE,TRUE,TRUE,TRUE,TRUE,TRUE,TRUE,TRUE
"retrospective","PoorOverlap","PATE","MisCor","WM_PS_M3",1000,TRUE,"inclusive",1000,0,1000,0,1000,0,0,1000,0,0,0,0,TRUE,TRUE,TRUE,TRUE,TRUE,TRUE,TRUE,TRUE
"prospective","PoorOverlap","PATE","MisCor","WM_PS_M3",1000,TRUE,"inclusive",1000,0,1000,0,1000,0,0,1000,0,0,0,0,TRUE,TRUE,TRUE,TRUE,TRUE,TRUE,TRUE,TRUE
"retrospective","GoodOverlap","PATT","MisCor","WM_PS_M3",1000,TRUE,"inclusive",1000,0,1000,0,1000,0,0,1000,0,0,0,0,TRUE,TRUE,TRUE,TRUE,TRUE,TRUE,TRUE,TRUE
"prospective","GoodOverlap","PATT","MisCor","WM_PS_M3",1000,TRUE,"inclusive",1000,0,1000,0,1000,0,0,1000,0,0,0,0,TRUE,TRUE,TRUE,TRUE,TRUE,TRUE,TRUE,TRUE
"retrospective","PoorOverlap","PATT","MisCor","WM_PS_M3",1000,TRUE,"inclusive",1000,0,1000,0,1000,0,0,1000,0,0,0,0,TRUE,TRUE,TRUE,TRUE,TRUE,TRUE,TRUE,TRUE
"prospective","PoorOverlap","PATT","MisCor","WM_PS_M3",1000,TRUE,"inclusive",1000,0,1000,0,1000,0,0,1000,0,0,0,0,TRUE,TRUE,TRUE,TRUE,TRUE,TRUE,TRUE,TRUE
"retrospective","GoodOverlap","PATE","MisMis","WM_PS_M3",1000,TRUE,"inclusive",1000,0,1000,0,1000,0,0,1000,0,0,0,0,TRUE,TRUE,TRUE,TRUE,TRUE,TRUE,TRUE,TRUE
"prospective","GoodOverlap","PATE","MisMis","WM_PS_M3",1000,TRUE,"inclusive",1000,0,1000,0,1000,0,0,1000,0,0,0,0,TRUE,TRUE,TRUE,TRUE,TRUE,TRUE,TRUE,TRUE
"retrospective","PoorOverlap","PATE","MisMis","WM_PS_M3",1000,TRUE,"inclusive",1000,0,1000,0,1000,0,0,1000,0,0,0,0,TRUE,TRUE,TRUE,TRUE,TRUE,TRUE,TRUE,TRUE
"prospective","PoorOverlap","PATE","MisMis","WM_PS_M3",1000,TRUE,"inclusive",1000,0,1000,0,1000,0,0,1000,0,0,0,0,TRUE,TRUE,TRUE,TRUE,TRUE,TRUE,TRUE,TRUE
"retrospective","GoodOverlap","PATT","MisMis","WM_PS_M3",1000,TRUE,"inclusive",1000,0,1000,0,1000,0,0,1000,0,0,0,0,TRUE,TRUE,TRUE,TRUE,TRUE,TRUE,TRUE,TRUE
"prospective","GoodOverlap","PATT","MisMis","WM_PS_M3",1000,TRUE,"inclusive",1000,0,1000,0,1000,0,0,1000,0,0,0,0,TRUE,TRUE,TRUE,TRUE,TRUE,TRUE,TRUE,TRUE
"retrospective","PoorOverlap","PATT","MisMis","WM_PS_M3",1000,TRUE,"inclusive",1000,0,1000,0,1000,0,0,1000,0,0,0,0,TRUE,TRUE,TRUE,TRUE,TRUE,TRUE,TRUE,TRUE
"prospective","PoorOverlap","PATT","MisMis","WM_PS_M3",1000,TRUE,"inclusive",1000,0,1000,0,1000,0,0,1000,0,0,0,0,TRUE,TRUE,TRUE,TRUE,TRUE,TRUE,TRUE,TRUE
"retrospective","GoodOverlap","PATE","CorCor","WM_DSM_M3",1000,TRUE,"inclusive",1000,0,1000,0,1000,0,0,1000,0,0,0,0,TRUE,TRUE,TRUE,TRUE,TRUE,TRUE,TRUE,TRUE
"prospective","GoodOverlap","PATE","CorCor","WM_DSM_M3",1000,TRUE,"inclusive",1000,0,1000,0,1000,0,0,1000,0,0,0,0,TRUE,TRUE,TRUE,TRUE,TRUE,TRUE,TRUE,TRUE
"retrospective","PoorOverlap","PATE","CorCor","WM_DSM_M3",1000,TRUE,"inclusive",1000,0,1000,0,1000,0,0,1000,0,0,0,0,TRUE,TRUE,TRUE,TRUE,TRUE,TRUE,TRUE,TRUE
"prospective","PoorOverlap","PATE","CorCor","WM_DSM_M3",1000,TRUE,"inclusive",1000,0,1000,0,1000,0,0,1000,0,0,0,0,TRUE,TRUE,TRUE,TRUE,TRUE,TRUE,TRUE,TRUE
"retrospective","GoodOverlap","PATT","CorCor","WM_DSM_M3",1000,TRUE,"inclusive",1000,0,1000,0,1000,0,0,1000,0,0,0,0,TRUE,TRUE,TRUE,TRUE,TRUE,TRUE,TRUE,TRUE
"prospective","GoodOverlap","PATT","CorCor","WM_DSM_M3",1000,TRUE,"inclusive",1000,0,1000,0,1000,0,0,1000,0,0,0,0,TRUE,TRUE,TRUE,TRUE,TRUE,TRUE,TRUE,TRUE
"retrospective","PoorOverlap","PATT","CorCor","WM_DSM_M3",1000,TRUE,"inclusive",1000,0,1000,0,1000,0,0,1000,0,0,0,0,TRUE,TRUE,TRUE,TRUE,TRUE,TRUE,TRUE,TRUE
"prospective","PoorOverlap","PATT","CorCor","WM_DSM_M3",1000,TRUE,"inclusive",1000,0,1000,0,1000,0,0,1000,0,0,0,0,TRUE,TRUE,TRUE,TRUE,TRUE,TRUE,TRUE,TRUE
"retrospective","GoodOverlap","PATE","CorMis","WM_DSM_M3",1000,TRUE,"inclusive",1000,0,1000,0,1000,0,0,1000,0,0,0,0,TRUE,TRUE,TRUE,TRUE,TRUE,TRUE,TRUE,TRUE
"prospective","GoodOverlap","PATE","CorMis","WM_DSM_M3",1000,TRUE,"inclusive",1000,0,1000,0,1000,0,0,1000,0,0,0,0,TRUE,TRUE,TRUE,TRUE,TRUE,TRUE,TRUE,TRUE
"retrospective","PoorOverlap","PATE","CorMis","WM_DSM_M3",1000,TRUE,"inclusive",1000,0,1000,0,1000,0,0,1000,0,0,0,0,TRUE,TRUE,TRUE,TRUE,TRUE,TRUE,TRUE,TRUE
"prospective","PoorOverlap","PATE","CorMis","WM_DSM_M3",1000,TRUE,"inclusive",1000,0,1000,0,1000,0,0,1000,0,0,0,0,TRUE,TRUE,TRUE,TRUE,TRUE,TRUE,TRUE,TRUE
"retrospective","GoodOverlap","PATT","CorMis","WM_DSM_M3",1000,TRUE,"inclusive",1000,0,1000,0,1000,0,0,1000,0,0,0,0,TRUE,TRUE,TRUE,TRUE,TRUE,TRUE,TRUE,TRUE
"prospective","GoodOverlap","PATT","CorMis","WM_DSM_M3",1000,TRUE,"inclusive",1000,0,1000,0,1000,0,0,1000,0,0,0,0,TRUE,TRUE,TRUE,TRUE,TRUE,TRUE,TRUE,TRUE
"retrospective","PoorOverlap","PATT","CorMis","WM_DSM_M3",1000,TRUE,"inclusive",1000,0,1000,0,1000,0,0,1000,0,0,0,0,TRUE,TRUE,TRUE,TRUE,TRUE,TRUE,TRUE,TRUE
"prospective","PoorOverlap","PATT","CorMis","WM_DSM_M3",1000,TRUE,"inclusive",1000,0,1000,0,1000,0,0,1000,0,0,0,0,TRUE,TRUE,TRUE,TRUE,TRUE,TRUE,TRUE,TRUE
"retrospective","GoodOverlap","PATE","MisCor","WM_DSM_M3",1000,TRUE,"inclusive",1000,0,1000,0,1000,0,0,1000,0,0,0,0,TRUE,TRUE,TRUE,TRUE,TRUE,TRUE,TRUE,TRUE
"prospective","GoodOverlap","PATE","MisCor","WM_DSM_M3",1000,TRUE,"inclusive",1000,0,1000,0,1000,0,0,1000,0,0,0,0,TRUE,TRUE,TRUE,TRUE,TRUE,TRUE,TRUE,TRUE
"retrospective","PoorOverlap","PATE","MisCor","WM_DSM_M3",1000,TRUE,"inclusive",1000,0,1000,0,1000,0,0,1000,0,0,0,0,TRUE,TRUE,TRUE,TRUE,TRUE,TRUE,TRUE,TRUE
"prospective","PoorOverlap","PATE","MisCor","WM_DSM_M3",1000,TRUE,"inclusive",1000,0,1000,0,1000,0,0,1000,0,0,0,0,TRUE,TRUE,TRUE,TRUE,TRUE,TRUE,TRUE,TRUE
"retrospective","GoodOverlap","PATT","MisCor","WM_DSM_M3",1000,TRUE,"inclusive",1000,0,1000,0,1000,0,0,1000,0,0,0,0,TRUE,TRUE,TRUE,TRUE,TRUE,TRUE,TRUE,TRUE
"prospective","GoodOverlap","PATT","MisCor","WM_DSM_M3",1000,TRUE,"inclusive",1000,0,1000,0,1000,0,0,1000,0,0,0,0,TRUE,TRUE,TRUE,TRUE,TRUE,TRUE,TRUE,TRUE
"retrospective","PoorOverlap","PATT","MisCor","WM_DSM_M3",1000,TRUE,"inclusive",1000,0,1000,0,1000,0,0,1000,0,0,0,0,TRUE,TRUE,TRUE,TRUE,TRUE,TRUE,TRUE,TRUE
"prospective","PoorOverlap","PATT","MisCor","WM_DSM_M3",1000,TRUE,"inclusive",1000,0,1000,0,1000,0,0,1000,0,0,0,0,TRUE,TRUE,TRUE,TRUE,TRUE,TRUE,TRUE,TRUE
"retrospective","GoodOverlap","PATE","MisMis","WM_DSM_M3",1000,TRUE,"inclusive",1000,0,1000,0,1000,0,0,1000,0,0,0,0,TRUE,TRUE,TRUE,TRUE,TRUE,TRUE,TRUE,TRUE
"prospective","GoodOverlap","PATE","MisMis","WM_DSM_M3",1000,TRUE,"inclusive",1000,0,1000,0,1000,0,0,1000,0,0,0,0,TRUE,TRUE,TRUE,TRUE,TRUE,TRUE,TRUE,TRUE
"retrospective","PoorOverlap","PATE","MisMis","WM_DSM_M3",1000,TRUE,"inclusive",1000,0,1000,0,1000,0,0,1000,0,0,0,0,TRUE,TRUE,TRUE,TRUE,TRUE,TRUE,TRUE,TRUE
"prospective","PoorOverlap","PATE","MisMis","WM_DSM_M3",1000,TRUE,"inclusive",1000,0,1000,0,1000,0,0,1000,0,0,0,0,TRUE,TRUE,TRUE,TRUE,TRUE,TRUE,TRUE,TRUE
"retrospective","GoodOverlap","PATT","MisMis","WM_DSM_M3",1000,TRUE,"inclusive",1000,0,1000,0,1000,0,0,1000,0,0,0,0,TRUE,TRUE,TRUE,TRUE,TRUE,TRUE,TRUE,TRUE
"prospective","GoodOverlap","PATT","MisMis","WM_DSM_M3",1000,TRUE,"inclusive",1000,0,1000,0,1000,0,0,1000,0,0,0,0,TRUE,TRUE,TRUE,TRUE,TRUE,TRUE,TRUE,TRUE
"retrospective","PoorOverlap","PATT","MisMis","WM_DSM_M3",1000,TRUE,"inclusive",1000,0,1000,0,1000,0,0,1000,0,0,0,0,TRUE,TRUE,TRUE,TRUE,TRUE,TRUE,TRUE,TRUE
"prospective","PoorOverlap","PATT","MisMis","WM_DSM_M3",1000,TRUE,"inclusive",1000,0,1000,0,1000,0,0,1000,0,0,0,0,TRUE,TRUE,TRUE,TRUE,TRUE,TRUE,TRUE,TRUE
"retrospective","GoodOverlap","PATE","CorCor","WM_X6_M3",1000,TRUE,"inclusive",1000,0,1000,0,1000,0,0,1000,0,0,0,0,TRUE,TRUE,TRUE,TRUE,TRUE,TRUE,TRUE,TRUE
"prospective","GoodOverlap","PATE","CorCor","WM_X6_M3",1000,TRUE,"inclusive",1000,0,1000,0,1000,0,0,1000,0,0,0,0,TRUE,TRUE,TRUE,TRUE,TRUE,TRUE,TRUE,TRUE
"retrospective","PoorOverlap","PATE","CorCor","WM_X6_M3",1000,TRUE,"inclusive",1000,0,1000,0,1000,0,0,1000,0,0,0,0,TRUE,TRUE,TRUE,TRUE,TRUE,TRUE,TRUE,TRUE
"prospective","PoorOverlap","PATE","CorCor","WM_X6_M3",1000,TRUE,"inclusive",1000,0,1000,0,1000,0,0,1000,0,0,0,0,TRUE,TRUE,TRUE,TRUE,TRUE,TRUE,TRUE,TRUE
"retrospective","GoodOverlap","PATT","CorCor","WM_X6_M3",1000,TRUE,"inclusive",1000,0,1000,0,1000,0,0,1000,0,0,0,0,TRUE,TRUE,TRUE,TRUE,TRUE,TRUE,TRUE,TRUE
"prospective","GoodOverlap","PATT","CorCor","WM_X6_M3",1000,TRUE,"inclusive",1000,0,1000,0,1000,0,0,1000,0,0,0,0,TRUE,TRUE,TRUE,TRUE,TRUE,TRUE,TRUE,TRUE
"retrospective","PoorOverlap","PATT","CorCor","WM_X6_M3",1000,TRUE,"inclusive",1000,0,1000,0,1000,0,0,1000,0,0,0,0,TRUE,TRUE,TRUE,TRUE,TRUE,TRUE,TRUE,TRUE
"prospective","PoorOverlap","PATT","CorCor","WM_X6_M3",1000,TRUE,"inclusive",1000,0,1000,0,1000,0,0,1000,0,0,0,0,TRUE,TRUE,TRUE,TRUE,TRUE,TRUE,TRUE,TRUE
"retrospective","GoodOverlap","PATE","CorMis","WM_X6_M3",1000,TRUE,"inclusive",1000,0,1000,0,1000,0,0,1000,0,0,0,0,TRUE,TRUE,TRUE,TRUE,TRUE,TRUE,TRUE,TRUE
"prospective","GoodOverlap","PATE","CorMis","WM_X6_M3",1000,TRUE,"inclusive",1000,0,1000,0,1000,0,0,1000,0,0,0,0,TRUE,TRUE,TRUE,TRUE,TRUE,TRUE,TRUE,TRUE
"retrospective","PoorOverlap","PATE","CorMis","WM_X6_M3",1000,TRUE,"inclusive",1000,0,1000,0,1000,0,0,1000,0,0,0,0,TRUE,TRUE,TRUE,TRUE,TRUE,TRUE,TRUE,TRUE
"prospective","PoorOverlap","PATE","CorMis","WM_X6_M3",1000,TRUE,"inclusive",1000,0,1000,0,1000,0,0,1000,0,0,0,0,TRUE,TRUE,TRUE,TRUE,TRUE,TRUE,TRUE,TRUE
"retrospective","GoodOverlap","PATT","CorMis","WM_X6_M3",1000,TRUE,"inclusive",1000,0,1000,0,1000,0,0,1000,0,0,0,0,TRUE,TRUE,TRUE,TRUE,TRUE,TRUE,TRUE,TRUE
"prospective","GoodOverlap","PATT","CorMis","WM_X6_M3",1000,TRUE,"inclusive",1000,0,1000,0,1000,0,0,1000,0,0,0,0,TRUE,TRUE,TRUE,TRUE,TRUE,TRUE,TRUE,TRUE
"retrospective","PoorOverlap","PATT","CorMis","WM_X6_M3",1000,TRUE,"inclusive",1000,0,1000,0,1000,0,0,1000,0,0,0,0,TRUE,TRUE,TRUE,TRUE,TRUE,TRUE,TRUE,TRUE
"prospective","PoorOverlap","PATT","CorMis","WM_X6_M3",1000,TRUE,"inclusive",1000,0,1000,0,1000,0,0,1000,0,0,0,0,TRUE,TRUE,TRUE,TRUE,TRUE,TRUE,TRUE,TRUE
"retrospective","GoodOverlap","PATE","MisCor","WM_X6_M3",1000,TRUE,"inclusive",1000,0,1000,0,1000,0,0,1000,0,0,0,0,TRUE,TRUE,TRUE,TRUE,TRUE,TRUE,TRUE,TRUE
"prospective","GoodOverlap","PATE","MisCor","WM_X6_M3",1000,TRUE,"inclusive",1000,0,1000,0,1000,0,0,1000,0,0,0,0,TRUE,TRUE,TRUE,TRUE,TRUE,TRUE,TRUE,TRUE
"retrospective","PoorOverlap","PATE","MisCor","WM_X6_M3",1000,TRUE,"inclusive",1000,0,1000,0,1000,0,0,1000,0,0,0,0,TRUE,TRUE,TRUE,TRUE,TRUE,TRUE,TRUE,TRUE
"prospective","PoorOverlap","PATE","MisCor","WM_X6_M3",1000,TRUE,"inclusive",1000,0,1000,0,1000,0,0,1000,0,0,0,0,TRUE,TRUE,TRUE,TRUE,TRUE,TRUE,TRUE,TRUE
"retrospective","GoodOverlap","PATT","MisCor","WM_X6_M3",1000,TRUE,"inclusive",1000,0,1000,0,1000,0,0,1000,0,0,0,0,TRUE,TRUE,TRUE,TRUE,TRUE,TRUE,TRUE,TRUE
"prospective","GoodOverlap","PATT","MisCor","WM_X6_M3",1000,TRUE,"inclusive",1000,0,1000,0,1000,0,0,1000,0,0,0,0,TRUE,TRUE,TRUE,TRUE,TRUE,TRUE,TRUE,TRUE
"retrospective","PoorOverlap","PATT","MisCor","WM_X6_M3",1000,TRUE,"inclusive",1000,0,1000,0,1000,0,0,1000,0,0,0,0,TRUE,TRUE,TRUE,TRUE,TRUE,TRUE,TRUE,TRUE
"prospective","PoorOverlap","PATT","MisCor","WM_X6_M3",1000,TRUE,"inclusive",1000,0,1000,0,1000,0,0,1000,0,0,0,0,TRUE,TRUE,TRUE,TRUE,TRUE,TRUE,TRUE,TRUE
"retrospective","GoodOverlap","PATE","MisMis","WM_X6_M3",1000,TRUE,"inclusive",1000,0,1000,0,1000,0,0,1000,0,0,0,0,TRUE,TRUE,TRUE,TRUE,TRUE,TRUE,TRUE,TRUE
"prospective","GoodOverlap","PATE","MisMis","WM_X6_M3",1000,TRUE,"inclusive",1000,0,1000,0,1000,0,0,1000,0,0,0,0,TRUE,TRUE,TRUE,TRUE,TRUE,TRUE,TRUE,TRUE
"retrospective","PoorOverlap","PATE","MisMis","WM_X6_M3",1000,TRUE,"inclusive",1000,0,1000,0,1000,0,0,1000,0,0,0,0,TRUE,TRUE,TRUE,TRUE,TRUE,TRUE,TRUE,TRUE
"prospective","PoorOverlap","PATE","MisMis","WM_X6_M3",1000,TRUE,"inclusive",1000,0,1000,0,1000,0,0,1000,0,0,0,0,TRUE,TRUE,TRUE,TRUE,TRUE,TRUE,TRUE,TRUE
"retrospective","GoodOverlap","PATT","MisMis","WM_X6_M3",1000,TRUE,"inclusive",1000,0,1000,0,1000,0,0,1000,0,0,0,0,TRUE,TRUE,TRUE,TRUE,TRUE,TRUE,TRUE,TRUE
"prospective","GoodOverlap","PATT","MisMis","WM_X6_M3",1000,TRUE,"inclusive",1000,0,1000,0,1000,0,0,1000,0,0,0,0,TRUE,TRUE,TRUE,TRUE,TRUE,TRUE,TRUE,TRUE
"retrospective","PoorOverlap","PATT","MisMis","WM_X6_M3",1000,TRUE,"inclusive",1000,0,1000,0,1000,0,0,1000,0,0,0,0,TRUE,TRUE,TRUE,TRUE,TRUE,TRUE,TRUE,TRUE
"prospective","PoorOverlap","PATT","MisMis","WM_X6_M3",1000,TRUE,"inclusive",1000,0,1000,0,1000,0,0,1000,0,0,0,0,TRUE,TRUE,TRUE,TRUE,TRUE,TRUE,TRUE,TRUE
"retrospective","GoodOverlap","PATE","CorCor","WM_PS_M5",1000,TRUE,"inclusive",1000,0,1000,0,1000,0,0,1000,0,0,0,0,TRUE,TRUE,TRUE,TRUE,TRUE,TRUE,TRUE,TRUE
"prospective","GoodOverlap","PATE","CorCor","WM_PS_M5",1000,TRUE,"inclusive",1000,0,1000,0,1000,0,0,1000,0,0,0,0,TRUE,TRUE,TRUE,TRUE,TRUE,TRUE,TRUE,TRUE
"retrospective","PoorOverlap","PATE","CorCor","WM_PS_M5",1000,TRUE,"inclusive",1000,0,1000,0,1000,0,0,1000,0,0,0,0,TRUE,TRUE,TRUE,TRUE,TRUE,TRUE,TRUE,TRUE
"prospective","PoorOverlap","PATE","CorCor","WM_PS_M5",1000,TRUE,"inclusive",1000,0,1000,0,1000,0,0,1000,0,0,0,0,TRUE,TRUE,TRUE,TRUE,TRUE,TRUE,TRUE,TRUE
"retrospective","GoodOverlap","PATT","CorCor","WM_PS_M5",1000,TRUE,"inclusive",1000,0,1000,0,1000,0,0,1000,0,0,0,0,TRUE,TRUE,TRUE,TRUE,TRUE,TRUE,TRUE,TRUE
"prospective","GoodOverlap","PATT","CorCor","WM_PS_M5",1000,TRUE,"inclusive",1000,0,1000,0,1000,0,0,1000,0,0,0,0,TRUE,TRUE,TRUE,TRUE,TRUE,TRUE,TRUE,TRUE
"retrospective","PoorOverlap","PATT","CorCor","WM_PS_M5",1000,TRUE,"inclusive",1000,0,1000,0,1000,0,0,1000,0,0,0,0,TRUE,TRUE,TRUE,TRUE,TRUE,TRUE,TRUE,TRUE
"prospective","PoorOverlap","PATT","CorCor","WM_PS_M5",1000,TRUE,"inclusive",1000,0,1000,0,1000,0,0,1000,0,0,0,0,TRUE,TRUE,TRUE,TRUE,TRUE,TRUE,TRUE,TRUE
"retrospective","GoodOverlap","PATE","CorMis","WM_PS_M5",1000,TRUE,"inclusive",1000,0,1000,0,1000,0,0,1000,0,0,0,0,TRUE,TRUE,TRUE,TRUE,TRUE,TRUE,TRUE,TRUE
"prospective","GoodOverlap","PATE","CorMis","WM_PS_M5",1000,TRUE,"inclusive",1000,0,1000,0,1000,0,0,1000,0,0,0,0,TRUE,TRUE,TRUE,TRUE,TRUE,TRUE,TRUE,TRUE
"retrospective","PoorOverlap","PATE","CorMis","WM_PS_M5",1000,TRUE,"inclusive",1000,0,1000,0,1000,0,0,1000,0,0,0,0,TRUE,TRUE,TRUE,TRUE,TRUE,TRUE,TRUE,TRUE
"prospective","PoorOverlap","PATE","CorMis","WM_PS_M5",1000,TRUE,"inclusive",1000,0,1000,0,1000,0,0,1000,0,0,0,0,TRUE,TRUE,TRUE,TRUE,TRUE,TRUE,TRUE,TRUE
"retrospective","GoodOverlap","PATT","CorMis","WM_PS_M5",1000,TRUE,"inclusive",1000,0,1000,0,1000,0,0,1000,0,0,0,0,TRUE,TRUE,TRUE,TRUE,TRUE,TRUE,TRUE,TRUE
"prospective","GoodOverlap","PATT","CorMis","WM_PS_M5",1000,TRUE,"inclusive",1000,0,1000,0,1000,0,0,1000,0,0,0,0,TRUE,TRUE,TRUE,TRUE,TRUE,TRUE,TRUE,TRUE
"retrospective","PoorOverlap","PATT","CorMis","WM_PS_M5",1000,TRUE,"inclusive",1000,0,1000,0,1000,0,0,1000,0,0,0,0,TRUE,TRUE,TRUE,TRUE,TRUE,TRUE,TRUE,TRUE
"prospective","PoorOverlap","PATT","CorMis","WM_PS_M5",1000,TRUE,"inclusive",1000,0,1000,0,1000,0,0,1000,0,0,0,0,TRUE,TRUE,TRUE,TRUE,TRUE,TRUE,TRUE,TRUE
"retrospective","GoodOverlap","PATE","MisCor","WM_PS_M5",1000,TRUE,"inclusive",1000,0,1000,0,1000,0,0,1000,0,0,0,0,TRUE,TRUE,TRUE,TRUE,TRUE,TRUE,TRUE,TRUE
"prospective","GoodOverlap","PATE","MisCor","WM_PS_M5",1000,TRUE,"inclusive",1000,0,1000,0,1000,0,0,1000,0,0,0,0,TRUE,TRUE,TRUE,TRUE,TRUE,TRUE,TRUE,TRUE
"retrospective","PoorOverlap","PATE","MisCor","WM_PS_M5",1000,TRUE,"inclusive",1000,0,1000,0,1000,0,0,1000,0,0,0,0,TRUE,TRUE,TRUE,TRUE,TRUE,TRUE,TRUE,TRUE
"prospective","PoorOverlap","PATE","MisCor","WM_PS_M5",1000,TRUE,"inclusive",1000,0,1000,0,1000,0,0,1000,0,0,0,0,TRUE,TRUE,TRUE,TRUE,TRUE,TRUE,TRUE,TRUE
"retrospective","GoodOverlap","PATT","MisCor","WM_PS_M5",1000,TRUE,"inclusive",1000,0,1000,0,1000,0,0,1000,0,0,0,0,TRUE,TRUE,TRUE,TRUE,TRUE,TRUE,TRUE,TRUE
"prospective","GoodOverlap","PATT","MisCor","WM_PS_M5",1000,TRUE,"inclusive",1000,0,1000,0,1000,0,0,1000,0,0,0,0,TRUE,TRUE,TRUE,TRUE,TRUE,TRUE,TRUE,TRUE
"retrospective","PoorOverlap","PATT","MisCor","WM_PS_M5",1000,TRUE,"inclusive",1000,0,1000,0,1000,0,0,1000,0,0,0,0,TRUE,TRUE,TRUE,TRUE,TRUE,TRUE,TRUE,TRUE
"prospective","PoorOverlap","PATT","MisCor","WM_PS_M5",1000,TRUE,"inclusive",1000,0,1000,0,1000,0,0,1000,0,0,0,0,TRUE,TRUE,TRUE,TRUE,TRUE,TRUE,TRUE,TRUE
"retrospective","GoodOverlap","PATE","MisMis","WM_PS_M5",1000,TRUE,"inclusive",1000,0,1000,0,1000,0,0,1000,0,0,0,0,TRUE,TRUE,TRUE,TRUE,TRUE,TRUE,TRUE,TRUE
"prospective","GoodOverlap","PATE","MisMis","WM_PS_M5",1000,TRUE,"inclusive",1000,0,1000,0,1000,0,0,1000,0,0,0,0,TRUE,TRUE,TRUE,TRUE,TRUE,TRUE,TRUE,TRUE
"retrospective","PoorOverlap","PATE","MisMis","WM_PS_M5",1000,TRUE,"inclusive",1000,0,1000,0,1000,0,0,1000,0,0,0,0,TRUE,TRUE,TRUE,TRUE,TRUE,TRUE,TRUE,TRUE
"prospective","PoorOverlap","PATE","MisMis","WM_PS_M5",1000,TRUE,"inclusive",1000,0,1000,0,1000,0,0,1000,0,0,0,0,TRUE,TRUE,TRUE,TRUE,TRUE,TRUE,TRUE,TRUE
"retrospective","GoodOverlap","PATT","MisMis","WM_PS_M5",1000,TRUE,"inclusive",1000,0,1000,0,1000,0,0,1000,0,0,0,0,TRUE,TRUE,TRUE,TRUE,TRUE,TRUE,TRUE,TRUE
"prospective","GoodOverlap","PATT","MisMis","WM_PS_M5",1000,TRUE,"inclusive",1000,0,1000,0,1000,0,0,1000,0,0,0,0,TRUE,TRUE,TRUE,TRUE,TRUE,TRUE,TRUE,TRUE
"retrospective","PoorOverlap","PATT","MisMis","WM_PS_M5",1000,TRUE,"inclusive",1000,0,1000,0,1000,0,0,1000,0,0,0,0,TRUE,TRUE,TRUE,TRUE,TRUE,TRUE,TRUE,TRUE
"prospective","PoorOverlap","PATT","MisMis","WM_PS_M5",1000,TRUE,"inclusive",1000,0,1000,0,1000,0,0,1000,0,0,0,0,TRUE,TRUE,TRUE,TRUE,TRUE,TRUE,TRUE,TRUE
"retrospective","GoodOverlap","PATE","CorCor","WM_DSM_M5",1000,TRUE,"inclusive",1000,0,1000,0,1000,0,0,1000,0,0,0,0,TRUE,TRUE,TRUE,TRUE,TRUE,TRUE,TRUE,TRUE
"prospective","GoodOverlap","PATE","CorCor","WM_DSM_M5",1000,TRUE,"inclusive",1000,0,1000,0,1000,0,0,1000,0,0,0,0,TRUE,TRUE,TRUE,TRUE,TRUE,TRUE,TRUE,TRUE
"retrospective","PoorOverlap","PATE","CorCor","WM_DSM_M5",1000,TRUE,"inclusive",1000,0,1000,0,1000,0,0,1000,0,0,0,0,TRUE,TRUE,TRUE,TRUE,TRUE,TRUE,TRUE,TRUE
"prospective","PoorOverlap","PATE","CorCor","WM_DSM_M5",1000,TRUE,"inclusive",1000,0,1000,0,1000,0,0,1000,0,0,0,0,TRUE,TRUE,TRUE,TRUE,TRUE,TRUE,TRUE,TRUE
"retrospective","GoodOverlap","PATT","CorCor","WM_DSM_M5",1000,TRUE,"inclusive",1000,0,1000,0,1000,0,0,1000,0,0,0,0,TRUE,TRUE,TRUE,TRUE,TRUE,TRUE,TRUE,TRUE
"prospective","GoodOverlap","PATT","CorCor","WM_DSM_M5",1000,TRUE,"inclusive",1000,0,1000,0,1000,0,0,1000,0,0,0,0,TRUE,TRUE,TRUE,TRUE,TRUE,TRUE,TRUE,TRUE
"retrospective","PoorOverlap","PATT","CorCor","WM_DSM_M5",1000,TRUE,"inclusive",1000,0,1000,0,1000,0,0,1000,0,0,0,0,TRUE,TRUE,TRUE,TRUE,TRUE,TRUE,TRUE,TRUE
"prospective","PoorOverlap","PATT","CorCor","WM_DSM_M5",1000,TRUE,"inclusive",1000,0,1000,0,1000,0,0,1000,0,0,0,0,TRUE,TRUE,TRUE,TRUE,TRUE,TRUE,TRUE,TRUE
"retrospective","GoodOverlap","PATE","CorMis","WM_DSM_M5",1000,TRUE,"inclusive",1000,0,1000,0,1000,0,0,1000,0,0,0,0,TRUE,TRUE,TRUE,TRUE,TRUE,TRUE,TRUE,TRUE
"prospective","GoodOverlap","PATE","CorMis","WM_DSM_M5",1000,TRUE,"inclusive",1000,0,1000,0,1000,0,0,1000,0,0,0,0,TRUE,TRUE,TRUE,TRUE,TRUE,TRUE,TRUE,TRUE
"retrospective","PoorOverlap","PATE","CorMis","WM_DSM_M5",1000,TRUE,"inclusive",1000,0,1000,0,1000,0,0,1000,0,0,0,0,TRUE,TRUE,TRUE,TRUE,TRUE,TRUE,TRUE,TRUE
"prospective","PoorOverlap","PATE","CorMis","WM_DSM_M5",1000,TRUE,"inclusive",1000,0,1000,0,1000,0,0,1000,0,0,0,0,TRUE,TRUE,TRUE,TRUE,TRUE,TRUE,TRUE,TRUE
"retrospective","GoodOverlap","PATT","CorMis","WM_DSM_M5",1000,TRUE,"inclusive",1000,0,1000,0,1000,0,0,1000,0,0,0,0,TRUE,TRUE,TRUE,TRUE,TRUE,TRUE,TRUE,TRUE
"prospective","GoodOverlap","PATT","CorMis","WM_DSM_M5",1000,TRUE,"inclusive",1000,0,1000,0,1000,0,0,1000,0,0,0,0,TRUE,TRUE,TRUE,TRUE,TRUE,TRUE,TRUE,TRUE
"retrospective","PoorOverlap","PATT","CorMis","WM_DSM_M5",1000,TRUE,"inclusive",1000,0,1000,0,1000,0,0,1000,0,0,0,0,TRUE,TRUE,TRUE,TRUE,TRUE,TRUE,TRUE,TRUE
"prospective","PoorOverlap","PATT","CorMis","WM_DSM_M5",1000,TRUE,"inclusive",1000,0,1000,0,1000,0,0,1000,0,0,0,0,TRUE,TRUE,TRUE,TRUE,TRUE,TRUE,TRUE,TRUE
"retrospective","GoodOverlap","PATE","MisCor","WM_DSM_M5",1000,TRUE,"inclusive",1000,0,1000,0,1000,0,0,1000,0,0,0,0,TRUE,TRUE,TRUE,TRUE,TRUE,TRUE,TRUE,TRUE
"prospective","GoodOverlap","PATE","MisCor","WM_DSM_M5",1000,TRUE,"inclusive",1000,0,1000,0,1000,0,0,1000,0,0,0,0,TRUE,TRUE,TRUE,TRUE,TRUE,TRUE,TRUE,TRUE
"retrospective","PoorOverlap","PATE","MisCor","WM_DSM_M5",1000,TRUE,"inclusive",1000,0,1000,0,1000,0,0,1000,0,0,0,0,TRUE,TRUE,TRUE,TRUE,TRUE,TRUE,TRUE,TRUE
"prospective","PoorOverlap","PATE","MisCor","WM_DSM_M5",1000,TRUE,"inclusive",1000,0,1000,0,1000,0,0,1000,0,0,0,0,TRUE,TRUE,TRUE,TRUE,TRUE,TRUE,TRUE,TRUE
"retrospective","GoodOverlap","PATT","MisCor","WM_DSM_M5",1000,TRUE,"inclusive",1000,0,1000,0,1000,0,0,1000,0,0,0,0,TRUE,TRUE,TRUE,TRUE,TRUE,TRUE,TRUE,TRUE
"prospective","GoodOverlap","PATT","MisCor","WM_DSM_M5",1000,TRUE,"inclusive",1000,0,1000,0,1000,0,0,1000,0,0,0,0,TRUE,TRUE,TRUE,TRUE,TRUE,TRUE,TRUE,TRUE
"retrospective","PoorOverlap","PATT","MisCor","WM_DSM_M5",1000,TRUE,"inclusive",1000,0,1000,0,1000,0,0,1000,0,0,0,0,TRUE,TRUE,TRUE,TRUE,TRUE,TRUE,TRUE,TRUE
"prospective","PoorOverlap","PATT","MisCor","WM_DSM_M5",1000,TRUE,"inclusive",1000,0,1000,0,1000,0,0,1000,0,0,0,0,TRUE,TRUE,TRUE,TRUE,TRUE,TRUE,TRUE,TRUE
"retrospective","GoodOverlap","PATE","MisMis","WM_DSM_M5",1000,TRUE,"inclusive",1000,0,1000,0,1000,0,0,1000,0,0,0,0,TRUE,TRUE,TRUE,TRUE,TRUE,TRUE,TRUE,TRUE
"prospective","GoodOverlap","PATE","MisMis","WM_DSM_M5",1000,TRUE,"inclusive",1000,0,1000,0,1000,0,0,1000,0,0,0,0,TRUE,TRUE,TRUE,TRUE,TRUE,TRUE,TRUE,TRUE
"retrospective","PoorOverlap","PATE","MisMis","WM_DSM_M5",1000,TRUE,"inclusive",1000,0,1000,0,1000,0,0,1000,0,0,0,0,TRUE,TRUE,TRUE,TRUE,TRUE,TRUE,TRUE,TRUE
"prospective","PoorOverlap","PATE","MisMis","WM_DSM_M5",1000,TRUE,"inclusive",1000,0,1000,0,1000,0,0,1000,0,0,0,0,TRUE,TRUE,TRUE,TRUE,TRUE,TRUE,TRUE,TRUE
"retrospective","GoodOverlap","PATT","MisMis","WM_DSM_M5",1000,TRUE,"inclusive",1000,0,1000,0,1000,0,0,1000,0,0,0,0,TRUE,TRUE,TRUE,TRUE,TRUE,TRUE,TRUE,TRUE
"prospective","GoodOverlap","PATT","MisMis","WM_DSM_M5",1000,TRUE,"inclusive",1000,0,1000,0,1000,0,0,1000,0,0,0,0,TRUE,TRUE,TRUE,TRUE,TRUE,TRUE,TRUE,TRUE
"retrospective","PoorOverlap","PATT","MisMis","WM_DSM_M5",1000,TRUE,"inclusive",1000,0,1000,0,1000,0,0,1000,0,0,0,0,TRUE,TRUE,TRUE,TRUE,TRUE,TRUE,TRUE,TRUE
"prospective","PoorOverlap","PATT","MisMis","WM_DSM_M5",1000,TRUE,"inclusive",1000,0,1000,0,1000,0,0,1000,0,0,0,0,TRUE,TRUE,TRUE,TRUE,TRUE,TRUE,TRUE,TRUE
"retrospective","GoodOverlap","PATE","CorCor","WM_X6_M5",1000,TRUE,"inclusive",1000,0,1000,0,1000,0,0,1000,0,0,0,0,TRUE,TRUE,TRUE,TRUE,TRUE,TRUE,TRUE,TRUE
"prospective","GoodOverlap","PATE","CorCor","WM_X6_M5",1000,TRUE,"inclusive",1000,0,1000,0,1000,0,0,1000,0,0,0,0,TRUE,TRUE,TRUE,TRUE,TRUE,TRUE,TRUE,TRUE
"retrospective","PoorOverlap","PATE","CorCor","WM_X6_M5",1000,TRUE,"inclusive",1000,0,1000,0,1000,0,0,1000,0,0,0,0,TRUE,TRUE,TRUE,TRUE,TRUE,TRUE,TRUE,TRUE
"prospective","PoorOverlap","PATE","CorCor","WM_X6_M5",1000,TRUE,"inclusive",1000,0,1000,0,1000,0,0,1000,0,0,0,0,TRUE,TRUE,TRUE,TRUE,TRUE,TRUE,TRUE,TRUE
"retrospective","GoodOverlap","PATT","CorCor","WM_X6_M5",1000,TRUE,"inclusive",1000,0,1000,0,1000,0,0,1000,0,0,0,0,TRUE,TRUE,TRUE,TRUE,TRUE,TRUE,TRUE,TRUE
"prospective","GoodOverlap","PATT","CorCor","WM_X6_M5",1000,TRUE,"inclusive",1000,0,1000,0,1000,0,0,1000,0,0,0,0,TRUE,TRUE,TRUE,TRUE,TRUE,TRUE,TRUE,TRUE
"retrospective","PoorOverlap","PATT","CorCor","WM_X6_M5",1000,TRUE,"inclusive",1000,0,1000,0,1000,0,0,1000,0,0,0,0,TRUE,TRUE,TRUE,TRUE,TRUE,TRUE,TRUE,TRUE
"prospective","PoorOverlap","PATT","CorCor","WM_X6_M5",1000,TRUE,"inclusive",1000,0,1000,0,1000,0,0,1000,0,0,0,0,TRUE,TRUE,TRUE,TRUE,TRUE,TRUE,TRUE,TRUE
"retrospective","GoodOverlap","PATE","CorMis","WM_X6_M5",1000,TRUE,"inclusive",1000,0,1000,0,1000,0,0,1000,0,0,0,0,TRUE,TRUE,TRUE,TRUE,TRUE,TRUE,TRUE,TRUE
"prospective","GoodOverlap","PATE","CorMis","WM_X6_M5",1000,TRUE,"inclusive",1000,0,1000,0,1000,0,0,1000,0,0,0,0,TRUE,TRUE,TRUE,TRUE,TRUE,TRUE,TRUE,TRUE
"retrospective","PoorOverlap","PATE","CorMis","WM_X6_M5",1000,TRUE,"inclusive",1000,0,1000,0,1000,0,0,1000,0,0,0,0,TRUE,TRUE,TRUE,TRUE,TRUE,TRUE,TRUE,TRUE
"prospective","PoorOverlap","PATE","CorMis","WM_X6_M5",1000,TRUE,"inclusive",1000,0,1000,0,1000,0,0,1000,0,0,0,0,TRUE,TRUE,TRUE,TRUE,TRUE,TRUE,TRUE,TRUE
"retrospective","GoodOverlap","PATT","CorMis","WM_X6_M5",1000,TRUE,"inclusive",1000,0,1000,0,1000,0,0,1000,0,0,0,0,TRUE,TRUE,TRUE,TRUE,TRUE,TRUE,TRUE,TRUE
"prospective","GoodOverlap","PATT","CorMis","WM_X6_M5",1000,TRUE,"inclusive",1000,0,1000,0,1000,0,0,1000,0,0,0,0,TRUE,TRUE,TRUE,TRUE,TRUE,TRUE,TRUE,TRUE
"retrospective","PoorOverlap","PATT","CorMis","WM_X6_M5",1000,TRUE,"inclusive",1000,0,1000,0,1000,0,0,1000,0,0,0,0,TRUE,TRUE,TRUE,TRUE,TRUE,TRUE,TRUE,TRUE
"prospective","PoorOverlap","PATT","CorMis","WM_X6_M5",1000,TRUE,"inclusive",1000,0,1000,0,1000,0,0,1000,0,0,0,0,TRUE,TRUE,TRUE,TRUE,TRUE,TRUE,TRUE,TRUE
"retrospective","GoodOverlap","PATE","MisCor","WM_X6_M5",1000,TRUE,"inclusive",1000,0,1000,0,1000,0,0,1000,0,0,0,0,TRUE,TRUE,TRUE,TRUE,TRUE,TRUE,TRUE,TRUE
"prospective","GoodOverlap","PATE","MisCor","WM_X6_M5",1000,TRUE,"inclusive",1000,0,1000,0,1000,0,0,1000,0,0,0,0,TRUE,TRUE,TRUE,TRUE,TRUE,TRUE,TRUE,TRUE
"retrospective","PoorOverlap","PATE","MisCor","WM_X6_M5",1000,TRUE,"inclusive",1000,0,1000,0,1000,0,0,1000,0,0,0,0,TRUE,TRUE,TRUE,TRUE,TRUE,TRUE,TRUE,TRUE
"prospective","PoorOverlap","PATE","MisCor","WM_X6_M5",1000,TRUE,"inclusive",1000,0,1000,0,1000,0,0,1000,0,0,0,0,TRUE,TRUE,TRUE,TRUE,TRUE,TRUE,TRUE,TRUE
"retrospective","GoodOverlap","PATT","MisCor","WM_X6_M5",1000,TRUE,"inclusive",1000,0,1000,0,1000,0,0,1000,0,0,0,0,TRUE,TRUE,TRUE,TRUE,TRUE,TRUE,TRUE,TRUE
"prospective","GoodOverlap","PATT","MisCor","WM_X6_M5",1000,TRUE,"inclusive",1000,0,1000,0,1000,0,0,1000,0,0,0,0,TRUE,TRUE,TRUE,TRUE,TRUE,TRUE,TRUE,TRUE
"retrospective","PoorOverlap","PATT","MisCor","WM_X6_M5",1000,TRUE,"inclusive",1000,0,1000,0,1000,0,0,1000,0,0,0,0,TRUE,TRUE,TRUE,TRUE,TRUE,TRUE,TRUE,TRUE
"prospective","PoorOverlap","PATT","MisCor","WM_X6_M5",1000,TRUE,"inclusive",1000,0,1000,0,1000,0,0,1000,0,0,0,0,TRUE,TRUE,TRUE,TRUE,TRUE,TRUE,TRUE,TRUE
"retrospective","GoodOverlap","PATE","MisMis","WM_X6_M5",1000,TRUE,"inclusive",1000,0,1000,0,1000,0,0,1000,0,0,0,0,TRUE,TRUE,TRUE,TRUE,TRUE,TRUE,TRUE,TRUE
"prospective","GoodOverlap","PATE","MisMis","WM_X6_M5",1000,TRUE,"inclusive",1000,0,1000,0,1000,0,0,1000,0,0,0,0,TRUE,TRUE,TRUE,TRUE,TRUE,TRUE,TRUE,TRUE
"retrospective","PoorOverlap","PATE","MisMis","WM_X6_M5",1000,TRUE,"inclusive",1000,0,1000,0,1000,0,0,1000,0,0,0,0,TRUE,TRUE,TRUE,TRUE,TRUE,TRUE,TRUE,TRUE
"prospective","PoorOverlap","PATE","MisMis","WM_X6_M5",1000,TRUE,"inclusive",1000,0,1000,0,1000,0,0,1000,0,0,0,0,TRUE,TRUE,TRUE,TRUE,TRUE,TRUE,TRUE,TRUE
"retrospective","GoodOverlap","PATT","MisMis","WM_X6_M5",1000,TRUE,"inclusive",1000,0,1000,0,1000,0,0,1000,0,0,0,0,TRUE,TRUE,TRUE,TRUE,TRUE,TRUE,TRUE,TRUE
"prospective","GoodOverlap","PATT","MisMis","WM_X6_M5",1000,TRUE,"inclusive",1000,0,1000,0,1000,0,0,1000,0,0,0,0,TRUE,TRUE,TRUE,TRUE,TRUE,TRUE,TRUE,TRUE
"retrospective","PoorOverlap","PATT","MisMis","WM_X6_M5",1000,TRUE,"inclusive",1000,0,1000,0,1000,0,0,1000,0,0,0,0,TRUE,TRUE,TRUE,TRUE,TRUE,TRUE,TRUE,TRUE
"prospective","PoorOverlap","PATT","MisMis","WM_X6_M5",1000,TRUE,"inclusive",1000,0,1000,0,1000,0,0,1000,0,0,0,0,TRUE,TRUE,TRUE,TRUE,TRUE,TRUE,TRUE,TRUE
"retrospective","GoodOverlap","PATE","CorCor","WM_DSM_analytic_M1",1000,TRUE,"inclusive",1000,0,1000,0,1000,0,0,1000,0,0,0,0,TRUE,TRUE,TRUE,TRUE,TRUE,TRUE,TRUE,TRUE
"prospective","GoodOverlap","PATE","CorCor","WM_DSM_analytic_M1",1000,TRUE,"inclusive",1000,0,1000,0,1000,0,0,1000,0,0,0,0,TRUE,TRUE,TRUE,TRUE,TRUE,TRUE,TRUE,TRUE
"retrospective","PoorOverlap","PATE","CorCor","WM_DSM_analytic_M1",1000,TRUE,"inclusive",1000,0,1000,0,1000,0,0,1000,0,0,0,0,TRUE,TRUE,TRUE,TRUE,TRUE,TRUE,TRUE,TRUE
"prospective","PoorOverlap","PATE","CorCor","WM_DSM_analytic_M1",1000,TRUE,"inclusive",1000,0,1000,0,1000,0,0,1000,0,0,0,0,TRUE,TRUE,TRUE,TRUE,TRUE,TRUE,TRUE,TRUE
"retrospective","GoodOverlap","PATT","CorCor","WM_DSM_analytic_M1",1000,TRUE,"inclusive",1000,0,1000,0,1000,0,0,1000,0,0,0,0,TRUE,TRUE,TRUE,TRUE,TRUE,TRUE,TRUE,TRUE
"prospective","GoodOverlap","PATT","CorCor","WM_DSM_analytic_M1",1000,TRUE,"inclusive",1000,0,1000,0,1000,0,0,1000,0,0,0,0,TRUE,TRUE,TRUE,TRUE,TRUE,TRUE,TRUE,TRUE
"retrospective","PoorOverlap","PATT","CorCor","WM_DSM_analytic_M1",1000,TRUE,"inclusive",1000,0,1000,0,1000,0,0,1000,0,0,0,0,TRUE,TRUE,TRUE,TRUE,TRUE,TRUE,TRUE,TRUE
"prospective","PoorOverlap","PATT","CorCor","WM_DSM_analytic_M1",1000,TRUE,"inclusive",1000,0,1000,0,1000,0,0,1000,0,0,0,0,TRUE,TRUE,TRUE,TRUE,TRUE,TRUE,TRUE,TRUE
"retrospective","GoodOverlap","PATE","CorMis","WM_DSM_analytic_M1",1000,TRUE,"inclusive",1000,0,1000,0,1000,0,0,1000,0,0,0,0,TRUE,TRUE,TRUE,TRUE,TRUE,TRUE,TRUE,TRUE
"prospective","GoodOverlap","PATE","CorMis","WM_DSM_analytic_M1",1000,TRUE,"inclusive",1000,0,1000,0,1000,0,0,1000,0,0,0,0,TRUE,TRUE,TRUE,TRUE,TRUE,TRUE,TRUE,TRUE
"retrospective","PoorOverlap","PATE","CorMis","WM_DSM_analytic_M1",1000,TRUE,"inclusive",1000,0,1000,0,1000,0,0,1000,0,0,0,0,TRUE,TRUE,TRUE,TRUE,TRUE,TRUE,TRUE,TRUE
"prospective","PoorOverlap","PATE","CorMis","WM_DSM_analytic_M1",1000,TRUE,"inclusive",1000,0,1000,0,1000,0,0,1000,0,0,0,0,TRUE,TRUE,TRUE,TRUE,TRUE,TRUE,TRUE,TRUE
"retrospective","GoodOverlap","PATT","CorMis","WM_DSM_analytic_M1",1000,TRUE,"inclusive",1000,0,1000,0,1000,0,0,1000,0,0,0,0,TRUE,TRUE,TRUE,TRUE,TRUE,TRUE,TRUE,TRUE
"prospective","GoodOverlap","PATT","CorMis","WM_DSM_analytic_M1",1000,TRUE,"inclusive",1000,0,1000,0,1000,0,0,1000,0,0,0,0,TRUE,TRUE,TRUE,TRUE,TRUE,TRUE,TRUE,TRUE
"retrospective","PoorOverlap","PATT","CorMis","WM_DSM_analytic_M1",1000,TRUE,"inclusive",1000,0,1000,0,1000,0,0,1000,0,0,0,0,TRUE,TRUE,TRUE,TRUE,TRUE,TRUE,TRUE,TRUE
"prospective","PoorOverlap","PATT","CorMis","WM_DSM_analytic_M1",1000,TRUE,"inclusive",1000,0,1000,0,1000,0,0,1000,0,0,0,0,TRUE,TRUE,TRUE,TRUE,TRUE,TRUE,TRUE,TRUE
"retrospective","GoodOverlap","PATE","MisCor","WM_DSM_analytic_M1",1000,TRUE,"inclusive",1000,0,1000,0,1000,0,0,1000,0,0,0,0,TRUE,TRUE,TRUE,TRUE,TRUE,TRUE,TRUE,TRUE
"prospective","GoodOverlap","PATE","MisCor","WM_DSM_analytic_M1",1000,TRUE,"inclusive",1000,0,1000,0,1000,0,0,1000,0,0,0,0,TRUE,TRUE,TRUE,TRUE,TRUE,TRUE,TRUE,TRUE
"retrospective","PoorOverlap","PATE","MisCor","WM_DSM_analytic_M1",1000,TRUE,"inclusive",1000,0,1000,0,1000,0,0,1000,0,0,0,0,TRUE,TRUE,TRUE,TRUE,TRUE,TRUE,TRUE,TRUE
"prospective","PoorOverlap","PATE","MisCor","WM_DSM_analytic_M1",1000,TRUE,"inclusive",1000,0,1000,0,1000,0,0,1000,0,0,0,0,TRUE,TRUE,TRUE,TRUE,TRUE,TRUE,TRUE,TRUE
"retrospective","GoodOverlap","PATT","MisCor","WM_DSM_analytic_M1",1000,TRUE,"inclusive",1000,0,1000,0,1000,0,0,1000,0,0,0,0,TRUE,TRUE,TRUE,TRUE,TRUE,TRUE,TRUE,TRUE
"prospective","GoodOverlap","PATT","MisCor","WM_DSM_analytic_M1",1000,TRUE,"inclusive",1000,0,1000,0,1000,0,0,1000,0,0,0,0,TRUE,TRUE,TRUE,TRUE,TRUE,TRUE,TRUE,TRUE
"retrospective","PoorOverlap","PATT","MisCor","WM_DSM_analytic_M1",1000,TRUE,"inclusive",1000,0,1000,0,1000,0,0,1000,0,0,0,0,TRUE,TRUE,TRUE,TRUE,TRUE,TRUE,TRUE,TRUE
"prospective","PoorOverlap","PATT","MisCor","WM_DSM_analytic_M1",1000,TRUE,"inclusive",1000,0,1000,0,1000,0,0,1000,0,0,0,0,TRUE,TRUE,TRUE,TRUE,TRUE,TRUE,TRUE,TRUE
"retrospective","GoodOverlap","PATE","MisMis","WM_DSM_analytic_M1",1000,TRUE,"inclusive",1000,0,1000,0,1000,0,0,1000,0,0,0,0,TRUE,TRUE,TRUE,TRUE,TRUE,TRUE,TRUE,TRUE
"prospective","GoodOverlap","PATE","MisMis","WM_DSM_analytic_M1",1000,TRUE,"inclusive",1000,0,1000,0,1000,0,0,1000,0,0,0,0,TRUE,TRUE,TRUE,TRUE,TRUE,TRUE,TRUE,TRUE
"retrospective","PoorOverlap","PATE","MisMis","WM_DSM_analytic_M1",1000,TRUE,"inclusive",1000,0,1000,0,1000,0,0,1000,0,0,0,0,TRUE,TRUE,TRUE,TRUE,TRUE,TRUE,TRUE,TRUE
"prospective","PoorOverlap","PATE","MisMis","WM_DSM_analytic_M1",1000,TRUE,"inclusive",1000,0,1000,0,1000,0,0,1000,0,0,0,0,TRUE,TRUE,TRUE,TRUE,TRUE,TRUE,TRUE,TRUE
"retrospective","GoodOverlap","PATT","MisMis","WM_DSM_analytic_M1",1000,TRUE,"inclusive",1000,0,1000,0,1000,0,0,1000,0,0,0,0,TRUE,TRUE,TRUE,TRUE,TRUE,TRUE,TRUE,TRUE
"prospective","GoodOverlap","PATT","MisMis","WM_DSM_analytic_M1",1000,TRUE,"inclusive",1000,0,1000,0,1000,0,0,1000,0,0,0,0,TRUE,TRUE,TRUE,TRUE,TRUE,TRUE,TRUE,TRUE
"retrospective","PoorOverlap","PATT","MisMis","WM_DSM_analytic_M1",1000,TRUE,"inclusive",1000,0,1000,0,1000,0,0,1000,0,0,0,0,TRUE,TRUE,TRUE,TRUE,TRUE,TRUE,TRUE,TRUE
"prospective","PoorOverlap","PATT","MisMis","WM_DSM_analytic_M1",1000,TRUE,"inclusive",1000,0,1000,0,1000,0,0,1000,0,0,0,0,TRUE,TRUE,TRUE,TRUE,TRUE,TRUE,TRUE,TRUE
"retrospective","GoodOverlap","PATE","CorCor","WM_DSM_analytic_M3",1000,TRUE,"inclusive",1000,0,1000,0,1000,0,0,1000,0,0,0,0,TRUE,TRUE,TRUE,TRUE,TRUE,TRUE,TRUE,TRUE
"prospective","GoodOverlap","PATE","CorCor","WM_DSM_analytic_M3",1000,TRUE,"inclusive",1000,0,1000,0,1000,0,0,1000,0,0,0,0,TRUE,TRUE,TRUE,TRUE,TRUE,TRUE,TRUE,TRUE
"retrospective","PoorOverlap","PATE","CorCor","WM_DSM_analytic_M3",1000,TRUE,"inclusive",1000,0,1000,0,1000,0,0,1000,0,0,0,0,TRUE,TRUE,TRUE,TRUE,TRUE,TRUE,TRUE,TRUE
"prospective","PoorOverlap","PATE","CorCor","WM_DSM_analytic_M3",1000,TRUE,"inclusive",1000,0,1000,0,1000,0,0,1000,0,0,0,0,TRUE,TRUE,TRUE,TRUE,TRUE,TRUE,TRUE,TRUE
"retrospective","GoodOverlap","PATT","CorCor","WM_DSM_analytic_M3",1000,TRUE,"inclusive",1000,0,1000,0,1000,0,0,1000,0,0,0,0,TRUE,TRUE,TRUE,TRUE,TRUE,TRUE,TRUE,TRUE
"prospective","GoodOverlap","PATT","CorCor","WM_DSM_analytic_M3",1000,TRUE,"inclusive",1000,0,1000,0,1000,0,0,1000,0,0,0,0,TRUE,TRUE,TRUE,TRUE,TRUE,TRUE,TRUE,TRUE
"retrospective","PoorOverlap","PATT","CorCor","WM_DSM_analytic_M3",1000,TRUE,"inclusive",1000,0,1000,0,1000,0,0,1000,0,0,0,0,TRUE,TRUE,TRUE,TRUE,TRUE,TRUE,TRUE,TRUE
"prospective","PoorOverlap","PATT","CorCor","WM_DSM_analytic_M3",1000,TRUE,"inclusive",1000,0,1000,0,1000,0,0,1000,0,0,0,0,TRUE,TRUE,TRUE,TRUE,TRUE,TRUE,TRUE,TRUE
"retrospective","GoodOverlap","PATE","CorMis","WM_DSM_analytic_M3",1000,TRUE,"inclusive",1000,0,1000,0,1000,0,0,1000,0,0,0,0,TRUE,TRUE,TRUE,TRUE,TRUE,TRUE,TRUE,TRUE
"prospective","GoodOverlap","PATE","CorMis","WM_DSM_analytic_M3",1000,TRUE,"inclusive",1000,0,1000,0,1000,0,0,1000,0,0,0,0,TRUE,TRUE,TRUE,TRUE,TRUE,TRUE,TRUE,TRUE
"retrospective","PoorOverlap","PATE","CorMis","WM_DSM_analytic_M3",1000,TRUE,"inclusive",1000,0,1000,0,1000,0,0,1000,0,0,0,0,TRUE,TRUE,TRUE,TRUE,TRUE,TRUE,TRUE,TRUE
"prospective","PoorOverlap","PATE","CorMis","WM_DSM_analytic_M3",1000,TRUE,"inclusive",1000,0,1000,0,1000,0,0,1000,0,0,0,0,TRUE,TRUE,TRUE,TRUE,TRUE,TRUE,TRUE,TRUE
"retrospective","GoodOverlap","PATT","CorMis","WM_DSM_analytic_M3",1000,TRUE,"inclusive",1000,0,1000,0,1000,0,0,1000,0,0,0,0,TRUE,TRUE,TRUE,TRUE,TRUE,TRUE,TRUE,TRUE
"prospective","GoodOverlap","PATT","CorMis","WM_DSM_analytic_M3",1000,TRUE,"inclusive",1000,0,1000,0,1000,0,0,1000,0,0,0,0,TRUE,TRUE,TRUE,TRUE,TRUE,TRUE,TRUE,TRUE
"retrospective","PoorOverlap","PATT","CorMis","WM_DSM_analytic_M3",1000,TRUE,"inclusive",1000,0,1000,0,1000,0,0,1000,0,0,0,0,TRUE,TRUE,TRUE,TRUE,TRUE,TRUE,TRUE,TRUE
"prospective","PoorOverlap","PATT","CorMis","WM_DSM_analytic_M3",1000,TRUE,"inclusive",1000,0,1000,0,1000,0,0,1000,0,0,0,0,TRUE,TRUE,TRUE,TRUE,TRUE,TRUE,TRUE,TRUE
"retrospective","GoodOverlap","PATE","MisCor","WM_DSM_analytic_M3",1000,TRUE,"inclusive",1000,0,1000,0,1000,0,0,1000,0,0,0,0,TRUE,TRUE,TRUE,TRUE,TRUE,TRUE,TRUE,TRUE
"prospective","GoodOverlap","PATE","MisCor","WM_DSM_analytic_M3",1000,TRUE,"inclusive",1000,0,1000,0,1000,0,0,1000,0,0,0,0,TRUE,TRUE,TRUE,TRUE,TRUE,TRUE,TRUE,TRUE
"retrospective","PoorOverlap","PATE","MisCor","WM_DSM_analytic_M3",1000,TRUE,"inclusive",1000,0,1000,0,1000,0,0,1000,0,0,0,0,TRUE,TRUE,TRUE,TRUE,TRUE,TRUE,TRUE,TRUE
"prospective","PoorOverlap","PATE","MisCor","WM_DSM_analytic_M3",1000,TRUE,"inclusive",1000,0,1000,0,1000,0,0,1000,0,0,0,0,TRUE,TRUE,TRUE,TRUE,TRUE,TRUE,TRUE,TRUE
"retrospective","GoodOverlap","PATT","MisCor","WM_DSM_analytic_M3",1000,TRUE,"inclusive",1000,0,1000,0,1000,0,0,1000,0,0,0,0,TRUE,TRUE,TRUE,TRUE,TRUE,TRUE,TRUE,TRUE
"prospective","GoodOverlap","PATT","MisCor","WM_DSM_analytic_M3",1000,TRUE,"inclusive",1000,0,1000,0,1000,0,0,1000,0,0,0,0,TRUE,TRUE,TRUE,TRUE,TRUE,TRUE,TRUE,TRUE
"retrospective","PoorOverlap","PATT","MisCor","WM_DSM_analytic_M3",1000,TRUE,"inclusive",1000,0,1000,0,1000,0,0,1000,0,0,0,0,TRUE,TRUE,TRUE,TRUE,TRUE,TRUE,TRUE,TRUE
"prospective","PoorOverlap","PATT","MisCor","WM_DSM_analytic_M3",1000,TRUE,"inclusive",1000,0,1000,0,1000,0,0,1000,0,0,0,0,TRUE,TRUE,TRUE,TRUE,TRUE,TRUE,TRUE,TRUE
"retrospective","GoodOverlap","PATE","MisMis","WM_DSM_analytic_M3",1000,TRUE,"inclusive",1000,0,1000,0,1000,0,0,1000,0,0,0,0,TRUE,TRUE,TRUE,TRUE,TRUE,TRUE,TRUE,TRUE
"prospective","GoodOverlap","PATE","MisMis","WM_DSM_analytic_M3",1000,TRUE,"inclusive",1000,0,1000,0,1000,0,0,1000,0,0,0,0,TRUE,TRUE,TRUE,TRUE,TRUE,TRUE,TRUE,TRUE
"retrospective","PoorOverlap","PATE","MisMis","WM_DSM_analytic_M3",1000,TRUE,"inclusive",1000,0,1000,0,1000,0,0,1000,0,0,0,0,TRUE,TRUE,TRUE,TRUE,TRUE,TRUE,TRUE,TRUE
"prospective","PoorOverlap","PATE","MisMis","WM_DSM_analytic_M3",1000,TRUE,"inclusive",1000,0,1000,0,1000,0,0,1000,0,0,0,0,TRUE,TRUE,TRUE,TRUE,TRUE,TRUE,TRUE,TRUE
"retrospective","GoodOverlap","PATT","MisMis","WM_DSM_analytic_M3",1000,TRUE,"inclusive",1000,0,1000,0,1000,0,0,1000,0,0,0,0,TRUE,TRUE,TRUE,TRUE,TRUE,TRUE,TRUE,TRUE
"prospective","GoodOverlap","PATT","MisMis","WM_DSM_analytic_M3",1000,TRUE,"inclusive",1000,0,1000,0,1000,0,0,1000,0,0,0,0,TRUE,TRUE,TRUE,TRUE,TRUE,TRUE,TRUE,TRUE
"retrospective","PoorOverlap","PATT","MisMis","WM_DSM_analytic_M3",1000,TRUE,"inclusive",1000,0,1000,0,1000,0,0,1000,0,0,0,0,TRUE,TRUE,TRUE,TRUE,TRUE,TRUE,TRUE,TRUE
"prospective","PoorOverlap","PATT","MisMis","WM_DSM_analytic_M3",1000,TRUE,"inclusive",1000,0,1000,0,1000,0,0,1000,0,0,0,0,TRUE,TRUE,TRUE,TRUE,TRUE,TRUE,TRUE,TRUE
"retrospective","GoodOverlap","PATE","CorCor","WM_DSM_analytic_M5",1000,TRUE,"inclusive",1000,0,1000,0,1000,0,0,1000,0,0,0,0,TRUE,TRUE,TRUE,TRUE,TRUE,TRUE,TRUE,TRUE
"prospective","GoodOverlap","PATE","CorCor","WM_DSM_analytic_M5",1000,TRUE,"inclusive",1000,0,1000,0,1000,0,0,1000,0,0,0,0,TRUE,TRUE,TRUE,TRUE,TRUE,TRUE,TRUE,TRUE
"retrospective","PoorOverlap","PATE","CorCor","WM_DSM_analytic_M5",1000,TRUE,"inclusive",1000,0,1000,0,1000,0,0,1000,0,0,0,0,TRUE,TRUE,TRUE,TRUE,TRUE,TRUE,TRUE,TRUE
"prospective","PoorOverlap","PATE","CorCor","WM_DSM_analytic_M5",1000,TRUE,"inclusive",1000,0,1000,0,1000,0,0,1000,0,0,0,0,TRUE,TRUE,TRUE,TRUE,TRUE,TRUE,TRUE,TRUE
"retrospective","GoodOverlap","PATT","CorCor","WM_DSM_analytic_M5",1000,TRUE,"inclusive",1000,0,1000,0,1000,0,0,1000,0,0,0,0,TRUE,TRUE,TRUE,TRUE,TRUE,TRUE,TRUE,TRUE
"prospective","GoodOverlap","PATT","CorCor","WM_DSM_analytic_M5",1000,TRUE,"inclusive",1000,0,1000,0,1000,0,0,1000,0,0,0,0,TRUE,TRUE,TRUE,TRUE,TRUE,TRUE,TRUE,TRUE
"retrospective","PoorOverlap","PATT","CorCor","WM_DSM_analytic_M5",1000,TRUE,"inclusive",1000,0,1000,0,1000,0,0,1000,0,0,0,0,TRUE,TRUE,TRUE,TRUE,TRUE,TRUE,TRUE,TRUE
"prospective","PoorOverlap","PATT","CorCor","WM_DSM_analytic_M5",1000,TRUE,"inclusive",1000,0,1000,0,1000,0,0,1000,0,0,0,0,TRUE,TRUE,TRUE,TRUE,TRUE,TRUE,TRUE,TRUE
"retrospective","GoodOverlap","PATE","CorMis","WM_DSM_analytic_M5",1000,TRUE,"inclusive",1000,0,1000,0,1000,0,0,1000,0,0,0,0,TRUE,TRUE,TRUE,TRUE,TRUE,TRUE,TRUE,TRUE
"prospective","GoodOverlap","PATE","CorMis","WM_DSM_analytic_M5",1000,TRUE,"inclusive",1000,0,1000,0,1000,0,0,1000,0,0,0,0,TRUE,TRUE,TRUE,TRUE,TRUE,TRUE,TRUE,TRUE
"retrospective","PoorOverlap","PATE","CorMis","WM_DSM_analytic_M5",1000,TRUE,"inclusive",1000,0,1000,0,1000,0,0,1000,0,0,0,0,TRUE,TRUE,TRUE,TRUE,TRUE,TRUE,TRUE,TRUE
"prospective","PoorOverlap","PATE","CorMis","WM_DSM_analytic_M5",1000,TRUE,"inclusive",1000,0,1000,0,1000,0,0,1000,0,0,0,0,TRUE,TRUE,TRUE,TRUE,TRUE,TRUE,TRUE,TRUE
"retrospective","GoodOverlap","PATT","CorMis","WM_DSM_analytic_M5",1000,TRUE,"inclusive",1000,0,1000,0,1000,0,0,1000,0,0,0,0,TRUE,TRUE,TRUE,TRUE,TRUE,TRUE,TRUE,TRUE
"prospective","GoodOverlap","PATT","CorMis","WM_DSM_analytic_M5",1000,TRUE,"inclusive",1000,0,1000,0,1000,0,0,1000,0,0,0,0,TRUE,TRUE,TRUE,TRUE,TRUE,TRUE,TRUE,TRUE
"retrospective","PoorOverlap","PATT","CorMis","WM_DSM_analytic_M5",1000,TRUE,"inclusive",1000,0,1000,0,1000,0,0,1000,0,0,0,0,TRUE,TRUE,TRUE,TRUE,TRUE,TRUE,TRUE,TRUE
"prospective","PoorOverlap","PATT","CorMis","WM_DSM_analytic_M5",1000,TRUE,"inclusive",1000,0,1000,0,1000,0,0,1000,0,0,0,0,TRUE,TRUE,TRUE,TRUE,TRUE,TRUE,TRUE,TRUE
"retrospective","GoodOverlap","PATE","MisCor","WM_DSM_analytic_M5",1000,TRUE,"inclusive",1000,0,1000,0,1000,0,0,1000,0,0,0,0,TRUE,TRUE,TRUE,TRUE,TRUE,TRUE,TRUE,TRUE
"prospective","GoodOverlap","PATE","MisCor","WM_DSM_analytic_M5",1000,TRUE,"inclusive",1000,0,1000,0,1000,0,0,1000,0,0,0,0,TRUE,TRUE,TRUE,TRUE,TRUE,TRUE,TRUE,TRUE
"retrospective","PoorOverlap","PATE","MisCor","WM_DSM_analytic_M5",1000,TRUE,"inclusive",1000,0,1000,0,1000,0,0,1000,0,0,0,0,TRUE,TRUE,TRUE,TRUE,TRUE,TRUE,TRUE,TRUE
"prospective","PoorOverlap","PATE","MisCor","WM_DSM_analytic_M5",1000,TRUE,"inclusive",1000,0,1000,0,1000,0,0,1000,0,0,0,0,TRUE,TRUE,TRUE,TRUE,TRUE,TRUE,TRUE,TRUE
"retrospective","GoodOverlap","PATT","MisCor","WM_DSM_analytic_M5",1000,TRUE,"inclusive",1000,0,1000,0,1000,0,0,1000,0,0,0,0,TRUE,TRUE,TRUE,TRUE,TRUE,TRUE,TRUE,TRUE
"prospective","GoodOverlap","PATT","MisCor","WM_DSM_analytic_M5",1000,TRUE,"inclusive",1000,0,1000,0,1000,0,0,1000,0,0,0,0,TRUE,TRUE,TRUE,TRUE,TRUE,TRUE,TRUE,TRUE
"retrospective","PoorOverlap","PATT","MisCor","WM_DSM_analytic_M5",1000,TRUE,"inclusive",1000,0,1000,0,1000,0,0,1000,0,0,0,0,TRUE,TRUE,TRUE,TRUE,TRUE,TRUE,TRUE,TRUE
"prospective","PoorOverlap","PATT","MisCor","WM_DSM_analytic_M5",1000,TRUE,"inclusive",1000,0,1000,0,1000,0,0,1000,0,0,0,0,TRUE,TRUE,TRUE,TRUE,TRUE,TRUE,TRUE,TRUE
"retrospective","GoodOverlap","PATE","MisMis","WM_DSM_analytic_M5",1000,TRUE,"inclusive",1000,0,1000,0,1000,0,0,1000,0,0,0,0,TRUE,TRUE,TRUE,TRUE,TRUE,TRUE,TRUE,TRUE
"prospective","GoodOverlap","PATE","MisMis","WM_DSM_analytic_M5",1000,TRUE,"inclusive",1000,0,1000,0,1000,0,0,1000,0,0,0,0,TRUE,TRUE,TRUE,TRUE,TRUE,TRUE,TRUE,TRUE
"retrospective","PoorOverlap","PATE","MisMis","WM_DSM_analytic_M5",1000,TRUE,"inclusive",1000,0,1000,0,1000,0,0,1000,0,0,0,0,TRUE,TRUE,TRUE,TRUE,TRUE,TRUE,TRUE,TRUE
"prospective","PoorOverlap","PATE","MisMis","WM_DSM_analytic_M5",1000,TRUE,"inclusive",1000,0,1000,0,1000,0,0,1000,0,0,0,0,TRUE,TRUE,TRUE,TRUE,TRUE,TRUE,TRUE,TRUE
"retrospective","GoodOverlap","PATT","MisMis","WM_DSM_analytic_M5",1000,TRUE,"inclusive",1000,0,1000,0,1000,0,0,1000,0,0,0,0,TRUE,TRUE,TRUE,TRUE,TRUE,TRUE,TRUE,TRUE
"prospective","GoodOverlap","PATT","MisMis","WM_DSM_analytic_M5",1000,TRUE,"inclusive",1000,0,1000,0,1000,0,0,1000,0,0,0,0,TRUE,TRUE,TRUE,TRUE,TRUE,TRUE,TRUE,TRUE
"retrospective","PoorOverlap","PATT","MisMis","WM_DSM_analytic_M5",1000,TRUE,"inclusive",1000,0,1000,0,1000,0,0,1000,0,0,0,0,TRUE,TRUE,TRUE,TRUE,TRUE,TRUE,TRUE,TRUE
"prospective","PoorOverlap","PATT","MisMis","WM_DSM_analytic_M5",1000,TRUE,"inclusive",1000,0,1000,0,1000,0,0,1000,0,0,0,0,TRUE,TRUE,TRUE,TRUE,TRUE,TRUE,TRUE,TRUE
"retrospective","GoodOverlap","PATE","CorCor","PSM_M1",1000,TRUE,"inclusive",1000,0,1000,0,1000,0,0,1000,0,0,0,0,TRUE,TRUE,TRUE,TRUE,TRUE,TRUE,TRUE,TRUE
"prospective","GoodOverlap","PATE","CorCor","PSM_M1",1000,TRUE,"inclusive",1000,0,1000,0,1000,0,0,1000,0,0,0,0,TRUE,TRUE,TRUE,TRUE,TRUE,TRUE,TRUE,TRUE
"retrospective","PoorOverlap","PATE","CorCor","PSM_M1",1000,TRUE,"inclusive",1000,0,1000,0,1000,0,0,1000,0,0,0,0,TRUE,TRUE,TRUE,TRUE,TRUE,TRUE,TRUE,TRUE
"prospective","PoorOverlap","PATE","CorCor","PSM_M1",1000,TRUE,"inclusive",1000,0,1000,0,1000,0,0,1000,0,0,0,0,TRUE,TRUE,TRUE,TRUE,TRUE,TRUE,TRUE,TRUE
"retrospective","GoodOverlap","PATT","CorCor","PSM_M1",1000,TRUE,"inclusive",1000,0,1000,0,1000,0,0,1000,0,0,0,0,TRUE,TRUE,TRUE,TRUE,TRUE,TRUE,TRUE,TRUE
"prospective","GoodOverlap","PATT","CorCor","PSM_M1",1000,TRUE,"inclusive",1000,0,1000,0,1000,0,0,1000,0,0,0,0,TRUE,TRUE,TRUE,TRUE,TRUE,TRUE,TRUE,TRUE
"retrospective","PoorOverlap","PATT","CorCor","PSM_M1",1000,TRUE,"inclusive",1000,0,1000,0,1000,0,0,1000,0,0,0,0,TRUE,TRUE,TRUE,TRUE,TRUE,TRUE,TRUE,TRUE
"prospective","PoorOverlap","PATT","CorCor","PSM_M1",1000,TRUE,"inclusive",1000,0,1000,0,1000,0,0,1000,0,0,0,0,TRUE,TRUE,TRUE,TRUE,TRUE,TRUE,TRUE,TRUE
"retrospective","GoodOverlap","PATE","CorMis","PSM_M1",1000,TRUE,"inclusive",1000,0,1000,0,1000,0,0,1000,0,0,0,0,TRUE,TRUE,TRUE,TRUE,TRUE,TRUE,TRUE,TRUE
"prospective","GoodOverlap","PATE","CorMis","PSM_M1",1000,TRUE,"inclusive",1000,0,1000,0,1000,0,0,1000,0,0,0,0,TRUE,TRUE,TRUE,TRUE,TRUE,TRUE,TRUE,TRUE
"retrospective","PoorOverlap","PATE","CorMis","PSM_M1",1000,TRUE,"inclusive",1000,0,1000,0,1000,0,0,1000,0,0,0,0,TRUE,TRUE,TRUE,TRUE,TRUE,TRUE,TRUE,TRUE
"prospective","PoorOverlap","PATE","CorMis","PSM_M1",1000,TRUE,"inclusive",1000,0,1000,0,1000,0,0,1000,0,0,0,0,TRUE,TRUE,TRUE,TRUE,TRUE,TRUE,TRUE,TRUE
"retrospective","GoodOverlap","PATT","CorMis","PSM_M1",1000,TRUE,"inclusive",1000,0,1000,0,1000,0,0,1000,0,0,0,0,TRUE,TRUE,TRUE,TRUE,TRUE,TRUE,TRUE,TRUE
"prospective","GoodOverlap","PATT","CorMis","PSM_M1",1000,TRUE,"inclusive",1000,0,1000,0,1000,0,0,1000,0,0,0,0,TRUE,TRUE,TRUE,TRUE,TRUE,TRUE,TRUE,TRUE
"retrospective","PoorOverlap","PATT","CorMis","PSM_M1",1000,TRUE,"inclusive",1000,0,1000,0,1000,0,0,1000,0,0,0,0,TRUE,TRUE,TRUE,TRUE,TRUE,TRUE,TRUE,TRUE
"prospective","PoorOverlap","PATT","CorMis","PSM_M1",1000,TRUE,"inclusive",1000,0,1000,0,1000,0,0,1000,0,0,0,0,TRUE,TRUE,TRUE,TRUE,TRUE,TRUE,TRUE,TRUE
"retrospective","GoodOverlap","PATE","MisCor","PSM_M1",1000,TRUE,"inclusive",1000,0,1000,0,1000,0,0,1000,0,0,0,0,TRUE,TRUE,TRUE,TRUE,TRUE,TRUE,TRUE,TRUE
"prospective","GoodOverlap","PATE","MisCor","PSM_M1",1000,TRUE,"inclusive",1000,0,1000,0,1000,0,0,1000,0,0,0,0,TRUE,TRUE,TRUE,TRUE,TRUE,TRUE,TRUE,TRUE
"retrospective","PoorOverlap","PATE","MisCor","PSM_M1",1000,TRUE,"inclusive",1000,0,1000,0,1000,0,0,1000,0,0,0,0,TRUE,TRUE,TRUE,TRUE,TRUE,TRUE,TRUE,TRUE
"prospective","PoorOverlap","PATE","MisCor","PSM_M1",1000,TRUE,"inclusive",1000,0,1000,0,1000,0,0,1000,0,0,0,0,TRUE,TRUE,TRUE,TRUE,TRUE,TRUE,TRUE,TRUE
"retrospective","GoodOverlap","PATT","MisCor","PSM_M1",1000,TRUE,"inclusive",1000,0,1000,0,1000,0,0,1000,0,0,0,0,TRUE,TRUE,TRUE,TRUE,TRUE,TRUE,TRUE,TRUE
"prospective","GoodOverlap","PATT","MisCor","PSM_M1",1000,TRUE,"inclusive",1000,0,1000,0,1000,0,0,1000,0,0,0,0,TRUE,TRUE,TRUE,TRUE,TRUE,TRUE,TRUE,TRUE
"retrospective","PoorOverlap","PATT","MisCor","PSM_M1",1000,TRUE,"inclusive",1000,0,1000,0,1000,0,0,1000,0,0,0,0,TRUE,TRUE,TRUE,TRUE,TRUE,TRUE,TRUE,TRUE
"prospective","PoorOverlap","PATT","MisCor","PSM_M1",1000,TRUE,"inclusive",1000,0,1000,0,1000,0,0,1000,0,0,0,0,TRUE,TRUE,TRUE,TRUE,TRUE,TRUE,TRUE,TRUE
"retrospective","GoodOverlap","PATE","MisMis","PSM_M1",1000,TRUE,"inclusive",1000,0,1000,0,1000,0,0,1000,0,0,0,0,TRUE,TRUE,TRUE,TRUE,TRUE,TRUE,TRUE,TRUE
"prospective","GoodOverlap","PATE","MisMis","PSM_M1",1000,TRUE,"inclusive",1000,0,1000,0,1000,0,0,1000,0,0,0,0,TRUE,TRUE,TRUE,TRUE,TRUE,TRUE,TRUE,TRUE
"retrospective","PoorOverlap","PATE","MisMis","PSM_M1",1000,TRUE,"inclusive",1000,0,1000,0,1000,0,0,1000,0,0,0,0,TRUE,TRUE,TRUE,TRUE,TRUE,TRUE,TRUE,TRUE
"prospective","PoorOverlap","PATE","MisMis","PSM_M1",1000,TRUE,"inclusive",1000,0,1000,0,1000,0,0,1000,0,0,0,0,TRUE,TRUE,TRUE,TRUE,TRUE,TRUE,TRUE,TRUE
"retrospective","GoodOverlap","PATT","MisMis","PSM_M1",1000,TRUE,"inclusive",1000,0,1000,0,1000,0,0,1000,0,0,0,0,TRUE,TRUE,TRUE,TRUE,TRUE,TRUE,TRUE,TRUE
"prospective","GoodOverlap","PATT","MisMis","PSM_M1",1000,TRUE,"inclusive",1000,0,1000,0,1000,0,0,1000,0,0,0,0,TRUE,TRUE,TRUE,TRUE,TRUE,TRUE,TRUE,TRUE
"retrospective","PoorOverlap","PATT","MisMis","PSM_M1",1000,TRUE,"inclusive",1000,0,1000,0,1000,0,0,1000,0,0,0,0,TRUE,TRUE,TRUE,TRUE,TRUE,TRUE,TRUE,TRUE
"prospective","PoorOverlap","PATT","MisMis","PSM_M1",1000,TRUE,"inclusive",1000,0,1000,0,1000,0,0,1000,0,0,0,0,TRUE,TRUE,TRUE,TRUE,TRUE,TRUE,TRUE,TRUE
"retrospective","GoodOverlap","PATE","CorCor","PGM_M1",1000,TRUE,"inclusive",1000,0,1000,0,1000,0,0,1000,0,0,0,0,TRUE,TRUE,TRUE,TRUE,TRUE,TRUE,TRUE,TRUE
"prospective","GoodOverlap","PATE","CorCor","PGM_M1",1000,TRUE,"inclusive",1000,0,1000,0,1000,0,0,1000,0,0,0,0,TRUE,TRUE,TRUE,TRUE,TRUE,TRUE,TRUE,TRUE
"retrospective","PoorOverlap","PATE","CorCor","PGM_M1",1000,TRUE,"inclusive",1000,0,1000,0,1000,0,0,1000,0,0,0,0,TRUE,TRUE,TRUE,TRUE,TRUE,TRUE,TRUE,TRUE
"prospective","PoorOverlap","PATE","CorCor","PGM_M1",1000,TRUE,"inclusive",1000,0,1000,0,1000,0,0,1000,0,0,0,0,TRUE,TRUE,TRUE,TRUE,TRUE,TRUE,TRUE,TRUE
"retrospective","GoodOverlap","PATT","CorCor","PGM_M1",1000,TRUE,"inclusive",1000,0,1000,0,1000,0,0,1000,0,0,0,0,TRUE,TRUE,TRUE,TRUE,TRUE,TRUE,TRUE,TRUE
"prospective","GoodOverlap","PATT","CorCor","PGM_M1",1000,TRUE,"inclusive",1000,0,1000,0,1000,0,0,1000,0,0,0,0,TRUE,TRUE,TRUE,TRUE,TRUE,TRUE,TRUE,TRUE
"retrospective","PoorOverlap","PATT","CorCor","PGM_M1",1000,TRUE,"inclusive",1000,0,1000,0,1000,0,0,1000,0,0,0,0,TRUE,TRUE,TRUE,TRUE,TRUE,TRUE,TRUE,TRUE
"prospective","PoorOverlap","PATT","CorCor","PGM_M1",1000,TRUE,"inclusive",1000,0,1000,0,1000,0,0,1000,0,0,0,0,TRUE,TRUE,TRUE,TRUE,TRUE,TRUE,TRUE,TRUE
"retrospective","GoodOverlap","PATE","CorMis","PGM_M1",1000,TRUE,"inclusive",1000,0,1000,0,1000,0,0,1000,0,0,0,0,TRUE,TRUE,TRUE,TRUE,TRUE,TRUE,TRUE,TRUE
"prospective","GoodOverlap","PATE","CorMis","PGM_M1",1000,TRUE,"inclusive",1000,0,1000,0,1000,0,0,1000,0,0,0,0,TRUE,TRUE,TRUE,TRUE,TRUE,TRUE,TRUE,TRUE
"retrospective","PoorOverlap","PATE","CorMis","PGM_M1",1000,TRUE,"inclusive",1000,0,1000,0,1000,0,0,1000,0,0,0,0,TRUE,TRUE,TRUE,TRUE,TRUE,TRUE,TRUE,TRUE
"prospective","PoorOverlap","PATE","CorMis","PGM_M1",1000,TRUE,"inclusive",1000,0,1000,0,1000,0,0,1000,0,0,0,0,TRUE,TRUE,TRUE,TRUE,TRUE,TRUE,TRUE,TRUE
"retrospective","GoodOverlap","PATT","CorMis","PGM_M1",1000,TRUE,"inclusive",1000,0,1000,0,1000,0,0,1000,0,0,0,0,TRUE,TRUE,TRUE,TRUE,TRUE,TRUE,TRUE,TRUE
"prospective","GoodOverlap","PATT","CorMis","PGM_M1",1000,TRUE,"inclusive",1000,0,1000,0,1000,0,0,1000,0,0,0,0,TRUE,TRUE,TRUE,TRUE,TRUE,TRUE,TRUE,TRUE
"retrospective","PoorOverlap","PATT","CorMis","PGM_M1",1000,TRUE,"inclusive",1000,0,1000,0,1000,0,0,1000,0,0,0,0,TRUE,TRUE,TRUE,TRUE,TRUE,TRUE,TRUE,TRUE
"prospective","PoorOverlap","PATT","CorMis","PGM_M1",1000,TRUE,"inclusive",1000,0,1000,0,1000,0,0,1000,0,0,0,0,TRUE,TRUE,TRUE,TRUE,TRUE,TRUE,TRUE,TRUE
"retrospective","GoodOverlap","PATE","MisCor","PGM_M1",1000,TRUE,"inclusive",1000,0,1000,0,1000,0,0,1000,0,0,0,0,TRUE,TRUE,TRUE,TRUE,TRUE,TRUE,TRUE,TRUE
"prospective","GoodOverlap","PATE","MisCor","PGM_M1",1000,TRUE,"inclusive",1000,0,1000,0,1000,0,0,1000,0,0,0,0,TRUE,TRUE,TRUE,TRUE,TRUE,TRUE,TRUE,TRUE
"retrospective","PoorOverlap","PATE","MisCor","PGM_M1",1000,TRUE,"inclusive",1000,0,1000,0,1000,0,0,1000,0,0,0,0,TRUE,TRUE,TRUE,TRUE,TRUE,TRUE,TRUE,TRUE
"prospective","PoorOverlap","PATE","MisCor","PGM_M1",1000,TRUE,"inclusive",1000,0,1000,0,1000,0,0,1000,0,0,0,0,TRUE,TRUE,TRUE,TRUE,TRUE,TRUE,TRUE,TRUE
"retrospective","GoodOverlap","PATT","MisCor","PGM_M1",1000,TRUE,"inclusive",1000,0,1000,0,1000,0,0,1000,0,0,0,0,TRUE,TRUE,TRUE,TRUE,TRUE,TRUE,TRUE,TRUE
"prospective","GoodOverlap","PATT","MisCor","PGM_M1",1000,TRUE,"inclusive",1000,0,1000,0,1000,0,0,1000,0,0,0,0,TRUE,TRUE,TRUE,TRUE,TRUE,TRUE,TRUE,TRUE
"retrospective","PoorOverlap","PATT","MisCor","PGM_M1",1000,TRUE,"inclusive",1000,0,1000,0,1000,0,0,1000,0,0,0,0,TRUE,TRUE,TRUE,TRUE,TRUE,TRUE,TRUE,TRUE
"prospective","PoorOverlap","PATT","MisCor","PGM_M1",1000,TRUE,"inclusive",1000,0,1000,0,1000,0,0,1000,0,0,0,0,TRUE,TRUE,TRUE,TRUE,TRUE,TRUE,TRUE,TRUE
"retrospective","GoodOverlap","PATE","MisMis","PGM_M1",1000,TRUE,"inclusive",1000,0,1000,0,1000,0,0,1000,0,0,0,0,TRUE,TRUE,TRUE,TRUE,TRUE,TRUE,TRUE,TRUE
"prospective","GoodOverlap","PATE","MisMis","PGM_M1",1000,TRUE,"inclusive",1000,0,1000,0,1000,0,0,1000,0,0,0,0,TRUE,TRUE,TRUE,TRUE,TRUE,TRUE,TRUE,TRUE
"retrospective","PoorOverlap","PATE","MisMis","PGM_M1",1000,TRUE,"inclusive",1000,0,1000,0,1000,0,0,1000,0,0,0,0,TRUE,TRUE,TRUE,TRUE,TRUE,TRUE,TRUE,TRUE
"prospective","PoorOverlap","PATE","MisMis","PGM_M1",1000,TRUE,"inclusive",1000,0,1000,0,1000,0,0,1000,0,0,0,0,TRUE,TRUE,TRUE,TRUE,TRUE,TRUE,TRUE,TRUE
"retrospective","GoodOverlap","PATT","MisMis","PGM_M1",1000,TRUE,"inclusive",1000,0,1000,0,1000,0,0,1000,0,0,0,0,TRUE,TRUE,TRUE,TRUE,TRUE,TRUE,TRUE,TRUE
"prospective","GoodOverlap","PATT","MisMis","PGM_M1",1000,TRUE,"inclusive",1000,0,1000,0,1000,0,0,1000,0,0,0,0,TRUE,TRUE,TRUE,TRUE,TRUE,TRUE,TRUE,TRUE
"retrospective","PoorOverlap","PATT","MisMis","PGM_M1",1000,TRUE,"inclusive",1000,0,1000,0,1000,0,0,1000,0,0,0,0,TRUE,TRUE,TRUE,TRUE,TRUE,TRUE,TRUE,TRUE
"prospective","PoorOverlap","PATT","MisMis","PGM_M1",1000,TRUE,"inclusive",1000,0,1000,0,1000,0,0,1000,0,0,0,0,TRUE,TRUE,TRUE,TRUE,TRUE,TRUE,TRUE,TRUE
"retrospective","GoodOverlap","PATE","CorCor","DSM_M1",1000,TRUE,"inclusive",1000,0,1000,0,1000,0,0,1000,0,0,0,0,TRUE,TRUE,TRUE,TRUE,TRUE,TRUE,TRUE,TRUE
"prospective","GoodOverlap","PATE","CorCor","DSM_M1",1000,TRUE,"inclusive",1000,0,1000,0,1000,0,0,1000,0,0,0,0,TRUE,TRUE,TRUE,TRUE,TRUE,TRUE,TRUE,TRUE
"retrospective","PoorOverlap","PATE","CorCor","DSM_M1",1000,TRUE,"inclusive",1000,0,1000,0,1000,0,0,1000,0,0,0,0,TRUE,TRUE,TRUE,TRUE,TRUE,TRUE,TRUE,TRUE
"prospective","PoorOverlap","PATE","CorCor","DSM_M1",1000,TRUE,"inclusive",1000,0,1000,0,1000,0,0,1000,0,0,0,0,TRUE,TRUE,TRUE,TRUE,TRUE,TRUE,TRUE,TRUE
"retrospective","GoodOverlap","PATT","CorCor","DSM_M1",1000,TRUE,"inclusive",1000,0,1000,0,1000,0,0,1000,0,0,0,0,TRUE,TRUE,TRUE,TRUE,TRUE,TRUE,TRUE,TRUE
"prospective","GoodOverlap","PATT","CorCor","DSM_M1",1000,TRUE,"inclusive",1000,0,1000,0,1000,0,0,1000,0,0,0,0,TRUE,TRUE,TRUE,TRUE,TRUE,TRUE,TRUE,TRUE
"retrospective","PoorOverlap","PATT","CorCor","DSM_M1",1000,TRUE,"inclusive",1000,0,1000,0,1000,0,0,1000,0,0,0,0,TRUE,TRUE,TRUE,TRUE,TRUE,TRUE,TRUE,TRUE
"prospective","PoorOverlap","PATT","CorCor","DSM_M1",1000,TRUE,"inclusive",1000,0,1000,0,1000,0,0,1000,0,0,0,0,TRUE,TRUE,TRUE,TRUE,TRUE,TRUE,TRUE,TRUE
"retrospective","GoodOverlap","PATE","CorMis","DSM_M1",1000,TRUE,"inclusive",1000,0,1000,0,1000,0,0,1000,0,0,0,0,TRUE,TRUE,TRUE,TRUE,TRUE,TRUE,TRUE,TRUE
"prospective","GoodOverlap","PATE","CorMis","DSM_M1",1000,TRUE,"inclusive",1000,0,1000,0,1000,0,0,1000,0,0,0,0,TRUE,TRUE,TRUE,TRUE,TRUE,TRUE,TRUE,TRUE
"retrospective","PoorOverlap","PATE","CorMis","DSM_M1",1000,TRUE,"inclusive",1000,0,1000,0,1000,0,0,1000,0,0,0,0,TRUE,TRUE,TRUE,TRUE,TRUE,TRUE,TRUE,TRUE
"prospective","PoorOverlap","PATE","CorMis","DSM_M1",1000,TRUE,"inclusive",1000,0,1000,0,1000,0,0,1000,0,0,0,0,TRUE,TRUE,TRUE,TRUE,TRUE,TRUE,TRUE,TRUE
"retrospective","GoodOverlap","PATT","CorMis","DSM_M1",1000,TRUE,"inclusive",1000,0,1000,0,1000,0,0,1000,0,0,0,0,TRUE,TRUE,TRUE,TRUE,TRUE,TRUE,TRUE,TRUE
"prospective","GoodOverlap","PATT","CorMis","DSM_M1",1000,TRUE,"inclusive",1000,0,1000,0,1000,0,0,1000,0,0,0,0,TRUE,TRUE,TRUE,TRUE,TRUE,TRUE,TRUE,TRUE
"retrospective","PoorOverlap","PATT","CorMis","DSM_M1",1000,TRUE,"inclusive",1000,0,1000,0,1000,0,0,1000,0,0,0,0,TRUE,TRUE,TRUE,TRUE,TRUE,TRUE,TRUE,TRUE
"prospective","PoorOverlap","PATT","CorMis","DSM_M1",1000,TRUE,"inclusive",1000,0,1000,0,1000,0,0,1000,0,0,0,0,TRUE,TRUE,TRUE,TRUE,TRUE,TRUE,TRUE,TRUE
"retrospective","GoodOverlap","PATE","MisCor","DSM_M1",1000,TRUE,"inclusive",1000,0,1000,0,1000,0,0,1000,0,0,0,0,TRUE,TRUE,TRUE,TRUE,TRUE,TRUE,TRUE,TRUE
"prospective","GoodOverlap","PATE","MisCor","DSM_M1",1000,TRUE,"inclusive",1000,0,1000,0,1000,0,0,1000,0,0,0,0,TRUE,TRUE,TRUE,TRUE,TRUE,TRUE,TRUE,TRUE
"retrospective","PoorOverlap","PATE","MisCor","DSM_M1",1000,TRUE,"inclusive",1000,0,1000,0,1000,0,0,1000,0,0,0,0,TRUE,TRUE,TRUE,TRUE,TRUE,TRUE,TRUE,TRUE
"prospective","PoorOverlap","PATE","MisCor","DSM_M1",1000,TRUE,"inclusive",1000,0,1000,0,1000,0,0,1000,0,0,0,0,TRUE,TRUE,TRUE,TRUE,TRUE,TRUE,TRUE,TRUE
"retrospective","GoodOverlap","PATT","MisCor","DSM_M1",1000,TRUE,"inclusive",1000,0,1000,0,1000,0,0,1000,0,0,0,0,TRUE,TRUE,TRUE,TRUE,TRUE,TRUE,TRUE,TRUE
"prospective","GoodOverlap","PATT","MisCor","DSM_M1",1000,TRUE,"inclusive",1000,0,1000,0,1000,0,0,1000,0,0,0,0,TRUE,TRUE,TRUE,TRUE,TRUE,TRUE,TRUE,TRUE
"retrospective","PoorOverlap","PATT","MisCor","DSM_M1",1000,TRUE,"inclusive",1000,0,1000,0,1000,0,0,1000,0,0,0,0,TRUE,TRUE,TRUE,TRUE,TRUE,TRUE,TRUE,TRUE
"prospective","PoorOverlap","PATT","MisCor","DSM_M1",1000,TRUE,"inclusive",1000,0,1000,0,1000,0,0,1000,0,0,0,0,TRUE,TRUE,TRUE,TRUE,TRUE,TRUE,TRUE,TRUE
"retrospective","GoodOverlap","PATE","MisMis","DSM_M1",1000,TRUE,"inclusive",1000,0,1000,0,1000,0,0,1000,0,0,0,0,TRUE,TRUE,TRUE,TRUE,TRUE,TRUE,TRUE,TRUE
"prospective","GoodOverlap","PATE","MisMis","DSM_M1",1000,TRUE,"inclusive",1000,0,1000,0,1000,0,0,1000,0,0,0,0,TRUE,TRUE,TRUE,TRUE,TRUE,TRUE,TRUE,TRUE
"retrospective","PoorOverlap","PATE","MisMis","DSM_M1",1000,TRUE,"inclusive",1000,0,1000,0,1000,0,0,1000,0,0,0,0,TRUE,TRUE,TRUE,TRUE,TRUE,TRUE,TRUE,TRUE
"prospective","PoorOverlap","PATE","MisMis","DSM_M1",1000,TRUE,"inclusive",1000,0,1000,0,1000,0,0,1000,0,0,0,0,TRUE,TRUE,TRUE,TRUE,TRUE,TRUE,TRUE,TRUE
"retrospective","GoodOverlap","PATT","MisMis","DSM_M1",1000,TRUE,"inclusive",1000,0,1000,0,1000,0,0,1000,0,0,0,0,TRUE,TRUE,TRUE,TRUE,TRUE,TRUE,TRUE,TRUE
"prospective","GoodOverlap","PATT","MisMis","DSM_M1",1000,TRUE,"inclusive",1000,0,1000,0,1000,0,0,1000,0,0,0,0,TRUE,TRUE,TRUE,TRUE,TRUE,TRUE,TRUE,TRUE
"retrospective","PoorOverlap","PATT","MisMis","DSM_M1",1000,TRUE,"inclusive",1000,0,1000,0,1000,0,0,1000,0,0,0,0,TRUE,TRUE,TRUE,TRUE,TRUE,TRUE,TRUE,TRUE
"prospective","PoorOverlap","PATT","MisMis","DSM_M1",1000,TRUE,"inclusive",1000,0,1000,0,1000,0,0,1000,0,0,0,0,TRUE,TRUE,TRUE,TRUE,TRUE,TRUE,TRUE,TRUE
"retrospective","GoodOverlap","PATE","CorCor","SWPSM_full",1000,TRUE,"inclusive",1000,0,1000,0,1000,0,0,1000,0,0,0,0,TRUE,TRUE,TRUE,TRUE,TRUE,TRUE,TRUE,TRUE
"prospective","GoodOverlap","PATE","CorCor","SWPSM_full",1000,TRUE,"inclusive",1000,0,1000,0,1000,0,0,1000,0,0,0,0,TRUE,TRUE,TRUE,TRUE,TRUE,TRUE,TRUE,TRUE
"retrospective","PoorOverlap","PATE","CorCor","SWPSM_full",1000,TRUE,"inclusive",1000,0,1000,0,1000,0,0,1000,0,0,0,0,TRUE,TRUE,TRUE,TRUE,TRUE,TRUE,TRUE,TRUE
"prospective","PoorOverlap","PATE","CorCor","SWPSM_full",1000,TRUE,"inclusive",1000,0,1000,0,1000,0,0,1000,0,0,0,0,TRUE,TRUE,TRUE,TRUE,TRUE,TRUE,TRUE,TRUE
"retrospective","GoodOverlap","PATT","CorCor","SWPSM_full",1000,TRUE,"inclusive",1000,0,1000,0,1000,0,0,1000,0,0,0,0,TRUE,TRUE,TRUE,TRUE,TRUE,TRUE,TRUE,TRUE
"prospective","GoodOverlap","PATT","CorCor","SWPSM_full",1000,TRUE,"inclusive",1000,0,1000,0,1000,0,0,1000,0,0,0,0,TRUE,TRUE,TRUE,TRUE,TRUE,TRUE,TRUE,TRUE
"retrospective","PoorOverlap","PATT","CorCor","SWPSM_full",1000,TRUE,"inclusive",1000,0,1000,0,1000,0,0,1000,0,0,0,0,TRUE,TRUE,TRUE,TRUE,TRUE,TRUE,TRUE,TRUE
"prospective","PoorOverlap","PATT","CorCor","SWPSM_full",1000,TRUE,"inclusive",1000,0,1000,0,1000,0,0,1000,0,0,0,0,TRUE,TRUE,TRUE,TRUE,TRUE,TRUE,TRUE,TRUE
"retrospective","GoodOverlap","PATE","CorMis","SWPSM_full",1000,TRUE,"inclusive",1000,0,1000,0,1000,0,0,1000,0,0,0,0,TRUE,TRUE,TRUE,TRUE,TRUE,TRUE,TRUE,TRUE
"prospective","GoodOverlap","PATE","CorMis","SWPSM_full",1000,TRUE,"inclusive",1000,0,1000,0,1000,0,0,1000,0,0,0,0,TRUE,TRUE,TRUE,TRUE,TRUE,TRUE,TRUE,TRUE
"retrospective","PoorOverlap","PATE","CorMis","SWPSM_full",1000,TRUE,"inclusive",1000,0,1000,0,1000,0,0,1000,0,0,0,0,TRUE,TRUE,TRUE,TRUE,TRUE,TRUE,TRUE,TRUE
"prospective","PoorOverlap","PATE","CorMis","SWPSM_full",1000,TRUE,"inclusive",1000,0,1000,0,1000,0,0,1000,0,0,0,0,TRUE,TRUE,TRUE,TRUE,TRUE,TRUE,TRUE,TRUE
"retrospective","GoodOverlap","PATT","CorMis","SWPSM_full",1000,TRUE,"inclusive",1000,0,1000,0,1000,0,0,1000,0,0,0,0,TRUE,TRUE,TRUE,TRUE,TRUE,TRUE,TRUE,TRUE
"prospective","GoodOverlap","PATT","CorMis","SWPSM_full",1000,TRUE,"inclusive",1000,0,1000,0,1000,0,0,1000,0,0,0,0,TRUE,TRUE,TRUE,TRUE,TRUE,TRUE,TRUE,TRUE
"retrospective","PoorOverlap","PATT","CorMis","SWPSM_full",1000,TRUE,"inclusive",1000,0,1000,0,1000,0,0,1000,0,0,0,0,TRUE,TRUE,TRUE,TRUE,TRUE,TRUE,TRUE,TRUE
"prospective","PoorOverlap","PATT","CorMis","SWPSM_full",1000,TRUE,"inclusive",1000,0,1000,0,1000,0,0,1000,0,0,0,0,TRUE,TRUE,TRUE,TRUE,TRUE,TRUE,TRUE,TRUE
"retrospective","GoodOverlap","PATE","MisCor","SWPSM_full",1000,TRUE,"inclusive",1000,0,1000,0,1000,0,0,1000,0,0,0,0,TRUE,TRUE,TRUE,TRUE,TRUE,TRUE,TRUE,TRUE
"prospective","GoodOverlap","PATE","MisCor","SWPSM_full",1000,TRUE,"inclusive",1000,0,1000,0,1000,0,0,1000,0,0,0,0,TRUE,TRUE,TRUE,TRUE,TRUE,TRUE,TRUE,TRUE
"retrospective","PoorOverlap","PATE","MisCor","SWPSM_full",1000,TRUE,"inclusive",1000,0,1000,0,1000,0,0,1000,0,0,0,0,TRUE,TRUE,TRUE,TRUE,TRUE,TRUE,TRUE,TRUE
"prospective","PoorOverlap","PATE","MisCor","SWPSM_full",1000,TRUE,"inclusive",1000,0,1000,0,1000,0,0,1000,0,0,0,0,TRUE,TRUE,TRUE,TRUE,TRUE,TRUE,TRUE,TRUE
"retrospective","GoodOverlap","PATT","MisCor","SWPSM_full",1000,TRUE,"inclusive",1000,0,1000,0,1000,0,0,1000,0,0,0,0,TRUE,TRUE,TRUE,TRUE,TRUE,TRUE,TRUE,TRUE
"prospective","GoodOverlap","PATT","MisCor","SWPSM_full",1000,TRUE,"inclusive",1000,0,1000,0,1000,0,0,1000,0,0,0,0,TRUE,TRUE,TRUE,TRUE,TRUE,TRUE,TRUE,TRUE
"retrospective","PoorOverlap","PATT","MisCor","SWPSM_full",1000,TRUE,"inclusive",1000,0,1000,0,1000,0,0,1000,0,0,0,0,TRUE,TRUE,TRUE,TRUE,TRUE,TRUE,TRUE,TRUE
"prospective","PoorOverlap","PATT","MisCor","SWPSM_full",1000,TRUE,"inclusive",1000,0,1000,0,1000,0,0,1000,0,0,0,0,TRUE,TRUE,TRUE,TRUE,TRUE,TRUE,TRUE,TRUE
"retrospective","GoodOverlap","PATE","MisMis","SWPSM_full",1000,TRUE,"inclusive",1000,0,1000,0,1000,0,0,1000,0,0,0,0,TRUE,TRUE,TRUE,TRUE,TRUE,TRUE,TRUE,TRUE
"prospective","GoodOverlap","PATE","MisMis","SWPSM_full",1000,TRUE,"inclusive",1000,0,1000,0,1000,0,0,1000,0,0,0,0,TRUE,TRUE,TRUE,TRUE,TRUE,TRUE,TRUE,TRUE
"retrospective","PoorOverlap","PATE","MisMis","SWPSM_full",1000,TRUE,"inclusive",1000,0,1000,0,1000,0,0,1000,0,0,0,0,TRUE,TRUE,TRUE,TRUE,TRUE,TRUE,TRUE,TRUE
"prospective","PoorOverlap","PATE","MisMis","SWPSM_full",1000,TRUE,"inclusive",1000,0,1000,0,1000,0,0,1000,0,0,0,0,TRUE,TRUE,TRUE,TRUE,TRUE,TRUE,TRUE,TRUE
"retrospective","GoodOverlap","PATT","MisMis","SWPSM_full",1000,TRUE,"inclusive",1000,0,1000,0,1000,0,0,1000,0,0,0,0,TRUE,TRUE,TRUE,TRUE,TRUE,TRUE,TRUE,TRUE
"prospective","GoodOverlap","PATT","MisMis","SWPSM_full",1000,TRUE,"inclusive",1000,0,1000,0,1000,0,0,1000,0,0,0,0,TRUE,TRUE,TRUE,TRUE,TRUE,TRUE,TRUE,TRUE
"retrospective","PoorOverlap","PATT","MisMis","SWPSM_full",1000,TRUE,"inclusive",1000,0,1000,0,1000,0,0,1000,0,0,0,0,TRUE,TRUE,TRUE,TRUE,TRUE,TRUE,TRUE,TRUE
"prospective","PoorOverlap","PATT","MisMis","SWPSM_full",1000,TRUE,"inclusive",1000,0,1000,0,1000,0,0,1000,0,0,0,0,TRUE,TRUE,TRUE,TRUE,TRUE,TRUE,TRUE,TRUE
