"sampling_design","overlap","estimand","scenario","method","requested","interval_required","coverage_rule","truth","point_metric_scope","relative_bias_status","mean_estimate","signed_bias","absolute_bias","signed_relative_bias_percent","empirical_variance","empirical_sd","bias_mcse","signed_relative_bias_mcse","mse","rmse","rmse_mcse","variance_mcse","interval_availability","availability_mcse","operational_coverage","operational_coverage_mcse","coverage_exact95_lower","coverage_exact95_upper","operational_denominator","conditional_coverage","conditional_coverage_mcse","conditional_coverage_denominator","mean_valid_ci_length","mean_reported_variance_valid_intervals","variance_calibration_ratio","warning_rate","reference_scenario","reference_method","reference_empirical_variance","relative_efficiency","relative_efficiency_mcse","paired_bias_difference","paired_bias_difference_mcse","paired_mse_difference","paired_mse_difference_mcse","paired_operational_coverage_difference","paired_operational_coverage_difference_mcse","relative_efficiency_status","source_specification","selection_design","overlap_label","donor_M","method_label","interval_procedure","audit_received","audit_missing","audit_evaluated","audit_not_run","audit_point_available","audit_point_unavailable","audit_invalid_points","audit_interval_available","audit_interval_unavailable","audit_invalid_intervals","audit_invalid_status","audit_warning_replicates","audit_reference_present","audit_paired_coverage_expected","audit_paired_point_expected","audit_calibration_expected","audit_derived_point_metrics_finite","audit_derived_interval_metrics_finite","audit_derived_paired_metrics_finite","audit_derived_diagnostic_metrics_finite"
"retrospective","GoodOverlap","PATE","CorCor","WDSM_M3",1000,TRUE,"inclusive",0.866391828860284,"all_requested","defined",0.864920544983888,-0.00147128387639578,0.00147128387639578,-0.169817376778728,0.00317069524312854,0.0563089268511534,0.00178064461449458,0.205524169917088,0.00316968922413035,0.0562999931095054,0.00130163913409451,0.000146779450473988,1,0,0.943,0.00733150734842434,0.926777270539338,0.956546418063041,1000,0.943,0.00733150734842434,1000,0.216082742184467,0.00305563673488651,0.963711899309344,0,"CorCor","PSM_M1",0.00716442624343717,2.2595758009111,0.123825257197648,-0.0565276809577444,0.00230260223575307,-0.00701877945264251,0.000435326049566403,-0.027,0.00838697450463165,"defined","X1X2 included in PS and PG regressions where used","Bernoulli selection","Good overlap","3","WDSM","Common-count fixed-graph weighted bootstrap, B=200, divisor 200",1000,0,1000,0,1000,0,0,1000,0,0,0,0,TRUE,TRUE,TRUE,TRUE,TRUE,TRUE,TRUE,TRUE
"retrospective","GoodOverlap","PATE","CorCor","WM_PS_M3",1000,TRUE,"inclusive",0.866391828860284,"all_requested","defined",0.865783746971002,-0.00060808188928173,0.00060808188928173,-0.0701855521977447,0.00334109469481359,0.0578022032003417,0.00182786615888954,0.210974538078695,0.00333812336370285,0.0577764949066907,0.00131099804733046,0.000151747597911917,1,0,0.939,0.00756828910652864,0.922329225950876,0.95302212445892,1000,0.939,0.00756828910652864,1000,0.221885884596281,0.0032301020303619,0.966779551437442,0,"CorCor","PSM_M1",0.00716442624343717,2.14433498534434,0.118114840546591,-0.0556644789706304,0.00234457243282553,-0.00685034531307002,0.000435849748319283,-0.031,0.00860889732271869,"defined","X1X2 included in PS and PG regressions where used","Bernoulli selection","Good overlap","3","WM--PS","Common-count fixed-graph weighted bootstrap, B=200, divisor 200",1000,0,1000,0,1000,0,0,1000,0,0,0,0,TRUE,TRUE,TRUE,TRUE,TRUE,TRUE,TRUE,TRUE
"retrospective","GoodOverlap","PATE","CorCor","WM_DSM_M3",1000,TRUE,"inclusive",0.866391828860284,"all_requested","defined",0.864920544983888,-0.00147128387639578,0.00147128387639578,-0.169817376778728,0.00317069524312854,0.0563089268511534,0.00178064461449458,0.205524169917088,0.00316968922413035,0.0562999931095054,0.00130163913409451,0.000146779450473988,1,0,0.943,0.00733150734842434,0.926777270539338,0.956546418063041,1000,0.943,0.00733150734842434,1000,0.216082742184467,0.00305563673488651,0.963711899309345,0,"CorCor","PSM_M1",0.00716442624343717,2.2595758009111,0.123825257197648,-0.0565276809577444,0.00230260223575307,-0.00701877945264251,0.000435326049566403,-0.027,0.00838697450463165,"defined","X1X2 included in PS and PG regressions where used","Bernoulli selection","Good overlap","3","WM--DSM","Common-count fixed-graph weighted bootstrap, B=200, divisor 200",1000,0,1000,0,1000,0,0,1000,0,0,0,0,TRUE,TRUE,TRUE,TRUE,TRUE,TRUE,TRUE,TRUE
"retrospective","GoodOverlap","PATE","CorCor","WM_X6_M3",1000,TRUE,"inclusive",0.866391828860284,"all_requested","defined",0.865516693000621,-0.000875135859662301,0.000875135859662301,-0.101009246683861,0.00322783647604494,0.0568140517481806,0.00179661806626922,0.207367845173774,0.00322537450234177,0.0567923806715458,0.00125634427404778,0.00014307948356662,1,0,0.935,0.0077958322198467,0.917898930078629,0.949479690310382,1000,0.935,0.0077958322198467,1000,0.215391508494758,0.00303300801828832,0.939641162369121,0,"CorCor","PSM_M1",0.00716442624343717,2.21957533989321,0.120539007771833,-0.0559315329410109,0.00235892784353251,-0.0069630941744311,0.000433662274548641,-0.035,0.00882342636694232,"defined","X1X2 included in PS and PG regressions where used","Bernoulli selection","Good overlap","3","WM--X6","Common-count fixed-graph weighted bootstrap, B=200, divisor 200",1000,0,1000,0,1000,0,0,1000,0,0,0,0,TRUE,TRUE,TRUE,TRUE,TRUE,TRUE,TRUE,TRUE
"retrospective","GoodOverlap","PATE","CorCor","PSM_M1",1000,TRUE,"inclusive",0.866391828860284,"all_requested","defined",0.921448225941632,0.0550563970813486,0.0550563970813486,6.35467640014264,0.00716442624343717,0.0846429338068877,0.00267664458668632,0.308941577877919,0.0101884686767729,0.100937944682725,0.00217099928463193,0.000311633714448134,1,0,0.97,0.00539444158370447,0.957448597529971,0.97966951431689,1000,0.97,0.00539444158370447,1000,0.442109846626797,0.012855994001583,1.79442059486055,0,"CorCor","PSM_M1",0.00716442624343717,1,0,0,0,0,0,0,0,"defined","X1X2 included in PS and PG regressions where used","Bernoulli selection","Good overlap","1","PSM","Source nearest-neighbor bootstrap interval, B=200, divisor 199",1000,0,1000,0,1000,0,0,1000,0,0,0,0,TRUE,TRUE,TRUE,TRUE,TRUE,TRUE,TRUE,TRUE
"retrospective","GoodOverlap","PATE","CorCor","PGM_M1",1000,TRUE,"inclusive",0.866391828860284,"all_requested","defined",0.920763933735738,0.054372104875454,0.054372104875454,6.27569456039066,0.00275987045559052,0.0525344692139411,0.00166128578384049,0.19174762832492,0.0057134363737223,0.0755872765333049,0.00149408552632736,0.000118568049803959,1,0,0.812,0.0123554036761249,0.786378459836871,0.835769276598681,1000,0.812,0.0123554036761249,1000,0.203806003010574,0.0027126532581796,0.982891516768379,0,"CorCor","PSM_M1",0.00716442624343717,2.59592845342599,0.146664976428287,-0.000684292205894621,0.00240110944983881,-0.00447503230305057,0.000420256240114688,-0.158,0.0127749441955415,"defined","X1X2 included in PS and PG regressions where used","Bernoulli selection","Good overlap","1","PGM","Source nearest-neighbor bootstrap interval, B=200, divisor 199",1000,0,1000,0,1000,0,0,1000,0,0,0,0,TRUE,TRUE,TRUE,TRUE,TRUE,TRUE,TRUE,TRUE
"retrospective","GoodOverlap","PATE","CorCor","DSM_M1",1000,TRUE,"inclusive",0.866391828860284,"all_requested","defined",0.92191255810927,0.0555207292489867,0.0555207292489867,6.40827018440638,0.00305418469756711,0.055264678571101,0.00174762258441779,0.201712726990597,0.00613368188920883,0.0783178261266797,0.00158319204777422,0.000136977166902241,1,0,0.816,0.0122533260790693,0.790565866585471,0.839557716815212,1000,0.816,0.0122533260790693,1000,0.209087873000404,0.00285733221978622,0.935546636083373,0,"CorCor","PSM_M1",0.00716442624343717,2.34577373436,0.12929481970171,0.000464332167638091,0.00236945750077814,-0.00405478678756404,0.000412739236780097,-0.154,0.0122651716023232,"defined","X1X2 included in PS and PG regressions where used","Bernoulli selection","Good overlap","1","DSM","Source nearest-neighbor bootstrap interval, B=200, divisor 199",1000,0,1000,0,1000,0,0,1000,0,0,0,0,TRUE,TRUE,TRUE,TRUE,TRUE,TRUE,TRUE,TRUE
"retrospective","GoodOverlap","PATE","CorCor","SWPSM_full",1000,TRUE,"inclusive",0.866391828860284,"all_requested","defined",0.865356088434688,-0.00103574042559537,0.00103574042559537,-0.119546421271985,0.00406555680012392,0.063761718923849,0.00201632259326823,0.232726409241492,0.00406256400155301,0.0637382459874212,0.00142068644866341,0.000181291533959511,1,0,0.932,0.00796090447122687,0.914586949808569,0.946811900239598,1000,0.932,0.00796090447122687,1000,0.234963456547481,0.00362314017878116,0.891179328418367,0,"CorCor","PSM_M1",0.00716442624343717,1.7622251011765,0.0970052962133432,-0.056092137506944,0.00249421823497589,-0.00612590467521986,0.000448206576070174,-0.038,0.00909057966461098,"defined","X1X2 included in PS and PG regressions where used","Bernoulli selection","Good overlap","full","SWPSM","Source full-matching interval",1000,0,1000,0,1000,0,0,1000,0,0,0,0,TRUE,TRUE,TRUE,TRUE,TRUE,TRUE,TRUE,TRUE
"retrospective","PoorOverlap","PATE","CorCor","WDSM_M3",1000,TRUE,"inclusive",0.866391828860284,"all_requested","defined",0.872564566700873,0.0061727378405893,0.0061727378405893,0.712464918870412,0.0113712669382966,0.106636142739207,0.00337213091950722,0.389215457392202,0.011397998363807,0.10676140858853,0.00246358749884094,0.000521746900019019,1,0,0.944,0.00727076337120113,0.927892253716747,0.957424450313383,1000,0.944,0.00727076337120113,1000,0.418431574932142,0.0115817443678998,1.01850958479344,0,"CorCor","PSM_M1",0.0988525312143353,8.69318535487156,0.562762295007193,-0.0849315156709854,0.0095162059527692,-0.0956556653272152,0.00496232305920776,-0.004,0.00959562796673965,"defined","X1X2 included in PS and PG regressions where used","Bernoulli selection","Poor overlap","3","WDSM","Common-count fixed-graph weighted bootstrap, B=200, divisor 200",1000,0,1000,0,1000,0,0,1000,0,0,0,0,TRUE,TRUE,TRUE,TRUE,TRUE,TRUE,TRUE,TRUE
"retrospective","PoorOverlap","PATE","CorCor","WM_PS_M3",1000,TRUE,"inclusive",0.866391828860284,"all_requested","defined",0.859393965666886,-0.00699786319339767,0.00699786319339767,-0.807701891949186,0.0256376019095334,0.160117462850038,0.00506335875773517,0.584419034098681,0.0256609343968974,0.16019030681317,0.00398256979573064,0.00128353886088961,1,0,0.956,0.00648567652600714,0.941379580793669,0.967850502989129,1000,0.956,0.00648567652600714,1000,0.600256562860189,0.0259384701872635,1.01173542981093,0,"CorCor","PSM_M1",0.0988525312143353,3.85576356022505,0.250929348604522,-0.0981021167049724,0.00933671170357342,-0.0813927292941248,0.00496167816069643,0.008,0.00927480576734748,"defined","X1X2 included in PS and PG regressions where used","Bernoulli selection","Poor overlap","3","WM--PS","Common-count fixed-graph weighted bootstrap, B=200, divisor 200",1000,0,1000,0,1000,0,0,1000,0,0,0,0,TRUE,TRUE,TRUE,TRUE,TRUE,TRUE,TRUE,TRUE
"retrospective","PoorOverlap","PATE","CorCor","WM_DSM_M3",1000,TRUE,"inclusive",0.866391828860284,"all_requested","defined",0.872564566700864,0.00617273784058044,0.00617273784058044,0.71246491886939,0.0113712669382932,0.106636142739191,0.00337213091950671,0.389215457392144,0.0113979983638034,0.106761408588513,0.00246358749884135,0.000521746900019032,1,0,0.944,0.00727076337120113,0.927892253716747,0.957424450313383,1000,0.944,0.00727076337120113,1000,0.418431574931963,0.0115817443678904,1.01850958479291,0,"CorCor","PSM_M1",0.0988525312143353,8.69318535487416,0.562762295007422,-0.0849315156709943,0.00951620595276921,-0.0956556653272188,0.00496232305920774,-0.004,0.00959562796673965,"defined","X1X2 included in PS and PG regressions where used","Bernoulli selection","Poor overlap","3","WM--DSM","Common-count fixed-graph weighted bootstrap, B=200, divisor 200",1000,0,1000,0,1000,0,0,1000,0,0,0,0,TRUE,TRUE,TRUE,TRUE,TRUE,TRUE,TRUE,TRUE
"retrospective","PoorOverlap","PATE","CorCor","WM_X6_M3",1000,TRUE,"inclusive",0.866391828860284,"all_requested","defined",0.861381339731433,-0.00501048912885044,0.00501048912885044,-0.578316757146892,0.0134277938701682,0.115878358075044,0.00366439543037705,0.422948983163596,0.0134394710776084,0.115928732752534,0.00262526186191512,0.000609344017170083,1,0,0.935,0.0077958322198467,0.917898930078629,0.949479690310382,1000,0.935,0.0077958322198467,1000,0.44117534657532,0.0128125853169534,0.954183944200869,0,"CorCor","PSM_M1",0.0988525312143353,7.36178497898679,0.473328754473703,-0.0961147426404252,0.0095850810562827,-0.0936141926134138,0.00496815855654162,-0.013,0.0101456362015368,"defined","X1X2 included in PS and PG regressions where used","Bernoulli selection","Poor overlap","3","WM--X6","Common-count fixed-graph weighted bootstrap, B=200, divisor 200",1000,0,1000,0,1000,0,0,1000,0,0,0,0,TRUE,TRUE,TRUE,TRUE,TRUE,TRUE,TRUE,TRUE
"retrospective","PoorOverlap","PATE","CorCor","PSM_M1",1000,TRUE,"inclusive",0.866391828860284,"all_requested","defined",0.957496082371858,0.0911042535115748,0.0911042535115748,10.5153638892717,0.0988525312143353,0.314408223833817,0.00994246102402897,1.14757095956318,0.107053663691022,0.327190561738908,0.00762848297705262,0.00497728847638675,1,0,0.948,0.00702111102319284,0.932364985949493,0.96092346505602,1000,0.948,0.00702111102319284,1000,1.26324091478078,0.117241236728159,1.18602159487401,0,"CorCor","PSM_M1",0.0988525312143353,1,0,0,0,0,0,0,0,"defined","X1X2 included in PS and PG regressions where used","Bernoulli selection","Poor overlap","1","PSM","Source nearest-neighbor bootstrap interval, B=200, divisor 199",1000,0,1000,0,1000,0,0,1000,0,0,0,0,TRUE,TRUE,TRUE,TRUE,TRUE,TRUE,TRUE,TRUE
"retrospective","PoorOverlap","PATE","CorCor","PGM_M1",1000,TRUE,"inclusive",0.866391828860284,"all_requested","defined",0.919404286716515,0.053012457856231,0.053012457856231,6.11876244562088,0.00449040484229664,0.0670104830776248,0.00211905753633464,0.244584201483318,0.007296235125413,0.0854180023496979,0.00161503137119094,0.000197787018033423,1,0,0.879,0.0103130499853341,0.857164237318432,0.898574192769252,1000,0.879,0.0103130499853341,1000,0.263884762612145,0.00456637177691912,1.01691761373205,0,"CorCor","PSM_M1",0.0988525312143353,22.0141690306428,1.43678100584614,-0.0380917956553438,0.00978841313491924,-0.0997574285656092,0.00498777326422806,-0.069,0.0117633914062815,"defined","X1X2 included in PS and PG regressions where used","Bernoulli selection","Poor overlap","1","PGM","Source nearest-neighbor bootstrap interval, B=200, divisor 199",1000,0,1000,0,1000,0,0,1000,0,0,0,0,TRUE,TRUE,TRUE,TRUE,TRUE,TRUE,TRUE,TRUE
"retrospective","PoorOverlap","PATE","CorCor","DSM_M1",1000,TRUE,"inclusive",0.866391828860284,"all_requested","defined",0.917056644641979,0.0506648157816949,0.0506648157816949,5.84779473836257,0.0125134553514235,0.111863556851298,0.00353743626817834,0.408295202048679,0.0150678654542652,0.12275123402339,0.00282427506627831,0.000578603751213161,1,0,0.933,0.00790638982089803,0.915689962897559,0.947702163599955,1000,0.933,0.00790638982089803,1000,0.438909241878043,0.0129009501837849,1.03096625364291,0,"CorCor","PSM_M1",0.0988525312143353,7.89969903901004,0.505616223049437,-0.0404394377298798,0.00942230324903575,-0.091985798236757,0.00492830933395888,-0.015,0.00963679759400746,"defined","X1X2 included in PS and PG regressions where used","Bernoulli selection","Poor overlap","1","DSM","Source nearest-neighbor bootstrap interval, B=200, divisor 199",1000,0,1000,0,1000,0,0,1000,0,0,0,0,TRUE,TRUE,TRUE,TRUE,TRUE,TRUE,TRUE,TRUE
"retrospective","PoorOverlap","PATE","CorCor","SWPSM_full",1000,TRUE,"inclusive",0.866391828860284,"all_requested","defined",0.857494823359829,-0.00889700550045455,0.00889700550045455,-1.02690320985117,0.031930177443983,0.178690171649095,0.00565067937897586,0.652208295455554,0.0319774039734141,0.17882226923237,0.00479388729189631,0.00171101625414114,1,0,0.817,0.0122274690758145,0.791613375455868,0.840504165669104,1000,0.817,0.0122274690758145,1000,0.460032838833932,0.0147219099196728,0.461065709562694,0,"CorCor","PSM_M1",0.0988525312143353,3.09589670736275,0.207257086367762,-0.100001259012029,0.00881998508623632,-0.0750762597176081,0.00502325138489504,-0.131,0.0137851017054293,"defined","X1X2 included in PS and PG regressions where used","Bernoulli selection","Poor overlap","full","SWPSM","Source full-matching interval",1000,0,1000,0,1000,0,0,1000,0,0,0,0,TRUE,TRUE,TRUE,TRUE,TRUE,TRUE,TRUE,TRUE
"prospective","GoodOverlap","PATE","CorCor","WDSM_M3",1000,TRUE,"inclusive",0.866391828860284,"all_requested","defined",0.861333885481965,-0.00505794337831858,0.00505794337831858,-0.583793984411438,0.00330006019427521,0.0574461503869076,0.00181660678031191,0.209674966891321,0.00332234292529921,0.0576397686090013,0.00127014567877874,0.000145520471127536,1,0,0.922,0.00848033018225116,0.903606366597417,0.937858786867286,1000,0.922,0.00848033018225116,1000,0.212491610309448,0.0029517639238351,0.894457600790337,0,"CorCor","PSM_M1",0.00757770737570927,2.29623307746165,0.127916280887236,-0.0601805014303294,0.0024293179454802,-0.00728628314923165,0.000475858967910034,-0.036,0.0104313380164202,"defined","X1X2 included in PS and PG regressions where used","Multistage selection (empirical)","Good overlap","3","WDSM","Common-count fixed-graph weighted bootstrap, B=200, divisor 200",1000,0,1000,0,1000,0,0,1000,0,0,0,0,TRUE,TRUE,TRUE,TRUE,TRUE,TRUE,TRUE,TRUE
"prospective","GoodOverlap","PATE","CorCor","WM_PS_M3",1000,TRUE,"inclusive",0.866391828860284,"all_requested","defined",0.859632135095216,-0.0067596937650678,0.0067596937650678,-0.780212086482857,0.00345072021703037,0.0587428311969245,0.00185761142789077,0.214407773251325,0.00349296295661084,0.0591012940349942,0.00127986983651283,0.000150278027087228,1,0,0.93,0.00806845710157772,0.912383766510715,0.94502847508083,1000,0.93,0.00806845710157772,1000,0.217032468073238,0.00308154914085423,0.893016224742253,0,"CorCor","PSM_M1",0.00757770737570927,2.19597849118887,0.110621565270956,-0.0618822518170786,0.00228573504754692,-0.00711566311792003,0.000463650247110606,-0.028,0.00976275121629714,"defined","X1X2 included in PS and PG regressions where used","Multistage selection (empirical)","Good overlap","3","WM--PS","Common-count fixed-graph weighted bootstrap, B=200, divisor 200",1000,0,1000,0,1000,0,0,1000,0,0,0,0,TRUE,TRUE,TRUE,TRUE,TRUE,TRUE,TRUE,TRUE
"prospective","GoodOverlap","PATE","CorCor","WM_DSM_M3",1000,TRUE,"inclusive",0.866391828860284,"all_requested","defined",0.861333885481965,-0.00505794337831851,0.00505794337831851,-0.58379398441143,0.00330006019427521,0.0574461503869076,0.00181660678031191,0.209674966891321,0.00332234292529921,0.0576397686090013,0.00127014567877874,0.000145520471127536,1,0,0.922,0.00848033018225116,0.903606366597417,0.937858786867286,1000,0.922,0.00848033018225116,1000,0.212491610309448,0.0029517639238351,0.894457600790337,0,"CorCor","PSM_M1",0.00757770737570927,2.29623307746165,0.127916280887236,-0.0601805014303293,0.0024293179454802,-0.00728628314923165,0.000475858967910034,-0.036,0.0104313380164202,"defined","X1X2 included in PS and PG regressions where used","Multistage selection (empirical)","Good overlap","3","WM--DSM","Common-count fixed-graph weighted bootstrap, B=200, divisor 200",1000,0,1000,0,1000,0,0,1000,0,0,0,0,TRUE,TRUE,TRUE,TRUE,TRUE,TRUE,TRUE,TRUE
"prospective","GoodOverlap","PATE","CorCor","WM_X6_M3",1000,TRUE,"inclusive",0.866391828860284,"all_requested","defined",0.861270368769345,-0.0051214600909384,0.0051214600909384,-0.591125160734209,0.00319040573855463,0.0564836767443005,0.00178617069132674,0.206161996434846,0.00321344468627915,0.0566872532963024,0.0012632910101824,0.000143582695193012,1,0,0.938,0.00762600813007697,0.921220050338967,0.952138151886639,1000,0.938,0.00762600813007697,1000,0.212365941391412,0.00294667789691971,0.923606004499812,0,"CorCor","PSM_M1",0.00757770737570927,2.37515475982759,0.130649611081831,-0.0602440181429492,0.0024054809569163,-0.00739518138825171,0.000467300828243194,-0.02,0.00957557787768925,"defined","X1X2 included in PS and PG regressions where used","Multistage selection (empirical)","Good overlap","3","WM--X6","Common-count fixed-graph weighted bootstrap, B=200, divisor 200",1000,0,1000,0,1000,0,0,1000,0,0,0,0,TRUE,TRUE,TRUE,TRUE,TRUE,TRUE,TRUE,TRUE
"prospective","GoodOverlap","PATE","CorCor","PSM_M1",1000,TRUE,"inclusive",0.866391828860284,"all_requested","defined",0.921514386912294,0.0551225580520108,0.0551225580520108,6.3623127799489,0.00757770737570927,0.0870500280052182,0.00275276358877933,0.317727325799058,0.0106086260745309,0.102998184811825,0.00229150516763364,0.000343904232463185,1,0,0.958,0.00634318531969546,0.943649708424255,0.96956529373686,1000,0.958,0.00634318531969546,1000,0.438484437500417,0.0126626329552635,1.67103746917626,0,"CorCor","PSM_M1",0.00757770737570927,1,0,0,0,0,0,0,0,"defined","X1X2 included in PS and PG regressions where used","Multistage selection (empirical)","Good overlap","1","PSM","Source nearest-neighbor bootstrap interval, B=200, divisor 199",1000,0,1000,0,1000,0,0,1000,0,0,0,0,TRUE,TRUE,TRUE,TRUE,TRUE,TRUE,TRUE,TRUE
"prospective","GoodOverlap","PATE","CorCor","PGM_M1",1000,TRUE,"inclusive",0.866391828860284,"all_requested","defined",0.917605388445245,0.0512135595849608,0.0512135595849608,5.91113141640901,0.00322850267803242,0.0568199144493585,0.00179680346115885,0.207389243677713,0.00584810286071673,0.0764728897107774,0.00164027373591553,0.000151485993265338,1,0,0.813,0.0123300851578568,0.78742492046857,0.836716780075399,1000,0.813,0.0123300851578568,1000,0.204391306599278,0.00272731974536853,0.84476304260979,0,"CorCor","PSM_M1",0.00757770737570927,2.34712748645679,0.13186523941236,-0.00390899846705,0.0024476661359457,-0.00476052321381414,0.000430363231811245,-0.145,0.0124952443405934,"defined","X1X2 included in PS and PG regressions where used","Multistage selection (empirical)","Good overlap","1","PGM","Source nearest-neighbor bootstrap interval, B=200, divisor 199",1000,0,1000,0,1000,0,0,1000,0,0,0,0,TRUE,TRUE,TRUE,TRUE,TRUE,TRUE,TRUE,TRUE
"prospective","GoodOverlap","PATE","CorCor","DSM_M1",1000,TRUE,"inclusive",0.866391828860284,"all_requested","defined",0.917548779935655,0.0511569510753712,0.0511569510753712,5.90459759329296,0.00328859272360698,0.0573462529168818,0.00181344774493421,0.209310347180877,0.00590233777421129,0.0768266735854891,0.0016157285449759,0.000153710861793608,1,0,0.818,0.0122014753206323,0.792661150509835,0.841450346688562,1000,0.818,0.0122014753206323,1000,0.209802463474121,0.00287812327278308,0.875183859686435,0,"CorCor","PSM_M1",0.00757770737570927,2.30424014543155,0.129388383843336,-0.00396560697663967,0.00239345008934555,-0.00470628830031957,0.000429673656344068,-0.14,0.0122699042600401,"defined","X1X2 included in PS and PG regressions where used","Multistage selection (empirical)","Good overlap","1","DSM","Source nearest-neighbor bootstrap interval, B=200, divisor 199",1000,0,1000,0,1000,0,0,1000,0,0,0,0,TRUE,TRUE,TRUE,TRUE,TRUE,TRUE,TRUE,TRUE
"prospective","GoodOverlap","PATE","CorCor","SWPSM_full",1000,TRUE,"inclusive",0.866391828860284,"all_requested","defined",0.860990693865988,-0.0054011349942961,0.0054011349942961,-0.623405578674623,0.00383334191092013,0.0619139880069127,0.00195789221126193,0.225982303392391,0.00385868082823582,0.0621182809504241,0.00141784044978706,0.00017537282745129,1,0,0.92,0.00857904423581089,0.901420220952098,0.936058017153327,1000,0.92,0.00857904423581089,1000,0.219853630095343,0.00316127764176347,0.824679278610099,0,"CorCor","PSM_M1",0.00757770737570927,1.97678880512131,0.110791757639202,-0.0605236930463069,0.0024459045070932,-0.00674994524629504,0.000478802095962471,-0.038,0.0101320609284912,"defined","X1X2 included in PS and PG regressions where used","Multistage selection (empirical)","Good overlap","full","SWPSM","Source full-matching interval",1000,0,1000,0,1000,0,0,1000,0,0,0,0,TRUE,TRUE,TRUE,TRUE,TRUE,TRUE,TRUE,TRUE
"prospective","PoorOverlap","PATE","CorCor","WDSM_M3",1000,TRUE,"inclusive",0.866391828860284,"all_requested","defined",0.863587486082341,-0.00280434277794287,0.00280434277794287,-0.323680658626699,0.0114818963954226,0.107153611210367,0.00338849470936913,0.391104185946284,0.0114782788374434,0.107136729637615,0.00251010423757943,0.000537908398108315,1,0,0.94,0.00750999334220744,0.923439509596065,0.953904964577516,1000,0.94,0.00750999334220744,1000,0.413649262638491,0.0113322392345099,0.986965815074561,0,"CorCor","PSM_M1",0.12591407450154,10.9663134176804,0.75927772499808,-0.0943043268490618,0.0109581616893434,-0.12268212867461,0.00650889987388345,-0.023,0.00930363141776143,"defined","X1X2 included in PS and PG regressions where used","Multistage selection (empirical)","Poor overlap","3","WDSM","Common-count fixed-graph weighted bootstrap, B=200, divisor 200",1000,0,1000,0,1000,0,0,1000,0,0,0,0,TRUE,TRUE,TRUE,TRUE,TRUE,TRUE,TRUE,TRUE
"prospective","PoorOverlap","PATE","CorCor","WM_PS_M3",1000,TRUE,"inclusive",0.866391828860284,"all_requested","defined",0.853923160363282,-0.0124686684970018,0.0124686684970018,-1.43914890257033,0.0239357649753303,0.154711877292373,0.00489241913324383,0.564688974465478,0.0240672969044431,0.155136381627403,0.00346280110340265,0.00105989301343938,1,0,0.954,0.00662449998113065,0.939116447286257,0.966128501452322,1000,0.954,0.00662449998113065,1000,0.58649822181624,0.0246979574472077,1.03184324681759,0,"CorCor","PSM_M1",0.12591407450154,5.26049928344945,0.326104879844248,-0.103968652568121,0.0105899721846843,-0.11009311060761,0.0064378421575712,-0.009,0.00842555576742508,"defined","X1X2 included in PS and PG regressions where used","Multistage selection (empirical)","Poor overlap","3","WM--PS","Common-count fixed-graph weighted bootstrap, B=200, divisor 200",1000,0,1000,0,1000,0,0,1000,0,0,0,0,TRUE,TRUE,TRUE,TRUE,TRUE,TRUE,TRUE,TRUE
"prospective","PoorOverlap","PATE","CorCor","WM_DSM_M3",1000,TRUE,"inclusive",0.866391828860284,"all_requested","defined",0.863587486082339,-0.00280434277794477,0.00280434277794477,-0.323680658626918,0.0114818963954218,0.107153611210364,0.00338849470936901,0.39110418594627,0.0114782788374426,0.107136729637611,0.00251010423757941,0.000537908398108292,1,0,0.94,0.00750999334220744,0.923439509596065,0.953904964577516,1000,0.94,0.00750999334220744,1000,0.413649262638413,0.011332239234506,0.986965815074286,0,"CorCor","PSM_M1",0.12591407450154,10.9663134176812,0.759277724998132,-0.0943043268490636,0.0109581616893435,-0.12268212867461,0.00650889987388343,-0.023,0.00930363141776143,"defined","X1X2 included in PS and PG regressions where used","Multistage selection (empirical)","Poor overlap","3","WM--DSM","Common-count fixed-graph weighted bootstrap, B=200, divisor 200",1000,0,1000,0,1000,0,0,1000,0,0,0,0,TRUE,TRUE,TRUE,TRUE,TRUE,TRUE,TRUE,TRUE
"prospective","PoorOverlap","PATE","CorCor","WM_X6_M3",1000,TRUE,"inclusive",0.866391828860284,"all_requested","defined",0.855603465337667,-0.0107883635226162,0.0107883635226162,-1.24520605611067,0.0127165463056286,0.112767665159959,0.00356602668324686,0.411595142573988,0.0128202185468191,0.113226403929557,0.00257962503332254,0.00057778620868416,1,0,0.948,0.00702111102319284,0.932364985949493,0.96092346505602,1000,0.948,0.00702111102319284,1000,0.446423582939498,0.0131161890854341,1.03142699048944,0,"CorCor","PSM_M1",0.12591407450154,9.90159367766444,0.663281441146828,-0.102288347593735,0.0109993316249037,-0.121340188965234,0.0064985306061123,-0.015,0.00876651879892195,"defined","X1X2 included in PS and PG regressions where used","Multistage selection (empirical)","Poor overlap","3","WM--X6","Common-count fixed-graph weighted bootstrap, B=200, divisor 200",1000,0,1000,0,1000,0,0,1000,0,0,0,0,TRUE,TRUE,TRUE,TRUE,TRUE,TRUE,TRUE,TRUE
"prospective","PoorOverlap","PATE","CorCor","PSM_M1",1000,TRUE,"inclusive",0.866391828860284,"all_requested","defined",0.957891812931403,0.0914999840711189,0.0914999840711189,10.5610395923845,0.12591407450154,0.354843732509875,0.0112211440816674,1.295158115287,0.134160407512053,0.366279138789057,0.00885626782012744,0.00641600229775848,1,0,0.963,0.00596917079668525,0.949358876940075,0.973817291156263,1000,0.963,0.00596917079668525,1000,1.46972570551448,0.162712628318525,1.29225131473714,0,"CorCor","PSM_M1",0.12591407450154,1,0,0,0,0,0,0,0,"defined","X1X2 included in PS and PG regressions where used","Multistage selection (empirical)","Poor overlap","1","PSM","Source nearest-neighbor bootstrap interval, B=200, divisor 199",1000,0,1000,0,1000,0,0,1000,0,0,0,0,TRUE,TRUE,TRUE,TRUE,TRUE,TRUE,TRUE,TRUE
"prospective","PoorOverlap","PATE","CorCor","PGM_M1",1000,TRUE,"inclusive",0.866391828860284,"all_requested","defined",0.915110776937996,0.0487189480777128,0.0487189480777128,5.62320031824415,0.00579135592713292,0.0761009587793276,0.00240652361865262,0.277763886787615,0.00815910047300466,0.0903277392222603,0.00198294318420598,0.0002627024840644,1,0,0.891,0.00985489725973843,0.870021634657065,0.90964185232308,1000,0.891,0.00985489725973843,1000,0.28775855964276,0.00544892735362813,0.940872469623135,0,"CorCor","PSM_M1",0.12591407450154,21.7417261321521,1.44922981863939,-0.0427810359934061,0.0110430823219233,-0.126001307039048,0.0064782593386277,-0.072,0.0110877833194439,"defined","X1X2 included in PS and PG regressions where used","Multistage selection (empirical)","Poor overlap","1","PGM","Source nearest-neighbor bootstrap interval, B=200, divisor 199",1000,0,1000,0,1000,0,0,1000,0,0,0,0,TRUE,TRUE,TRUE,TRUE,TRUE,TRUE,TRUE,TRUE
"prospective","PoorOverlap","PATE","CorCor","DSM_M1",1000,TRUE,"inclusive",0.866391828860284,"all_requested","defined",0.91206622628842,0.045674397428136,0.045674397428136,5.2717945745425,0.0163465346706966,0.127853567297501,0.00404308479637721,0.466657770964413,0.0184163387164492,0.135706811606673,0.00284841643551912,0.000710908947383071,1,0,0.92,0.00857904423581089,0.901420220952098,0.936058017153327,1000,0.92,0.00857904423581089,1000,0.496733600894921,0.0166203553566479,1.01675099288427,0,"CorCor","PSM_M1",0.12591407450154,7.70279921941242,0.488266938643971,-0.0458255866429829,0.0105188890927373,-0.115744068795604,0.00641650530505118,-0.043,0.00975941833544634,"defined","X1X2 included in PS and PG regressions where used","Multistage selection (empirical)","Poor overlap","1","DSM","Source nearest-neighbor bootstrap interval, B=200, divisor 199",1000,0,1000,0,1000,0,0,1000,0,0,0,0,TRUE,TRUE,TRUE,TRUE,TRUE,TRUE,TRUE,TRUE
"prospective","PoorOverlap","PATE","CorCor","SWPSM_full",1000,TRUE,"inclusive",0.866391828860284,"all_requested","defined",0.851188432958786,-0.0152033959014974,0.0152033959014974,-1.75479447001446,0.0265327511802111,0.162888769349551,0.00515099516406404,0.594534134842897,0.0267373616759686,0.163515631289393,0.00359149709962939,0.00116132220653009,1,0,0.842,0.0115341232870123,0.817892397512141,0.864073483815035,1000,0.842,0.0115341232870123,1000,0.457420364278419,0.0146818623086152,0.553348659884367,0,"CorCor","PSM_M1",0.12591407450154,4.74560944118941,0.291079884648322,-0.106703379972616,0.00999341320979275,-0.107423045836084,0.00642974145504665,-0.121,0.0123495551139104,"defined","X1X2 included in PS and PG regressions where used","Multistage selection (empirical)","Poor overlap","full","SWPSM","Source full-matching interval",1000,0,1000,0,1000,0,0,1000,0,0,0,0,TRUE,TRUE,TRUE,TRUE,TRUE,TRUE,TRUE,TRUE
"retrospective","GoodOverlap","PATT","CorCor","WDSM_M3",1000,TRUE,"inclusive",1.03507218631865,"all_requested","defined",1.0324426401369,-0.00262954618175253,0.00262954618175253,-0.254044714611142,0.00287806881927142,0.0536476357286267,0.00169648719985487,0.163900375478991,0.00288210526357412,0.0536852425120174,0.00113681012000574,0.000122032884091212,1,0,0.941,0.00745110730026082,0.924550926915759,0.954786645597203,1000,0.941,0.00745110730026082,1000,0.20215023167192,0.00266738586412488,0.926797110014945,0,"CorCor","PSM_M1",0.00658007194057743,2.28628026422355,0.116969687452732,-0.0643537539897059,0.00204922659405833,-0.00750126443458215,0.000410555492193362,-0.02,0.00881349406748979,"defined","X1X2 included in PS and PG regressions where used","Bernoulli selection","Good overlap","3","WDSM","Common-count fixed-graph weighted bootstrap, B=200, divisor 200",1000,0,1000,0,1000,0,0,1000,0,0,0,0,TRUE,TRUE,TRUE,TRUE,TRUE,TRUE,TRUE,TRUE
"retrospective","GoodOverlap","PATT","CorCor","WM_PS_M3",1000,TRUE,"inclusive",1.03507218631865,"all_requested","defined",1.03314325901785,-0.00192892730080393,0.00192892730080393,-0.186356790019098,0.00289780227732354,0.0538312388611254,0.00170229324069725,0.164461306486424,0.002898625235578,0.0538388821910151,0.00114962048640966,0.000123699049742558,1,0,0.946,0.00714730718522718,0.930125994422933,0.959176648874369,1000,0.946,0.00714730718522718,1000,0.203436913934527,0.00270130910435341,0.932192346417914,0,"CorCor","PSM_M1",0.00658007194057743,2.27071114964231,0.117786594686648,-0.0636531351087573,0.00203061606761708,-0.00748474446257826,0.000411989378629207,-0.015,0.00876651879892195,"defined","X1X2 included in PS and PG regressions where used","Bernoulli selection","Good overlap","3","WM--PS","Common-count fixed-graph weighted bootstrap, B=200, divisor 200",1000,0,1000,0,1000,0,0,1000,0,0,0,0,TRUE,TRUE,TRUE,TRUE,TRUE,TRUE,TRUE,TRUE
"retrospective","GoodOverlap","PATT","CorCor","WM_DSM_M3",1000,TRUE,"inclusive",1.03507218631865,"all_requested","defined",1.0324426401369,-0.00262954618175253,0.00262954618175253,-0.254044714611142,0.00287806881927142,0.0536476357286267,0.00169648719985487,0.163900375478991,0.00288210526357412,0.0536852425120174,0.00113681012000574,0.000122032884091212,1,0,0.941,0.00745110730026082,0.924550926915759,0.954786645597203,1000,0.941,0.00745110730026082,1000,0.20215023167192,0.00266738586412488,0.926797110014945,0,"CorCor","PSM_M1",0.00658007194057743,2.28628026422355,0.116969687452732,-0.0643537539897059,0.00204922659405833,-0.00750126443458215,0.000410555492193362,-0.02,0.00881349406748979,"defined","X1X2 included in PS and PG regressions where used","Bernoulli selection","Good overlap","3","WM--DSM","Common-count fixed-graph weighted bootstrap, B=200, divisor 200",1000,0,1000,0,1000,0,0,1000,0,0,0,0,TRUE,TRUE,TRUE,TRUE,TRUE,TRUE,TRUE,TRUE
"retrospective","GoodOverlap","PATT","CorCor","WM_X6_M3",1000,TRUE,"inclusive",1.03507218631865,"all_requested","defined",1.03292952883093,-0.00214265748772676,0.00214265748772676,-0.207005609468395,0.00296943686366819,0.0544925395230227,0.00172320540379497,0.166481664426105,0.00297105840791423,0.0545074160817978,0.00115064076749319,0.000125628809920586,1,0,0.936,0.0077397674383666,0.919004925632949,0.950366910708151,1000,0.936,0.0077397674383666,1000,0.202102662254839,0.00266597706620652,0.897805607125521,0,"CorCor","PSM_M1",0.00658007194057743,2.21593259687932,0.114880628984861,-0.0638668652956801,0.0020803697793529,-0.00741231129024203,0.000412698720194605,-0.025,0.00896969650854785,"defined","X1X2 included in PS and PG regressions where used","Bernoulli selection","Good overlap","3","WM--X6","Common-count fixed-graph weighted bootstrap, B=200, divisor 200",1000,0,1000,0,1000,0,0,1000,0,0,0,0,TRUE,TRUE,TRUE,TRUE,TRUE,TRUE,TRUE,TRUE
"retrospective","GoodOverlap","PATT","CorCor","PSM_M1",1000,TRUE,"inclusive",1.03507218631865,"all_requested","defined",1.09679639412661,0.0617242078079533,0.0617242078079533,5.96327566558254,0.00658007194057743,0.0811176425975104,0.0025651650903163,0.247824753115973,0.0103833696981563,0.101898820886977,0.0020510439708202,0.000300954563517594,1,0,0.961,0.00612200947402077,0.947069064214555,0.972122851204664,1000,0.961,0.00612200947402077,1000,0.412838577310772,0.0111480179835092,1.69420913390971,0,"CorCor","PSM_M1",0.00658007194057743,1,0,0,0,0,0,0,0,"defined","X1X2 included in PS and PG regressions where used","Bernoulli selection","Good overlap","1","PSM","Source nearest-neighbor bootstrap interval, B=200, divisor 199",1000,0,1000,0,1000,0,0,1000,0,0,0,0,TRUE,TRUE,TRUE,TRUE,TRUE,TRUE,TRUE,TRUE
"retrospective","GoodOverlap","PATT","CorCor","PGM_M1",1000,TRUE,"inclusive",1.03507218631865,"all_requested","defined",1.09531939068637,0.060247204367717,0.060247204367717,5.82057997152767,0.00332178686723738,0.0576349448445765,0.00182257698527041,0.176082113823636,0.0069481907144956,0.0833558079229972,0.00155561123303645,0.000140957798002912,1,0,0.803,0.0125774003673255,0.77697174292461,0.827230249464335,1000,0.803,0.0125774003673255,1000,0.220393501563934,0.00317017041223186,0.954356958749852,0,"CorCor","PSM_M1",0.00658007194057743,1.98088324253322,0.104089135087922,-0.00147700344023635,0.00214517336099872,-0.00343517898366067,0.000384531069733805,-0.158,0.0126172578318427,"defined","X1X2 included in PS and PG regressions where used","Bernoulli selection","Good overlap","1","PGM","Source nearest-neighbor bootstrap interval, B=200, divisor 199",1000,0,1000,0,1000,0,0,1000,0,0,0,0,TRUE,TRUE,TRUE,TRUE,TRUE,TRUE,TRUE,TRUE
"retrospective","GoodOverlap","PATT","CorCor","DSM_M1",1000,TRUE,"inclusive",1.03507218631865,"all_requested","defined",1.09444079988315,0.0593686135644988,0.0593686135644988,5.7356978913374,0.00348691607872291,0.0590501149763734,0.0018673285942016,0.180405639228212,0.00700806143921498,0.083714165104927,0.00166805817728384,0.000158281593448007,1,0,0.812,0.0123554036761249,0.786378459836871,0.835769276598681,1000,0.812,0.0123554036761249,1000,0.222359003464893,0.00322777339760878,0.925681411521368,0,"CorCor","PSM_M1",0.00658007194057743,1.88707493728596,0.102637226292402,-0.00235559424345454,0.00208214196874085,-0.00337530825894128,0.000381265984355388,-0.149,0.0122044232943613,"defined","X1X2 included in PS and PG regressions where used","Bernoulli selection","Good overlap","1","DSM","Source nearest-neighbor bootstrap interval, B=200, divisor 199",1000,0,1000,0,1000,0,0,1000,0,0,0,0,TRUE,TRUE,TRUE,TRUE,TRUE,TRUE,TRUE,TRUE
"retrospective","GoodOverlap","PATT","CorCor","SWPSM_full",1000,TRUE,"inclusive",1.03507218631865,"all_requested","defined",1.03294237109218,-0.00212981522647408,0.00212981522647408,-0.205764897813456,0.00300350590505579,0.0548042507936728,0.00173306257967097,0.16743398214909,0.00300503851204965,0.0548182315662376,0.00118845859534693,0.000130154587297265,1,0,0.907,0.00918428004799505,0.887280582298844,0.924281597393135,1000,0.907,0.00918428004799505,1000,0.179770156412651,0.00210568629469683,0.701076129450033,0,"CorCor","PSM_M1",0.00658007194057743,2.1907970713496,0.115298892480796,-0.0638540230344274,0.0020581162082061,-0.00737833118610661,0.000414379390778323,-0.054,0.0103533178832291,"defined","X1X2 included in PS and PG regressions where used","Bernoulli selection","Good overlap","full","SWPSM","Source full-matching interval",1000,0,1000,0,1000,0,0,1000,0,0,0,0,TRUE,TRUE,TRUE,TRUE,TRUE,TRUE,TRUE,TRUE
"retrospective","PoorOverlap","PATT","CorCor","WDSM_M3",1000,TRUE,"inclusive",1.18185416619657,"all_requested","defined",1.18538908756807,0.00353492137149622,0.00353492137149622,0.299099624353169,0.00591502131929378,0.0769091757808767,0.00243208168433829,0.205785261320793,0.00592160196707715,0.0769519458303502,0.00180054805022915,0.000278140727713813,1,0,0.948,0.00702111102319284,0.932364985949493,0.96092346505602,1000,0.948,0.00702111102319284,1000,0.306021262350009,0.00615126898986021,1.03994029062851,0,"CorCor","PSM_M1",0.0556480920523005,9.40792755400323,0.632999747733202,-0.0491147335812792,0.00703815985311164,-0.0524428281598174,0.00307273778107749,-0.013,0.00899510488609843,"defined","X1X2 included in PS and PG regressions where used","Bernoulli selection","Poor overlap","3","WDSM","Common-count fixed-graph weighted bootstrap, B=200, divisor 200",1000,0,1000,0,1000,0,0,1000,0,0,0,0,TRUE,TRUE,TRUE,TRUE,TRUE,TRUE,TRUE,TRUE
"retrospective","PoorOverlap","PATT","CorCor","WM_PS_M3",1000,TRUE,"inclusive",1.18185416619657,"all_requested","defined",1.1791604697076,-0.00269369648897301,0.00269369648897301,-0.22792122463314,0.00885755538041817,0.094114586438119,0.0029761645418925,0.251821639844987,0.00885595382581246,0.0941060775179396,0.00225220696516606,0.000423747690347618,1,0,0.948,0.00702111102319284,0.932364985949493,0.96092346505602,1000,0.948,0.00702111102319284,1000,0.362276261916818,0.00896559433504311,1.01219737839447,0,"CorCor","PSM_M1",0.0556480920523005,6.28255649130058,0.417602924967481,-0.0553433514417484,0.00665433465212879,-0.0495084763010821,0.00305437637108369,-0.013,0.00888312500812129,"defined","X1X2 included in PS and PG regressions where used","Bernoulli selection","Poor overlap","3","WM--PS","Common-count fixed-graph weighted bootstrap, B=200, divisor 200",1000,0,1000,0,1000,0,0,1000,0,0,0,0,TRUE,TRUE,TRUE,TRUE,TRUE,TRUE,TRUE,TRUE
"retrospective","PoorOverlap","PATT","CorCor","WM_DSM_M3",1000,TRUE,"inclusive",1.18185416619657,"all_requested","defined",1.18538908756806,0.00353492137149414,0.00353492137149414,0.299099624352993,0.00591502131929257,0.0769091757808687,0.00243208168433804,0.205785261320772,0.00592160196707592,0.0769519458303422,0.00180054805022907,0.000278140727713765,1,0,0.948,0.00702111102319284,0.932364985949493,0.96092346505602,1000,0.948,0.00702111102319284,1000,0.3060212623499,0.00615126898985589,1.03994029062799,0,"CorCor","PSM_M1",0.0556480920523005,9.40792755400516,0.632999747733305,-0.0491147335812813,0.00703815985311155,-0.0524428281598186,0.00307273778107745,-0.013,0.00899510488609843,"defined","X1X2 included in PS and PG regressions where used","Bernoulli selection","Poor overlap","3","WM--DSM","Common-count fixed-graph weighted bootstrap, B=200, divisor 200",1000,0,1000,0,1000,0,0,1000,0,0,0,0,TRUE,TRUE,TRUE,TRUE,TRUE,TRUE,TRUE,TRUE
"retrospective","PoorOverlap","PATT","CorCor","WM_X6_M3",1000,TRUE,"inclusive",1.18185416619657,"all_requested","defined",1.18379007147215,0.00193590527558408,0.00193590527558408,0.163802381965127,0.00493610199861,0.0702573981770603,0.00222173400716872,0.187987153636619,0.00493491362584742,0.0702489403894993,0.00160208031266867,0.000225203473196777,1,0,0.947,0.00708456067798138,0.931244816710037,0.960050747639981,1000,0.947,0.00708456067798138,1000,0.276034569185563,0.00497726242721638,1.00833865033947,0,"CorCor","PSM_M1",0.0556480920523005,11.273691683837,0.764207478410519,-0.0507137496771913,0.00719535131605049,-0.0534295165010471,0.00308095221325922,-0.014,0.00904908204658826,"defined","X1X2 included in PS and PG regressions where used","Bernoulli selection","Poor overlap","3","WM--X6","Common-count fixed-graph weighted bootstrap, B=200, divisor 200",1000,0,1000,0,1000,0,0,1000,0,0,0,0,TRUE,TRUE,TRUE,TRUE,TRUE,TRUE,TRUE,TRUE
"retrospective","PoorOverlap","PATT","CorCor","PSM_M1",1000,TRUE,"inclusive",1.18185416619657,"all_requested","defined",1.23450382114935,0.0526496549527754,0.0526496549527754,4.45483516144906,0.0556480920523005,0.235898478274661,0.00745976487915675,0.631191655664563,0.0583644301268945,0.241587313671257,0.00640380702040173,0.00302503302384951,1,0,0.961,0.00612200947402077,0.947069064214555,0.972122851204664,1000,0.961,0.00612200947402077,1000,0.934618572273202,0.0652088782130698,1.17180797774313,0,"CorCor","PSM_M1",0.0556480920523005,1,0,0,0,0,0,0,0,"defined","X1X2 included in PS and PG regressions where used","Bernoulli selection","Poor overlap","1","PSM","Source nearest-neighbor bootstrap interval, B=200, divisor 199",1000,0,1000,0,1000,0,0,1000,0,0,0,0,TRUE,TRUE,TRUE,TRUE,TRUE,TRUE,TRUE,TRUE
"retrospective","PoorOverlap","PATT","CorCor","PGM_M1",1000,TRUE,"inclusive",1.18185416619657,"all_requested","defined",1.22262055575423,0.0407663895576615,0.0407663895576615,3.44935870462389,0.00394286069697345,0.0627922025172987,0.00198566379253222,0.168012589820829,0.00560081635384349,0.074838602030259,0.00162208790259204,0.00017618685493672,1,0,0.901,0.00944452222190196,0.880791517313793,0.918808871053031,1000,0.901,0.00944452222190196,1000,0.244253633926645,0.00389411441204342,0.987636822937354,0,"CorCor","PSM_M1",0.0556480920523005,14.1136338128852,0.968714029847574,-0.011883265395114,0.00729083469582358,-0.052763613773051,0.0030800467455637,-0.06,0.0105123979429296,"defined","X1X2 included in PS and PG regressions where used","Bernoulli selection","Poor overlap","1","PGM","Source nearest-neighbor bootstrap interval, B=200, divisor 199",1000,0,1000,0,1000,0,0,1000,0,0,0,0,TRUE,TRUE,TRUE,TRUE,TRUE,TRUE,TRUE,TRUE
"retrospective","PoorOverlap","PATT","CorCor","DSM_M1",1000,TRUE,"inclusive",1.18185416619657,"all_requested","defined",1.2246114183454,0.0427572521488305,0.0427572521488305,3.61781117939715,0.011092919396332,0.105322929110104,0.0033306034582838,0.28181171193078,0.0129100090882543,0.113622220926429,0.0025256606386066,0.000504871073129135,1,0,0.913,0.00891240708226459,0.893792142042979,0.929731513928621,1000,0.913,0.00891240708226459,1000,0.400553549895685,0.0108121567901623,0.974689926417164,0,"CorCor","PSM_M1",0.0556480920523005,5.01654163922811,0.315035964085932,-0.00989240280394489,0.00672729305556119,-0.0454544210386402,0.00300727763349326,-0.048,0.0100894894716134,"defined","X1X2 included in PS and PG regressions where used","Bernoulli selection","Poor overlap","1","DSM","Source nearest-neighbor bootstrap interval, B=200, divisor 199",1000,0,1000,0,1000,0,0,1000,0,0,0,0,TRUE,TRUE,TRUE,TRUE,TRUE,TRUE,TRUE,TRUE
"retrospective","PoorOverlap","PATT","CorCor","SWPSM_full",1000,TRUE,"inclusive",1.18185416619657,"all_requested","defined",1.17545084234725,-0.00640332384932438,0.00640332384932438,-0.541803213329736,0.0122527310468978,0.110692055030602,0.00350039012781401,0.296177838851212,0.0122814808721702,0.110821842937979,0.00261864378811145,0.000581284251977807,1,0,0.856,0.0111024321659716,0.832693083184209,0.877187248892484,1000,0.856,0.0111024321659716,1000,0.325151455193646,0.00714472306927959,0.583112698869575,0,"CorCor","PSM_M1",0.0556480920523005,4.54168885608486,0.286067093970189,-0.0590529788020998,0.00639376490250978,-0.0460829492547243,0.00300987223635413,-0.105,0.0124148753166969,"defined","X1X2 included in PS and PG regressions where used","Bernoulli selection","Poor overlap","full","SWPSM","Source full-matching interval",1000,0,1000,0,1000,0,0,1000,0,0,0,0,TRUE,TRUE,TRUE,TRUE,TRUE,TRUE,TRUE,TRUE
"prospective","GoodOverlap","PATT","CorCor","WDSM_M3",1000,TRUE,"inclusive",1.03507218631865,"all_requested","defined",1.02895801377817,-0.00611417254047919,0.00611417254047919,-0.590700109740647,0.00383848282759619,0.0619554906977275,0.00195920464158193,0.189281932939389,0.00387202745062335,0.0622256173181379,0.00141165821258058,0.000174185144397906,1,0,0.937,0.00768316341099159,0.920111958126645,0.951253072443419,1000,0.937,0.00768316341099159,1000,0.230041668830667,0.00345623904643139,0.900418004109144,0,"CorCor","PSM_M1",0.00607209848913143,1.58190065238197,0.087753377182772,-0.0667773534300485,0.00219706126463102,-0.00587402045565956,0.000418309876813369,-0.02,0.00947046406939436,"defined","X1X2 included in PS and PG regressions where used","Multistage selection (empirical)","Good overlap","3","WDSM","Common-count fixed-graph weighted bootstrap, B=200, divisor 200",1000,0,1000,0,1000,0,0,1000,0,0,0,0,TRUE,TRUE,TRUE,TRUE,TRUE,TRUE,TRUE,TRUE
"prospective","GoodOverlap","PATT","CorCor","WM_PS_M3",1000,TRUE,"inclusive",1.03507218631865,"all_requested","defined",1.02767046258631,-0.00740172373234661,0.00740172373234661,-0.715092515302885,0.00394714753467109,0.0628263283558023,0.00198674294629957,0.1919424531506,0.0039979859013464,0.063229628350532,0.00141035504657686,0.00017700414849086,1,0,0.94,0.00750999334220744,0.923439509596065,0.953904964577516,1000,0.94,0.00750999334220744,1000,0.231146356370479,0.00348926957029857,0.883997757785694,0,"CorCor","PSM_M1",0.00607209848913143,1.5383510334476,0.0810334136334933,-0.068064904621916,0.00210923902088564,-0.00574806200493651,0.000414556048365633,-0.017,0.00887636129220695,"defined","X1X2 included in PS and PG regressions where used","Multistage selection (empirical)","Good overlap","3","WM--PS","Common-count fixed-graph weighted bootstrap, B=200, divisor 200",1000,0,1000,0,1000,0,0,1000,0,0,0,0,TRUE,TRUE,TRUE,TRUE,TRUE,TRUE,TRUE,TRUE
"prospective","GoodOverlap","PATT","CorCor","WM_DSM_M3",1000,TRUE,"inclusive",1.03507218631865,"all_requested","defined",1.02895801377817,-0.00611417254047919,0.00611417254047919,-0.590700109740646,0.00383848282759619,0.0619554906977275,0.00195920464158193,0.189281932939389,0.00387202745062335,0.0622256173181379,0.00141165821258058,0.000174185144397906,1,0,0.937,0.00768316341099159,0.920111958126645,0.951253072443419,1000,0.937,0.00768316341099159,1000,0.230041668830666,0.00345623904643139,0.900418004109144,0,"CorCor","PSM_M1",0.00607209848913143,1.58190065238197,0.087753377182772,-0.0667773534300485,0.00219706126463102,-0.00587402045565956,0.000418309876813369,-0.02,0.00947046406939436,"defined","X1X2 included in PS and PG regressions where used","Multistage selection (empirical)","Good overlap","3","WM--DSM","Common-count fixed-graph weighted bootstrap, B=200, divisor 200",1000,0,1000,0,1000,0,0,1000,0,0,0,0,TRUE,TRUE,TRUE,TRUE,TRUE,TRUE,TRUE,TRUE
"prospective","GoodOverlap","PATT","CorCor","WM_X6_M3",1000,TRUE,"inclusive",1.03507218631865,"all_requested","defined",1.02896422050614,-0.00610796581251065,0.00610796581251065,-0.590100467701127,0.00373347746846658,0.0611021887371196,0.00193222086430785,0.186674986522438,0.00376705123736491,0.0613763084370909,0.00139757010529305,0.000172192396189038,1,0,0.939,0.00756828910652864,0.922329225950876,0.95302212445892,1000,0.939,0.00756828910652864,1000,0.229906472524068,0.00345150997612526,0.924475908928644,0,"CorCor","PSM_M1",0.00607209848913143,1.62639216130729,0.0906500245744919,-0.06677114670208,0.00219431370634581,-0.00597899666891799,0.000414823604631832,-0.018,0.00926076464239113,"defined","X1X2 included in PS and PG regressions where used","Multistage selection (empirical)","Good overlap","3","WM--X6","Common-count fixed-graph weighted bootstrap, B=200, divisor 200",1000,0,1000,0,1000,0,0,1000,0,0,0,0,TRUE,TRUE,TRUE,TRUE,TRUE,TRUE,TRUE,TRUE
"prospective","GoodOverlap","PATT","CorCor","PSM_M1",1000,TRUE,"inclusive",1.03507218631865,"all_requested","defined",1.09573536720822,0.0606631808895693,0.0606631808895693,5.86076813688953,0.00607209848913143,0.0779236709166825,0.00246416283738137,0.238066761908214,0.00974604790628291,0.0987220740578464,0.00209786873129991,0.000292108625197696,1,0,0.957,0.00641490451994416,0.942513742038028,0.968708829543907,1000,0.957,0.00641490451994416,1000,0.404043594320866,0.010674771553288,1.75800369055196,0,"CorCor","PSM_M1",0.00607209848913143,1,0,0,0,0,0,0,0,"defined","X1X2 included in PS and PG regressions where used","Multistage selection (empirical)","Good overlap","1","PSM","Source nearest-neighbor bootstrap interval, B=200, divisor 199",1000,0,1000,0,1000,0,0,1000,0,0,0,0,TRUE,TRUE,TRUE,TRUE,TRUE,TRUE,TRUE,TRUE
"prospective","GoodOverlap","PATT","CorCor","PGM_M1",1000,TRUE,"inclusive",1.03507218631865,"all_requested","defined",1.09118513263958,0.0561129463209271,0.0561129463209271,5.42116260707371,0.00350720086780038,0.0592216250013488,0.00187275221740634,0.18092962424843,0.00665235641174782,0.0815619789592419,0.00161873653493397,0.000157265791808081,1,0,0.807,0.0124800240384384,0.781149996417945,0.831027896730205,1000,0.807,0.0124800240384384,1000,0.219767277797072,0.00315210169702425,0.898751401998016,0,"CorCor","PSM_M1",0.00607209848913143,1.73132327403297,0.0899250949063064,-0.00455023456864226,0.00212107290351912,-0.00309369149453508,0.000362785196962803,-0.15,0.0124762035754333,"defined","X1X2 included in PS and PG regressions where used","Multistage selection (empirical)","Good overlap","1","PGM","Source nearest-neighbor bootstrap interval, B=200, divisor 199",1000,0,1000,0,1000,0,0,1000,0,0,0,0,TRUE,TRUE,TRUE,TRUE,TRUE,TRUE,TRUE,TRUE
"prospective","GoodOverlap","PATT","CorCor","DSM_M1",1000,TRUE,"inclusive",1.03507218631865,"all_requested","defined",1.09311825968117,0.0580460733625183,0.0580460733625183,5.60792514085085,0.0034848872467806,0.0590329335776277,0.00186678527066736,0.180353147861772,0.00685074899234068,0.08276925149076,0.00165092303371704,0.000154054758312068,1,0,0.814,0.01230463327369,0.788471640730062,0.837664022358392,1000,0.814,0.01230463327369,1000,0.221795297190255,0.00321162906113457,0.921587653689952,0,"CorCor","PSM_M1",0.00607209848913143,1.74240888130339,0.092848997555905,-0.00261710752705105,0.0021089527440478,-0.00289529891394223,0.00036755772652078,-0.143,0.0121942486320273,"defined","X1X2 included in PS and PG regressions where used","Multistage selection (empirical)","Good overlap","1","DSM","Source nearest-neighbor bootstrap interval, B=200, divisor 199",1000,0,1000,0,1000,0,0,1000,0,0,0,0,TRUE,TRUE,TRUE,TRUE,TRUE,TRUE,TRUE,TRUE
"prospective","GoodOverlap","PATT","CorCor","SWPSM_full",1000,TRUE,"inclusive",1.03507218631865,"all_requested","defined",1.02773003036653,-0.00734215595212559,0.00734215595212559,-0.709337575598352,0.00406640952612057,0.0637684053910757,0.00201653403792759,0.194820618753134,0.00411625037061978,0.0641580109621533,0.00144314155939684,0.000186239768064221,1,0,0.902,0.00940191469861325,0.881871545568764,0.919722494548995,1000,0.902,0.00940191469861325,1000,0.208392241181851,0.00283285988254376,0.69664893915551,0,"CorCor","PSM_M1",0.00607209848913143,1.49323339179867,0.0826381667308715,-0.0680053368416949,0.00222579634087047,-0.00562979753566313,0.000419149603822324,-0.055,0.0107745575821512,"defined","X1X2 included in PS and PG regressions where used","Multistage selection (empirical)","Good overlap","full","SWPSM","Source full-matching interval",1000,0,1000,0,1000,0,0,1000,0,0,0,0,TRUE,TRUE,TRUE,TRUE,TRUE,TRUE,TRUE,TRUE
"prospective","PoorOverlap","PATT","CorCor","WDSM_M3",1000,TRUE,"inclusive",1.18185416619657,"all_requested","defined",1.17770461860062,-0.00414954759595415,0.00414954759595415,-0.351104875257848,0.00928505871893218,0.0963590095368989,0.00304713943214487,0.257827024627848,0.00929299240546434,0.096400168077988,0.00208231416212044,0.000398888320577259,1,0,0.939,0.00756828910652864,0.922329225950876,0.95302212445892,1000,0.939,0.00756828910652864,1000,0.359803147284908,0.00856103816841305,0.922023050964356,0,"CorCor","PSM_M1",0.0516976678438343,5.5678342387241,0.341213215631246,-0.0829740325467172,0.00676437843249559,-0.0485662771982792,0.00289842524078016,-0.018,0.00957954945536416,"defined","X1X2 included in PS and PG regressions where used","Multistage selection (empirical)","Poor overlap","3","WDSM","Common-count fixed-graph weighted bootstrap, B=200, divisor 200",1000,0,1000,0,1000,0,0,1000,0,0,0,0,TRUE,TRUE,TRUE,TRUE,TRUE,TRUE,TRUE,TRUE
"prospective","PoorOverlap","PATT","CorCor","WM_PS_M3",1000,TRUE,"inclusive",1.18185416619657,"all_requested","defined",1.17036527816993,-0.0114888880266378,0.0114888880266378,-0.972107080149426,0.0142265137626997,0.119274950273306,0.0037718051066697,0.319143022426201,0.0143442817970256,0.119767615810893,0.00260340415230064,0.000618289478238617,1,0,0.938,0.00762600813007697,0.921220050338967,0.952138151886639,1000,0.938,0.00762600813007697,1000,0.425813687542184,0.0126851796908056,0.891657640262138,0,"CorCor","PSM_M1",0.0516976678438343,3.63389574608081,0.219283726694016,-0.0903133729774009,0.0064738880865077,-0.043514987806718,0.00288815973661349,-0.019,0.00983543266642275,"defined","X1X2 included in PS and PG regressions where used","Multistage selection (empirical)","Poor overlap","3","WM--PS","Common-count fixed-graph weighted bootstrap, B=200, divisor 200",1000,0,1000,0,1000,0,0,1000,0,0,0,0,TRUE,TRUE,TRUE,TRUE,TRUE,TRUE,TRUE,TRUE
"prospective","PoorOverlap","PATT","CorCor","WM_DSM_M3",1000,TRUE,"inclusive",1.18185416619657,"all_requested","defined",1.17770461860062,-0.00414954759595305,0.00414954759595305,-0.351104875257755,0.00928505871892928,0.0963590095368839,0.0030471394321444,0.257827024627807,0.00929299240546143,0.0964001680779729,0.00208231416212029,0.000398888320577166,1,0,0.939,0.00756828910652864,0.922329225950876,0.95302212445892,1000,0.939,0.00756828910652864,1000,0.359803147284833,0.00856103816840954,0.922023050964266,0,"CorCor","PSM_M1",0.0516976678438343,5.56783423872584,0.341213215631356,-0.0829740325467161,0.00676437843249566,-0.0485662771982821,0.00289842524078014,-0.018,0.00957954945536416,"defined","X1X2 included in PS and PG regressions where used","Multistage selection (empirical)","Poor overlap","3","WM--DSM","Common-count fixed-graph weighted bootstrap, B=200, divisor 200",1000,0,1000,0,1000,0,0,1000,0,0,0,0,TRUE,TRUE,TRUE,TRUE,TRUE,TRUE,TRUE,TRUE
"prospective","PoorOverlap","PATT","CorCor","WM_X6_M3",1000,TRUE,"inclusive",1.18185416619657,"all_requested","defined",1.17333576772607,-0.00851839847049961,0.00851839847049961,-0.720765616786158,0.00712174549631135,0.0843904348626748,0.00266865986898131,0.225802805905365,0.00718718686331725,0.0847772779895489,0.00181296882096135,0.000301270074883677,1,0,0.932,0.00796090447122687,0.914586949808569,0.946811900239598,1000,0.932,0.00796090447122687,1000,0.318933516516545,0.00665470025771341,0.93441983586189,0,"CorCor","PSM_M1",0.0516976678438343,7.25912880074284,0.452655267016921,-0.0873428834212626,0.00689412854831352,-0.0506720827404263,0.00290202510437312,-0.025,0.00982198918098933,"defined","X1X2 included in PS and PG regressions where used","Multistage selection (empirical)","Poor overlap","3","WM--X6","Common-count fixed-graph weighted bootstrap, B=200, divisor 200",1000,0,1000,0,1000,0,0,1000,0,0,0,0,TRUE,TRUE,TRUE,TRUE,TRUE,TRUE,TRUE,TRUE
"prospective","PoorOverlap","PATT","CorCor","PSM_M1",1000,TRUE,"inclusive",1.18185416619657,"all_requested","defined",1.26067865114733,0.078824484950763,0.078824484950763,6.66956103428861,0.0516976678438343,0.227371211554661,0.00719010902864722,0.6083753168791,0.0578592696037436,0.240539538545628,0.00604596161701416,0.00257801731685503,1,0,0.957,0.00641490451994416,0.942513742038028,0.968708829543907,1000,0.957,0.00641490451994416,1000,0.88603488117839,0.0581521847128507,1.12485121937248,0,"CorCor","PSM_M1",0.0516976678438343,1,0,0,0,0,0,0,0,"defined","X1X2 included in PS and PG regressions where used","Multistage selection (empirical)","Poor overlap","1","PSM","Source nearest-neighbor bootstrap interval, B=200, divisor 199",1000,0,1000,0,1000,0,0,1000,0,0,0,0,TRUE,TRUE,TRUE,TRUE,TRUE,TRUE,TRUE,TRUE
"prospective","PoorOverlap","PATT","CorCor","PGM_M1",1000,TRUE,"inclusive",1.18185416619657,"all_requested","defined",1.2408775202668,0.0590233540702262,0.0590233540702262,4.99413174301991,0.00444720360964582,0.0666873571949423,0.00210883939873235,0.17843482377517,0.00792651273173546,0.0890309650163102,0.00172689577240773,0.000197797934334391,1,0,0.819,0.0121753439376471,0.793709193442431,0.842396258155771,1000,0.819,0.0121753439376471,1000,0.246149974718441,0.003954867327155,0.889293064652367,0,"CorCor","PSM_M1",0.0516976678438343,11.6247584733256,0.784334973001197,-0.0198011308805369,0.00704012014381982,-0.0499327568720081,0.00290984916115966,-0.138,0.0134587197436137,"defined","X1X2 included in PS and PG regressions where used","Multistage selection (empirical)","Poor overlap","1","PGM","Source nearest-neighbor bootstrap interval, B=200, divisor 199",1000,0,1000,0,1000,0,0,1000,0,0,0,0,TRUE,TRUE,TRUE,TRUE,TRUE,TRUE,TRUE,TRUE
"prospective","PoorOverlap","PATT","CorCor","DSM_M1",1000,TRUE,"inclusive",1.18185416619657,"all_requested","defined",1.23799844886911,0.0561442826725389,0.0561442826725389,4.75052542677256,0.0114964307361876,0.10722140987782,0.00339063869148389,0.286891461608635,0.0146371147822653,0.120983944316034,0.00244013635133517,0.000480293092264121,1,0,0.892,0.00981509042240569,0.871096239120002,0.9105609670176,1000,0.892,0.00981509042240569,1000,0.388870969211504,0.0101928264757579,0.886607914200159,0,"CorCor","PSM_M1",0.0516976678438343,4.49684506697409,0.269936541588978,-0.0226802022782242,0.00663618813052372,-0.0432221548214782,0.00281590621862654,-0.065,0.0109952669770177,"defined","X1X2 included in PS and PG regressions where used","Multistage selection (empirical)","Poor overlap","1","DSM","Source nearest-neighbor bootstrap interval, B=200, divisor 199",1000,0,1000,0,1000,0,0,1000,0,0,0,0,TRUE,TRUE,TRUE,TRUE,TRUE,TRUE,TRUE,TRUE
"prospective","PoorOverlap","PATT","CorCor","SWPSM_full",1000,TRUE,"inclusive",1.18185416619657,"all_requested","defined",1.16594382658713,-0.0159103396094437,0.0159103396094437,-1.34621851532209,0.0172191573125561,0.131221786729781,0.00414959724702966,0.351109076374782,0.0174550770617314,0.132117663700701,0.00319097514139622,0.000841207366206618,1,0,0.83,0.0118785521003193,0.805255854928796,0.852782977647531,1000,0.83,0.0118785521003193,1000,0.364954265117311,0.00915854500011416,0.531881138773021,0,"CorCor","PSM_M1",0.0516976678438343,3.00233437127243,0.177028983044893,-0.0947348245602068,0.0061757597440354,-0.0404041925420121,0.00281865237899067,-0.127,0.0131546206347444,"defined","X1X2 included in PS and PG regressions where used","Multistage selection (empirical)","Poor overlap","full","SWPSM","Source full-matching interval",1000,0,1000,0,1000,0,0,1000,0,0,0,0,TRUE,TRUE,TRUE,TRUE,TRUE,TRUE,TRUE,TRUE
