scenario,branch,n,m,d,M,seed,replications
same_sample_d2_m3_n200,same_sample,200,200,2,3,936001,1000
same_sample_d3_m3_n200,same_sample,200,200,3,3,936002,1000
same_sample_d5_m3_n200,same_sample,200,200,5,3,936003,1000
independent_training_d1_m3_n200,independent_training,200,200,1,3,936004,1000
independent_training_d2_m3_n200,independent_training,200,200,2,3,936005,1000
independent_training_d3_m3_n200,independent_training,200,200,3,3,936006,1000
independent_training_d5_m3_n200,independent_training,200,200,5,3,936007,1000
estimated_weights_d1_m3_n200,estimated_weights,200,200,1,3,936008,1000
estimated_weights_d2_m3_n200,estimated_weights,200,200,2,3,936009,1000
estimated_weights_d3_m3_n200,estimated_weights,200,200,3,3,936010,1000
estimated_weights_d5_m3_n200,estimated_weights,200,200,5,3,936011,1000
gaussian_same_sample_d1_m1_n200,gaussian_same_sample,200,200,1,1,936012,1000
gaussian_same_sample_d1_m3_n200,gaussian_same_sample,200,200,1,3,936013,1000
same_sample_d2_m3_n800,same_sample,800,800,2,3,936014,1000
same_sample_d3_m3_n800,same_sample,800,800,3,3,936015,1000
same_sample_d5_m3_n800,same_sample,800,800,5,3,936016,1000
independent_training_d1_m3_n800,independent_training,800,800,1,3,936017,1000
independent_training_d2_m3_n800,independent_training,800,800,2,3,936018,1000
independent_training_d3_m3_n800,independent_training,800,800,3,3,936019,1000
independent_training_d5_m3_n800,independent_training,800,800,5,3,936020,1000
estimated_weights_d1_m3_n800,estimated_weights,800,800,1,3,936021,1000
estimated_weights_d2_m3_n800,estimated_weights,800,800,2,3,936022,1000
estimated_weights_d3_m3_n800,estimated_weights,800,800,3,3,936023,1000
estimated_weights_d5_m3_n800,estimated_weights,800,800,5,3,936024,1000
gaussian_same_sample_d1_m1_n800,gaussian_same_sample,800,800,1,1,936025,1000
gaussian_same_sample_d1_m3_n800,gaussian_same_sample,800,800,1,3,936026,1000
same_sample_d2_m3_n2000,same_sample,2000,2000,2,3,936027,1000
same_sample_d3_m3_n2000,same_sample,2000,2000,3,3,936028,1000
same_sample_d5_m3_n2000,same_sample,2000,2000,5,3,936029,1000
independent_training_d1_m3_n2000,independent_training,2000,2000,1,3,936030,1000
independent_training_d2_m3_n2000,independent_training,2000,2000,2,3,936031,1000
independent_training_d3_m3_n2000,independent_training,2000,2000,3,3,936032,1000
independent_training_d5_m3_n2000,independent_training,2000,2000,5,3,936033,1000
estimated_weights_d1_m3_n2000,estimated_weights,2000,2000,1,3,936034,1000
estimated_weights_d2_m3_n2000,estimated_weights,2000,2000,2,3,936035,1000
estimated_weights_d3_m3_n2000,estimated_weights,2000,2000,3,3,936036,1000
estimated_weights_d5_m3_n2000,estimated_weights,2000,2000,5,3,936037,1000
gaussian_same_sample_d1_m1_n2000,gaussian_same_sample,2000,2000,1,1,936038,1000
gaussian_same_sample_d1_m3_n2000,gaussian_same_sample,2000,2000,1,3,936039,1000
